==================== 2026-07-23T18:42:50.811569Z | 00000000-0000-0000-0000-000000000000 ====================
==================== 2026-07-23T18:42:50.811885Z | 2702a868-f757-4410-a363-76101ec2f5f0 ====================
18:42:50.811919 [info ]: Starting dbt LSP server
18:42:50.811965 [info ]: Connecting to LSP client on port 8000
18:42:50.813361 [info ]: Successfully connected to LSP client
18:42:50.813377 [info ]: Creating LSP service...
18:42:50.816493 [info ]: Creating LSP server...
18:42:50.816517 [info ]: Starting LSP server...
18:42:51.343118 [info ]: Loading ~/.dbt/profiles.yml
18:42:51.380822 [info ]: Waiting for lease on 'target' directory
18:42:51.959364 [info ]: Started loading project
18:42:51.960879 [info ]: Loading ~/.dbt/profiles.yml
18:42:51.968426 [debug]:    Started loading packages
18:42:51.977657 [debug]:     Loaded [  0.01s] packages
18:42:51.979588 [info ]: Finished loading project [  0.02s]
18:42:51.980254 [info ]: Started parsing
18:42:52.017329 [debug]: Finished parsing models/bronze/br_dim_currency.sql [  0.00s]
18:42:52.018030 [debug]: Finished parsing models/bronze/br_dim_game.sql [  0.00s]
18:42:52.018590 [debug]: Finished parsing models/bronze/br_fact_activity.sql [  0.00s]
18:42:52.023784 [debug]: Finished parsing models/gold/gl_activity.sql [  0.01s]
18:42:52.024672 [debug]: Finished parsing models/silver/slv_dim_currency.sql [  0.00s]
18:42:52.025263 [debug]: Finished parsing models/silver/slv_dim_game.sql [  0.00s]
18:42:52.026083 [debug]: Finished parsing models/silver/slv_fact_activity.sql [  0.00s]
18:42:52.032589 [info ]: Finished parsing [  0.05s]
18:42:52.033352 [info ]: Cached model count updated: 7 models (estimate)
18:42:52.033369 [info ]: Cached model count updated: 7 models (accurate)
18:42:52.033509 [info ]: Started scheduling
18:42:52.034027 [info ]: Finished scheduling [  0.00s]
18:42:52.034070 [debug]: Compilation - 7 nodes selected: {"model.casino_games_models.br_dim_currency", "model.casino_games_models.br_dim_game", "model.casino_games_models.br_fact_activity", "model.casino_games_models.gl_activity", "model.casino_games_models.slv_dim_currency", "model.casino_games_models.slv_dim_game", "model.casino_games_models.slv_fact_activity"}
18:42:52.034153 [info ]: Started scheduling
18:42:52.034218 [info ]: Finished scheduling [  0.00s]
18:42:52.038076 [debug]: No platform credentials found, skipping remote license
18:42:53.035438 [debug]: Requesting trial license from https://cloud.getdbt.com/api/private/trial-licenses/
18:43:08.454699 [warn ]: [LicenseError (dbt1068)]: Error loading license from trial license server, skipping: Remote license fetch failed: Request failed after 2 retries: operation timed out (url: https://cloud.getdbt.com/api/private/trial-licenses/)
18:43:08.881634 [debug]: Requesting trial license from https://cloud.getdbt.com/api/private/trial-licenses/
18:43:25.041718 [debug]: License check failed: Feature not licensed: 'lineage'
18:43:25.061980 [info ]: Started building task graph
18:43:25.070822 [info ]: Finished building task graph [  0.01s]
18:43:25.149029 [info ]: Started rendering (7 nodes)
18:43:25.150656 [info ]: Started model main.slv_dim_game
18:43:25.151472 [debug]: Started rendering model main.slv_dim_game
18:43:25.151955 [info ]: Started model main.gl_activity
18:43:25.151978 [debug]: Started rendering model main.gl_activity
18:43:25.152000 [info ]: Started model main.slv_fact_activity
18:43:25.152013 [debug]: Started rendering model main.slv_fact_activity
18:43:25.152031 [info ]: Started model main.slv_dim_currency
18:43:25.152050 [debug]: Started rendering model main.slv_dim_currency
18:43:25.152070 [info ]: Started model main.br_fact_activity
18:43:25.152086 [debug]: Started rendering model main.br_fact_activity
18:43:25.152763 [info ]: Started model main.br_dim_game
18:43:25.152789 [debug]: Started rendering model main.br_dim_game
18:43:25.152819 [info ]: Started model main.br_dim_currency
18:43:25.152834 [debug]: Started rendering model main.br_dim_currency
18:43:25.174353 [debug]: Compiled SQL for node model.casino_games_models.br_fact_activity at target\.lsp\compiled\casino_games_models\models\bronze\br_fact_activity.sql
18:43:25.176306 [debug]: Compiled SQL for node model.casino_games_models.br_dim_currency at target\.lsp\compiled\casino_games_models\models\bronze\br_dim_currency.sql
18:43:25.176640 [debug]: Compiled SQL for node model.casino_games_models.br_dim_game at target\.lsp\compiled\casino_games_models\models\bronze\br_dim_game.sql
18:43:25.177012 [debug]: Compiled SQL for node model.casino_games_models.gl_activity at target\.lsp\compiled\casino_games_models\models\gold\gl_activity.sql
18:43:25.177773 [debug]: Compiled SQL for node model.casino_games_models.slv_dim_currency at target\.lsp\compiled\casino_games_models\models\silver\slv_dim_currency.sql
18:43:25.178934 [debug]: Compiled SQL for node model.casino_games_models.slv_fact_activity at target\.lsp\compiled\casino_games_models\models\silver\slv_fact_activity.sql
18:43:25.179190 [debug]: Compiled SQL for node model.casino_games_models.slv_dim_game at target\.lsp\compiled\casino_games_models\models\silver\slv_dim_game.sql
18:43:25.180027 [debug]: Finished rendering [  0.03s] model main.br_fact_activity [success]
18:43:25.181689 [info ]: Started analyzing (7 nodes)
18:43:25.181719 [debug]: Started analyzing model main.br_fact_activity
18:43:25.181993 [debug]: Finished rendering [  0.03s] model main.br_dim_game [success]
18:43:25.182020 [debug]: Started analyzing model main.br_dim_game
18:43:25.182041 [debug]: Finished rendering [  0.03s] model main.gl_activity [success]
18:43:25.182053 [debug]: Started analyzing model main.gl_activity
18:43:25.182071 [debug]: Finished rendering [  0.03s] model main.slv_dim_currency [success]
18:43:25.182082 [debug]: Started analyzing model main.slv_dim_currency
18:43:25.182096 [debug]: Finished rendering [  0.03s] model main.br_dim_currency [success]
18:43:25.182110 [debug]: Started analyzing model main.br_dim_currency
18:43:25.182126 [debug]: Finished rendering [  0.03s] model main.slv_fact_activity [success]
18:43:25.182135 [debug]: Started analyzing model main.slv_fact_activity
18:43:25.182456 [debug]: Finished rendering [  0.03s] model main.slv_dim_game [success]
18:43:25.182482 [info ]: Finished rendering [  0.03s] (7 nodes, 0 skipped, 0 errors)
18:43:25.182501 [debug]: Started analyzing model main.slv_dim_game
18:43:25.226130 [debug]: Finished analyzing [  0.04s] model main.slv_dim_currency [success]
18:43:25.226162 [info ]:  Succeeded [  0.07s] model main.slv_dim_currency (view)
18:43:25.226565 [debug]: Finished analyzing [  0.04s] model main.gl_activity [success]
18:43:25.226580 [info ]:  Succeeded [  0.07s] model main.gl_activity (view)
18:43:25.226595 [debug]: Finished analyzing [  0.04s] model main.br_dim_currency [success]
18:43:25.226601 [info ]:  Succeeded [  0.07s] model main.br_dim_currency (view)
18:43:25.226610 [debug]: Finished analyzing [  0.04s] model main.br_dim_game [success]
18:43:25.226616 [info ]:  Succeeded [  0.07s] model main.br_dim_game (view)
18:43:25.226625 [debug]: Finished analyzing [  0.04s] model main.slv_dim_game [success]
18:43:25.226632 [info ]:  Succeeded [  0.07s] model main.slv_dim_game (view)
18:43:25.226642 [debug]: Finished analyzing [  0.04s] model main.br_fact_activity [success]
18:43:25.226649 [info ]:  Succeeded [  0.07s] model main.br_fact_activity (view)
18:43:25.226830 [debug]: Finished analyzing [  0.04s] model main.slv_fact_activity [success]
18:43:25.226840 [info ]: Finished analyzing [  0.05s] (7 nodes, 0 skipped, 0 errors)
18:43:25.226846 [info ]:  Succeeded [  0.07s] model main.slv_fact_activity (view)
18:43:25.242561 [info ]: Started scheduling
18:43:25.242619 [info ]: Finished scheduling [  0.00s]
18:43:25.243913 [info ]: Cached model count updated: 7 models (accurate)
18:43:26.867880 [info ]: Started loading project
18:43:26.868539 [info ]: Loading ~/.dbt/profiles.yml
18:43:26.895579 [info ]: Cached model count updated: 7 models (estimate)
18:43:26.895600 [info ]: Cached model count updated: 7 models (accurate)
18:43:26.895624 [info ]: Started scheduling
18:43:26.895694 [info ]: Finished scheduling [  0.00s]
18:43:26.895706 [debug]: Compilation - 10 nodes selected: {"model.casino_games_models.br_dim_currency", "model.casino_games_models.br_dim_game", "model.casino_games_models.br_fact_activity", "model.casino_games_models.gl_activity", "model.casino_games_models.slv_dim_currency", "model.casino_games_models.slv_dim_game", "model.casino_games_models.slv_fact_activity", "seed.casino_games_models.dim_currency", "seed.casino_games_models.dim_game", "seed.casino_games_models.fact_activity"}
18:43:26.897475 [debug]: License check failed: Feature not licensed: 'lineage'
18:43:26.898535 [info ]: Started building task graph
18:43:26.898607 [info ]: Finished building task graph [  0.00s]
18:43:26.898850 [info ]: Finished loading project [  0.03s]
18:43:26.967402 [error]: Arrow error: Csv error: incorrect number of fields for line 3, expected 1 got 2
18:43:27.400969 [info ]: Started rendering (10 nodes)
18:43:27.401005 [info ]: Started seed main.fact_activity
18:43:27.401015 [debug]: Started rendering seed main.fact_activity
18:43:27.401037 [info ]: Started seed main.dim_game
18:43:27.401044 [debug]: Started rendering seed main.dim_game
18:43:27.401057 [info ]: Started seed main.dim_currency
18:43:27.401063 [debug]: Started rendering seed main.dim_currency
18:43:27.401073 [info ]: Started model main.slv_dim_game
18:43:27.401081 [debug]: Started rendering model main.slv_dim_game
18:43:27.401090 [info ]: Started model main.gl_activity
18:43:27.401098 [debug]: Started rendering model main.gl_activity
18:43:27.401106 [info ]: Started model main.slv_fact_activity
18:43:27.401111 [debug]: Started rendering model main.slv_fact_activity
18:43:27.401119 [info ]: Started model main.slv_dim_currency
18:43:27.401125 [debug]: Started rendering model main.slv_dim_currency
18:43:27.401132 [info ]: Started model main.br_fact_activity
18:43:27.401136 [debug]: Started rendering model main.br_fact_activity
18:43:27.401144 [info ]: Started model main.br_dim_game
18:43:27.401150 [debug]: Started rendering model main.br_dim_game
18:43:27.401159 [info ]: Started model main.br_dim_currency
18:43:27.401164 [debug]: Started rendering model main.br_dim_currency
18:43:27.401669 [debug]: Finished rendering [  0.00s] seed main.fact_activity [success]
18:43:27.401692 [info ]:  Succeeded [-------] seed  main.fact_activity (table)
18:43:27.401713 [debug]: Finished rendering [  0.00s] seed main.dim_game [error]
18:43:27.401720 [info ]:     Failed [-------] seed  main.dim_game (table)
18:43:27.402286 [debug]: Finished rendering [  0.00s] seed main.dim_currency [success]
18:43:27.402313 [info ]:  Succeeded [  0.00s] seed  main.dim_currency (table)
18:43:27.402515 [debug]: Compiled SQL for node model.casino_games_models.br_fact_activity at target\.lsp\compiled\casino_games_models\models\bronze\br_fact_activity.sql
18:43:27.402534 [debug]: Compiled SQL for node model.casino_games_models.br_dim_game at target\.lsp\compiled\casino_games_models\models\bronze\br_dim_game.sql
18:43:27.402593 [debug]: Finished rendering [  0.00s] model main.br_fact_activity [success]
18:43:27.402625 [info ]: Started analyzing (7 nodes)
18:43:27.402638 [debug]: Started analyzing model main.br_fact_activity
18:43:27.402658 [debug]: Finished rendering [  0.00s] model main.br_dim_game [success]
18:43:27.402670 [debug]: Started analyzing model main.br_dim_game
18:43:27.403110 [debug]: Compiled SQL for node model.casino_games_models.slv_fact_activity at target\.lsp\compiled\casino_games_models\models\silver\slv_fact_activity.sql
18:43:27.403094 [debug]: Finished analyzing [  0.00s] model main.br_dim_game [success]
18:43:27.403124 [debug]: Compiled SQL for node model.casino_games_models.slv_dim_currency at target\.lsp\compiled\casino_games_models\models\silver\slv_dim_currency.sql
18:43:27.403124 [debug]: Compiled SQL for node model.casino_games_models.gl_activity at target\.lsp\compiled\casino_games_models\models\gold\gl_activity.sql
18:43:27.403131 [debug]: Compiled SQL for node model.casino_games_models.slv_dim_game at target\.lsp\compiled\casino_games_models\models\silver\slv_dim_game.sql
18:43:27.403139 [info ]:  Succeeded [  0.00s] model main.br_dim_game (view)
18:43:27.403169 [debug]: Finished analyzing [  0.00s] model main.br_fact_activity [success]
18:43:27.403182 [info ]:  Succeeded [  0.00s] model main.br_fact_activity (view)
18:43:27.403213 [debug]: Finished rendering [  0.00s] model main.slv_fact_activity [success]
18:43:27.403237 [debug]: Started analyzing model main.slv_fact_activity
18:43:27.403304 [debug]: Finished rendering [  0.00s] model main.gl_activity [success]
18:43:27.403330 [debug]: Started analyzing model main.gl_activity
18:43:27.403352 [debug]: Finished rendering [  0.00s] model main.slv_dim_game [success]
18:43:27.403366 [debug]: Started analyzing model main.slv_dim_game
18:43:27.403426 [debug]: Finished rendering [  0.00s] model main.slv_dim_currency [success]
18:43:27.403447 [debug]: Started analyzing model main.slv_dim_currency
18:43:27.403524 [debug]: Compiled SQL for node model.casino_games_models.br_dim_currency at target\.lsp\compiled\casino_games_models\models\bronze\br_dim_currency.sql
18:43:27.403510 [debug]: Finished analyzing [  0.00s] model main.slv_fact_activity [success]
18:43:27.403546 [info ]:  Succeeded [  0.00s] model main.slv_fact_activity (view)
18:43:27.403570 [debug]: Finished rendering [  0.00s] model main.br_dim_currency [success]
18:43:27.403581 [info ]: Finished rendering [  0.00s] (10 nodes, 0 skipped, 1 errors)
18:43:27.403598 [debug]: Started analyzing model main.br_dim_currency
18:43:27.403624 [debug]: Finished analyzing [  0.00s] model main.slv_dim_currency [success]
18:43:27.403634 [info ]:  Succeeded [  0.00s] model main.slv_dim_currency (view)
18:43:27.403783 [debug]: Finished analyzing [  0.00s] model main.slv_dim_game [success]
18:43:27.403807 [info ]:  Succeeded [  0.00s] model main.slv_dim_game (view)
18:43:27.403828 [debug]: Finished analyzing [  0.00s] model main.br_dim_currency [success]
18:43:27.403840 [info ]:  Succeeded [  0.00s] model main.br_dim_currency (view)
18:43:27.404733 [debug]: Finished analyzing [  0.00s] model main.gl_activity [success]
18:43:27.404752 [info ]: Finished analyzing [  0.00s] (7 nodes, 0 skipped, 0 errors)
18:43:27.404758 [info ]:  Succeeded [  0.00s] model main.gl_activity (view)
18:43:27.407910 [info ]: Started scheduling
18:43:27.407943 [info ]: Finished scheduling [  0.00s]
18:43:27.408464 [info ]: Cached model count updated: 7 models (accurate)
18:45:09.682021 [info ]: Started loading project
18:45:09.683441 [info ]: Loading ~/.dbt/profiles.yml
18:45:09.689146 [info ]: Started loading project
18:45:09.689535 [info ]: Loading ~/.dbt/profiles.yml
18:45:09.689596 [info ]: Finished loading project [  0.01s]
18:45:09.704268 [debug]:    Started loading packages
18:45:09.707925 [debug]:     Loaded [  0.00s] packages
18:45:09.709228 [info ]: Finished loading project [  0.02s]
18:45:09.713362 [info ]: Started parsing
18:45:09.761355 [debug]: Finished parsing models/schema.yml [  0.00s]
18:45:09.788802 [debug]: Finished parsing models/bronze/br_dim_currency.sql [  0.01s]
18:45:09.789245 [debug]: Finished parsing models/bronze/br_dim_game.sql [  0.00s]
18:45:09.789605 [debug]: Finished parsing models/bronze/br_fact_activity.sql [  0.00s]
18:45:09.793282 [debug]: Finished parsing models/gold/gl_activity.sql [  0.00s]
18:45:09.793649 [debug]: Finished parsing models/silver/slv_dim_currency.sql [  0.00s]
18:45:09.794022 [debug]: Finished parsing models/silver/slv_dim_game.sql [  0.00s]
18:45:09.794967 [debug]: Finished parsing models/silver/slv_fact_activity.sql [  0.00s]
18:45:09.811317 [info ]: Finished parsing [  0.10s]
18:45:09.814275 [info ]: Cached model count updated: 7 models (estimate)
18:45:09.814293 [info ]: Cached model count updated: 7 models (accurate)
18:45:09.814321 [info ]: Started scheduling
18:45:09.814367 [info ]: Finished scheduling [  0.00s]
18:45:09.814379 [debug]: Compilation - 0 nodes selected: {}
18:45:09.816129 [warn ]: [NoNodesForSelectionCriteria (dbt1092)]: The selection criterion '' does not match any enabled nodes
18:45:09.817140 [warn ]: [NoNodesSelected (dbt1601)]: Nothing to do. Try checking your model configs and model specification args
18:45:09.817404 [info ]: Started scheduling
18:45:09.817483 [info ]: Finished scheduling [  0.00s]
18:45:09.819624 [debug]: License check failed: Feature not licensed: 'lineage'
18:45:09.819872 [info ]: Started building task graph
18:45:09.819893 [info ]: Finished building task graph [  0.00s]
18:45:09.824591 [info ]: Started scheduling
18:45:09.824628 [info ]: Finished scheduling [  0.00s]
18:45:09.827585 [info ]: Cached model count updated: 7 models (accurate)
18:45:11.500352 [info ]: Started loading project
18:45:11.500751 [info ]: Loading ~/.dbt/profiles.yml
18:45:11.521079 [info ]: Cached model count updated: 7 models (estimate)
18:45:11.521100 [info ]: Cached model count updated: 7 models (accurate)
18:45:11.521128 [info ]: Started scheduling
18:45:11.521204 [info ]: Finished scheduling [  0.00s]
18:45:11.521220 [debug]: Compilation - 10 nodes selected: {"model.casino_games_models.br_dim_currency", "model.casino_games_models.br_dim_game", "model.casino_games_models.br_fact_activity", "model.casino_games_models.gl_activity", "model.casino_games_models.slv_dim_currency", "model.casino_games_models.slv_dim_game", "model.casino_games_models.slv_fact_activity", "seed.casino_games_models.dim_currency", "seed.casino_games_models.dim_game", "seed.casino_games_models.fact_activity"}
18:45:11.521873 [debug]: License check failed: Feature not licensed: 'lineage'
18:45:11.522196 [info ]: Started building task graph
18:45:11.522261 [info ]: Finished building task graph [  0.00s]
18:45:11.522381 [info ]: Finished loading project [  0.02s]
18:45:11.528462 [error]: Arrow error: Csv error: incorrect number of fields for line 3, expected 1 got 2
18:45:11.987599 [info ]: Started rendering (10 nodes)
18:45:11.987634 [info ]: Started seed main.fact_activity
18:45:11.987644 [debug]: Started rendering seed main.fact_activity
18:45:11.987664 [info ]: Started seed main.dim_game
18:45:11.987669 [debug]: Started rendering seed main.dim_game
18:45:11.987678 [info ]: Started seed main.dim_currency
18:45:11.987685 [debug]: Started rendering seed main.dim_currency
18:45:11.987694 [info ]: Started model main.slv_dim_game
18:45:11.987697 [debug]: Started rendering model main.slv_dim_game
18:45:11.987704 [info ]: Started model main.gl_activity
18:45:11.987709 [debug]: Started rendering model main.gl_activity
18:45:11.987717 [info ]: Started model main.slv_fact_activity
18:45:11.987724 [debug]: Started rendering model main.slv_fact_activity
18:45:11.987730 [info ]: Started model main.slv_dim_currency
18:45:11.987734 [debug]: Started rendering model main.slv_dim_currency
18:45:11.987745 [info ]: Started model main.br_fact_activity
18:45:11.987749 [debug]: Started rendering model main.br_fact_activity
18:45:11.987756 [info ]: Started model main.br_dim_game
18:45:11.987761 [debug]: Started rendering model main.br_dim_game
18:45:11.987766 [info ]: Started model main.br_dim_currency
18:45:11.987771 [debug]: Started rendering model main.br_dim_currency
18:45:11.987792 [debug]: Finished rendering [  0.00s] seed main.fact_activity [success]
18:45:11.987814 [info ]:  Succeeded [-------] seed  main.fact_activity (table)
18:45:11.987829 [debug]: Finished rendering [  0.00s] seed main.dim_game [error]
18:45:11.987833 [info ]:     Failed [-------] seed  main.dim_game (table)
18:45:11.987843 [debug]: Finished rendering [  0.00s] seed main.dim_currency [success]
18:45:11.987847 [info ]:  Succeeded [-------] seed  main.dim_currency (table)
18:45:11.989786 [debug]: Compiled SQL for node model.casino_games_models.br_dim_currency at target\.lsp\compiled\casino_games_models\models\bronze\br_dim_currency.sql
18:45:11.990371 [debug]: Finished rendering [  0.00s] model main.br_dim_currency [success]
18:45:11.990413 [info ]: Started analyzing (7 nodes)
18:45:11.990421 [debug]: Started analyzing model main.br_dim_currency
18:45:11.990812 [debug]: Finished analyzing [  0.00s] model main.br_dim_currency [success]
18:45:11.990823 [info ]:  Succeeded [  0.00s] model main.br_dim_currency (view)
18:45:11.990897 [debug]: Compiled SQL for node model.casino_games_models.gl_activity at target\.lsp\compiled\casino_games_models\models\gold\gl_activity.sql
18:45:11.991047 [debug]: Finished rendering [  0.00s] model main.gl_activity [success]
18:45:11.991063 [debug]: Started analyzing model main.gl_activity
18:45:11.991176 [debug]: Compiled SQL for node model.casino_games_models.br_dim_game at target\.lsp\compiled\casino_games_models\models\bronze\br_dim_game.sql
18:45:11.991344 [debug]: Finished rendering [  0.00s] model main.br_dim_game [success]
18:45:11.991360 [debug]: Started analyzing model main.br_dim_game
18:45:11.991536 [debug]: Finished analyzing [  0.00s] model main.br_dim_game [success]
18:45:11.991546 [info ]:  Succeeded [  0.00s] model main.br_dim_game (view)
18:45:11.991749 [debug]: Compiled SQL for node model.casino_games_models.slv_dim_game at target\.lsp\compiled\casino_games_models\models\silver\slv_dim_game.sql
18:45:11.991854 [debug]: Finished rendering [  0.00s] model main.slv_dim_game [success]
18:45:11.991891 [debug]: Started analyzing model main.slv_dim_game
18:45:11.991915 [debug]: Finished analyzing [  0.00s] model main.gl_activity [success]
18:45:11.991925 [info ]:  Succeeded [  0.00s] model main.gl_activity (view)
18:45:11.991947 [debug]: Compiled SQL for node model.casino_games_models.br_fact_activity at target\.lsp\compiled\casino_games_models\models\bronze\br_fact_activity.sql
18:45:11.992021 [debug]: Finished rendering [  0.00s] model main.br_fact_activity [success]
18:45:11.992039 [debug]: Started analyzing model main.br_fact_activity
18:45:11.992178 [debug]: Finished analyzing [  0.00s] model main.br_fact_activity [success]
18:45:11.992191 [info ]:  Succeeded [  0.00s] model main.br_fact_activity (view)
18:45:11.992203 [debug]: Finished analyzing [  0.00s] model main.slv_dim_game [success]
18:45:11.992207 [info ]:  Succeeded [  0.00s] model main.slv_dim_game (view)
18:45:11.992485 [debug]: Compiled SQL for node model.casino_games_models.slv_dim_currency at target\.lsp\compiled\casino_games_models\models\silver\slv_dim_currency.sql
18:45:11.992512 [debug]: Compiled SQL for node model.casino_games_models.slv_fact_activity at target\.lsp\compiled\casino_games_models\models\silver\slv_fact_activity.sql
18:45:11.992544 [debug]: Finished rendering [  0.00s] model main.slv_dim_currency [success]
18:45:11.992560 [debug]: Started analyzing model main.slv_dim_currency
18:45:11.992576 [debug]: Finished rendering [  0.00s] model main.slv_fact_activity [success]
18:45:11.992582 [info ]: Finished rendering [  0.00s] (10 nodes, 0 skipped, 1 errors)
18:45:11.992588 [debug]: Started analyzing model main.slv_fact_activity
18:45:11.992691 [debug]: Finished analyzing [  0.00s] model main.slv_dim_currency [success]
18:45:11.992703 [info ]:  Succeeded [  0.00s] model main.slv_dim_currency (view)
18:45:11.992717 [debug]: Finished analyzing [  0.00s] model main.slv_fact_activity [success]
18:45:11.992724 [info ]: Finished analyzing [  0.00s] (7 nodes, 0 skipped, 0 errors)
18:45:11.992728 [info ]:  Succeeded [  0.00s] model main.slv_fact_activity (view)
18:45:11.995717 [info ]: Started scheduling
18:45:11.995752 [info ]: Finished scheduling [  0.00s]
18:45:11.996211 [info ]: Cached model count updated: 7 models (accurate)
18:50:32.812847 [debug]: License check failed: Feature not licensed: 'lineage'
18:56:08.640857 [debug]: License check failed: Feature not licensed: 'lineage'
18:56:40.823714 [debug]: License check failed: Feature not licensed: 'lineage'
19:00:37.934047 [debug]: License check failed: Feature not licensed: 'lineage'
19:02:01.038697 [debug]: License check failed: Feature not licensed: 'lineage'
19:02:36.466673 [debug]: License check failed: Feature not licensed: 'lineage'
19:02:45.761259 [debug]: License check failed: Feature not licensed: 'lineage'
19:06:49.588403 [debug]: License check failed: Feature not licensed: 'lineage'
19:07:46.538981 [debug]: License check failed: Feature not licensed: 'lineage'
19:08:19.036886 [info ]: Started loading project
19:08:19.072680 [info ]: Loading ~/.dbt/profiles.yml
19:08:19.240872 [info ]: Started parsing
19:08:19.346813 [info ]: Finished loading project [  0.31s]
19:08:19.364488 [error]: [SerializationError (dbt1013)]: YAML error: mapping values are not allowed in this context at line 8 column 16
  --> models\schema.yml:8:16
19:08:19.387345 [debug]: Finished parsing models/schema.yml [  0.03s]
19:08:19.404696 [info ]: Finished parsing [  0.16s]
19:08:19.417562 [info ]: Cached model count updated: 7 models (estimate)
19:08:19.417589 [info ]: Cached model count updated: 7 models (accurate)
19:08:19.420550 [info ]: Started scheduling
19:08:19.427176 [info ]: Finished scheduling [  0.01s]
19:08:19.427960 [debug]: Compilation - 0 nodes selected: {}
19:08:19.431344 [warn ]: [NoNodesForSelectionCriteria (dbt1092)]: The selection criterion '' does not match any enabled nodes
19:08:19.431530 [warn ]: [NoNodesSelected (dbt1601)]: Nothing to do. Try checking your model configs and model specification args
19:08:19.443934 [debug]: License check failed: Feature not licensed: 'lineage'
19:08:19.453976 [info ]: Started building task graph
19:08:19.456675 [info ]: Finished building task graph [  0.00s]
19:08:19.522507 [info ]: Started scheduling
19:08:19.522553 [info ]: Finished scheduling [  0.00s]
19:08:19.529001 [info ]: Cached model count updated: 7 models (accurate)
19:08:21.161737 [info ]: Started loading project
19:08:21.162895 [info ]: Loading ~/.dbt/profiles.yml
19:08:21.187529 [info ]: Cached model count updated: 7 models (estimate)
19:08:21.187550 [info ]: Cached model count updated: 7 models (accurate)
19:08:21.187576 [info ]: Started scheduling
19:08:21.188643 [info ]: Finished scheduling [  0.00s]
19:08:21.188665 [debug]: Compilation - 10 nodes selected: {"model.casino_games_models.br_dim_currency", "model.casino_games_models.br_dim_game", "model.casino_games_models.br_fact_activity", "model.casino_games_models.gl_activity", "model.casino_games_models.slv_dim_currency", "model.casino_games_models.slv_dim_game", "model.casino_games_models.slv_fact_activity", "seed.casino_games_models.dim_currency", "seed.casino_games_models.dim_game", "seed.casino_games_models.fact_activity"}
19:08:21.189645 [debug]: License check failed: Feature not licensed: 'lineage'
19:08:21.191851 [info ]: Started building task graph
19:08:21.194395 [info ]: Finished building task graph [  0.00s]
19:08:21.194632 [info ]: Finished loading project [  0.03s]
19:08:21.267582 [error]: Arrow error: Csv error: incorrect number of fields for line 3, expected 1 got 2
19:08:21.677078 [info ]: Started rendering (10 nodes)
19:08:21.678550 [info ]: Started seed main.fact_activity
19:08:21.678923 [debug]: Started rendering seed main.fact_activity
19:08:21.679346 [info ]: Started seed main.dim_game
19:08:21.679355 [debug]: Started rendering seed main.dim_game
19:08:21.679362 [info ]: Started seed main.dim_currency
19:08:21.679380 [debug]: Started rendering seed main.dim_currency
19:08:21.679395 [info ]: Started model main.slv_dim_game
19:08:21.679401 [debug]: Started rendering model main.slv_dim_game
19:08:21.679409 [info ]: Started model main.gl_activity
19:08:21.679414 [debug]: Started rendering model main.gl_activity
19:08:21.679435 [info ]: Started model main.slv_fact_activity
19:08:21.679442 [debug]: Started rendering model main.slv_fact_activity
19:08:21.679454 [info ]: Started model main.slv_dim_currency
19:08:21.679458 [debug]: Started rendering model main.slv_dim_currency
19:08:21.679463 [info ]: Started model main.br_fact_activity
19:08:21.679472 [debug]: Started rendering model main.br_fact_activity
19:08:21.679480 [info ]: Started model main.br_dim_game
19:08:21.679485 [debug]: Started rendering model main.br_dim_game
19:08:21.680152 [info ]: Started model main.br_dim_currency
19:08:21.680164 [debug]: Started rendering model main.br_dim_currency
19:08:21.687293 [debug]: Finished rendering [  0.01s] seed main.fact_activity [success]
19:08:21.688012 [info ]:  Succeeded [  0.01s] seed  main.fact_activity (table)
19:08:21.689526 [debug]: Finished rendering [  0.01s] seed main.dim_game [error]
19:08:21.689547 [info ]:     Failed [  0.01s] seed  main.dim_game (table)
19:08:21.689573 [debug]: Finished rendering [  0.01s] seed main.dim_currency [success]
19:08:21.689581 [info ]:  Succeeded [  0.01s] seed  main.dim_currency (table)
19:08:21.692240 [debug]: Compiled SQL for node model.casino_games_models.br_dim_currency at target\.lsp\compiled\casino_games_models\models\bronze\br_dim_currency.sql
19:08:21.692241 [debug]: Compiled SQL for node model.casino_games_models.br_dim_game at target\.lsp\compiled\casino_games_models\models\bronze\br_dim_game.sql
19:08:21.692240 [debug]: Compiled SQL for node model.casino_games_models.slv_dim_currency at target\.lsp\compiled\casino_games_models\models\silver\slv_dim_currency.sql
19:08:21.692248 [debug]: Compiled SQL for node model.casino_games_models.br_fact_activity at target\.lsp\compiled\casino_games_models\models\bronze\br_fact_activity.sql
19:08:21.692240 [debug]: Compiled SQL for node model.casino_games_models.gl_activity at target\.lsp\compiled\casino_games_models\models\gold\gl_activity.sql
19:08:21.692240 [debug]: Compiled SQL for node model.casino_games_models.slv_dim_game at target\.lsp\compiled\casino_games_models\models\silver\slv_dim_game.sql
19:08:21.692248 [debug]: Compiled SQL for node model.casino_games_models.slv_fact_activity at target\.lsp\compiled\casino_games_models\models\silver\slv_fact_activity.sql
19:08:21.694534 [debug]: Finished rendering [  0.02s] model main.gl_activity [success]
19:08:21.695083 [info ]: Started analyzing (7 nodes)
19:08:21.695297 [debug]: Started analyzing model main.gl_activity
19:08:21.695719 [debug]: Finished rendering [  0.02s] model main.slv_dim_game [success]
19:08:21.695734 [debug]: Started analyzing model main.slv_dim_game
19:08:21.695747 [debug]: Finished rendering [  0.02s] model main.br_dim_game [success]
19:08:21.695756 [debug]: Started analyzing model main.br_dim_game
19:08:21.695765 [debug]: Finished rendering [  0.02s] model main.br_fact_activity [success]
19:08:21.695773 [debug]: Started analyzing model main.br_fact_activity
19:08:21.695784 [debug]: Finished rendering [  0.02s] model main.slv_fact_activity [success]
19:08:21.695790 [debug]: Started analyzing model main.slv_fact_activity
19:08:21.695796 [debug]: Finished rendering [  0.02s] model main.br_dim_currency [success]
19:08:21.695801 [debug]: Started analyzing model main.br_dim_currency
19:08:21.695808 [debug]: Finished rendering [  0.02s] model main.slv_dim_currency [success]
19:08:21.695816 [info ]: Finished rendering [  0.02s] (10 nodes, 0 skipped, 1 errors)
19:08:21.695822 [debug]: Started analyzing model main.slv_dim_currency
19:08:21.723936 [debug]: Finished analyzing [  0.03s] model main.slv_dim_game [success]
19:08:21.723960 [info ]:  Succeeded [  0.04s] model main.slv_dim_game (view)
19:08:21.723980 [debug]: Finished analyzing [  0.03s] model main.br_dim_currency [success]
19:08:21.723988 [info ]:  Succeeded [  0.04s] model main.br_dim_currency (view)
19:08:21.723999 [debug]: Finished analyzing [  0.03s] model main.gl_activity [success]
19:08:21.724006 [info ]:  Succeeded [  0.04s] model main.gl_activity (view)
19:08:21.724014 [debug]: Finished analyzing [  0.03s] model main.br_dim_game [success]
19:08:21.724020 [info ]:  Succeeded [  0.04s] model main.br_dim_game (view)
19:08:21.724028 [debug]: Finished analyzing [  0.03s] model main.slv_dim_currency [success]
19:08:21.724035 [info ]:  Succeeded [  0.04s] model main.slv_dim_currency (view)
19:08:21.724042 [debug]: Finished analyzing [  0.03s] model main.br_fact_activity [success]
19:08:21.724049 [info ]:  Succeeded [  0.04s] model main.br_fact_activity (view)
19:08:21.724261 [debug]: Finished analyzing [  0.03s] model main.slv_fact_activity [success]
19:08:21.724270 [info ]: Finished analyzing [  0.03s] (7 nodes, 0 skipped, 0 errors)
19:08:21.724276 [info ]:  Succeeded [  0.04s] model main.slv_fact_activity (view)
19:08:21.728513 [info ]: Started scheduling
19:08:21.728555 [info ]: Finished scheduling [  0.00s]
19:08:21.729488 [info ]: Cached model count updated: 7 models (accurate)
19:08:48.185121 [info ]: Started loading project
19:08:48.185717 [info ]: Loading ~/.dbt/profiles.yml
19:08:48.194747 [info ]: Started parsing
19:08:48.229398 [info ]: Finished loading project [  0.04s]
19:08:48.230950 [error]: [SerializationError (dbt1013)]: YAML error: mapping values are not allowed in this context at line 12 column 16
  --> models\schema.yml:12:16
19:08:48.232043 [debug]: Finished parsing models/schema.yml [  0.00s]
19:08:48.235779 [info ]: Finished parsing [  0.04s]
19:08:48.237283 [info ]: Cached model count updated: 7 models (estimate)
19:08:48.237297 [info ]: Cached model count updated: 7 models (accurate)
19:08:48.237319 [info ]: Started scheduling
19:08:48.237362 [info ]: Finished scheduling [  0.00s]
19:08:48.237373 [debug]: Compilation - 0 nodes selected: {}
19:08:48.237390 [warn ]: [NoNodesForSelectionCriteria (dbt1092)]: The selection criterion '' does not match any enabled nodes
19:08:48.237400 [warn ]: [NoNodesSelected (dbt1601)]: Nothing to do. Try checking your model configs and model specification args
19:08:48.237836 [debug]: License check failed: Feature not licensed: 'lineage'
19:08:48.238008 [info ]: Started building task graph
19:08:48.238028 [info ]: Finished building task graph [  0.00s]
19:08:48.242584 [info ]: Started scheduling
19:08:48.242612 [info ]: Finished scheduling [  0.00s]
19:08:48.243451 [info ]: Cached model count updated: 7 models (accurate)
19:08:49.793266 [info ]: Started loading project
19:08:49.794428 [info ]: Loading ~/.dbt/profiles.yml
19:08:49.820657 [info ]: Cached model count updated: 7 models (estimate)
19:08:49.820677 [info ]: Cached model count updated: 7 models (accurate)
19:08:49.820700 [info ]: Started scheduling
19:08:49.820764 [info ]: Finished scheduling [  0.00s]
19:08:49.820778 [debug]: Compilation - 10 nodes selected: {"model.casino_games_models.br_dim_currency", "model.casino_games_models.br_dim_game", "model.casino_games_models.br_fact_activity", "model.casino_games_models.gl_activity", "model.casino_games_models.slv_dim_currency", "model.casino_games_models.slv_dim_game", "model.casino_games_models.slv_fact_activity", "seed.casino_games_models.dim_currency", "seed.casino_games_models.dim_game", "seed.casino_games_models.fact_activity"}
19:08:49.821267 [debug]: License check failed: Feature not licensed: 'lineage'
19:08:49.821505 [info ]: Started building task graph
19:08:49.821563 [info ]: Finished building task graph [  0.00s]
19:08:49.821664 [info ]: Finished loading project [  0.03s]
19:08:49.828312 [error]: Arrow error: Csv error: incorrect number of fields for line 3, expected 1 got 2
19:08:50.321115 [info ]: Started rendering (10 nodes)
19:08:50.321153 [info ]: Started seed main.fact_activity
19:08:50.321164 [debug]: Started rendering seed main.fact_activity
19:08:50.321188 [info ]: Started seed main.dim_game
19:08:50.321195 [debug]: Started rendering seed main.dim_game
19:08:50.321203 [info ]: Started seed main.dim_currency
19:08:50.321215 [debug]: Started rendering seed main.dim_currency
19:08:50.321225 [info ]: Started model main.slv_dim_game
19:08:50.321230 [debug]: Started rendering model main.slv_dim_game
19:08:50.321237 [info ]: Started model main.gl_activity
19:08:50.321243 [debug]: Started rendering model main.gl_activity
19:08:50.321250 [info ]: Started model main.slv_fact_activity
19:08:50.321255 [debug]: Started rendering model main.slv_fact_activity
19:08:50.321263 [info ]: Started model main.slv_dim_currency
19:08:50.321268 [debug]: Started rendering model main.slv_dim_currency
19:08:50.321275 [info ]: Started model main.br_fact_activity
19:08:50.321285 [debug]: Started rendering model main.br_fact_activity
19:08:50.321300 [info ]: Started model main.br_dim_game
19:08:50.321305 [debug]: Started rendering model main.br_dim_game
19:08:50.321312 [info ]: Started model main.br_dim_currency
19:08:50.321318 [debug]: Started rendering model main.br_dim_currency
19:08:50.321348 [debug]: Finished rendering [  0.00s] seed main.fact_activity [success]
19:08:50.321366 [info ]:  Succeeded [-------] seed  main.fact_activity (table)
19:08:50.321414 [debug]: Finished rendering [  0.00s] seed main.dim_game [error]
19:08:50.321422 [info ]:     Failed [-------] seed  main.dim_game (table)
19:08:50.321435 [debug]: Finished rendering [  0.00s] seed main.dim_currency [success]
19:08:50.321439 [info ]:  Succeeded [-------] seed  main.dim_currency (table)
19:08:50.321719 [debug]: Compiled SQL for node model.casino_games_models.slv_dim_game at target\.lsp\compiled\casino_games_models\models\silver\slv_dim_game.sql
19:08:50.321785 [debug]: Finished rendering [  0.00s] model main.slv_dim_game [success]
19:08:50.321876 [debug]: Compiled SQL for node model.casino_games_models.slv_dim_currency at target\.lsp\compiled\casino_games_models\models\silver\slv_dim_currency.sql
19:08:50.321955 [debug]: Compiled SQL for node model.casino_games_models.br_dim_game at target\.lsp\compiled\casino_games_models\models\bronze\br_dim_game.sql
19:08:50.322042 [info ]: Started analyzing (7 nodes)
19:08:50.322057 [debug]: Started analyzing model main.slv_dim_game
19:08:50.322079 [debug]: Finished rendering [  0.00s] model main.slv_dim_currency [success]
19:08:50.322093 [debug]: Started analyzing model main.slv_dim_currency
19:08:50.322105 [debug]: Finished rendering [  0.00s] model main.br_dim_game [success]
19:08:50.322106 [debug]: Compiled SQL for node model.casino_games_models.gl_activity at target\.lsp\compiled\casino_games_models\models\gold\gl_activity.sql
19:08:50.322111 [debug]: Started analyzing model main.br_dim_game
19:08:50.322129 [debug]: Finished rendering [  0.00s] model main.gl_activity [success]
19:08:50.322134 [debug]: Started analyzing model main.gl_activity
19:08:50.322229 [debug]: Compiled SQL for node model.casino_games_models.br_dim_currency at target\.lsp\compiled\casino_games_models\models\bronze\br_dim_currency.sql
19:08:50.322305 [debug]: Finished rendering [  0.00s] model main.br_dim_currency [success]
19:08:50.322339 [debug]: Started analyzing model main.br_dim_currency
19:08:50.322502 [debug]: Compiled SQL for node model.casino_games_models.br_fact_activity at target\.lsp\compiled\casino_games_models\models\bronze\br_fact_activity.sql
19:08:50.322508 [debug]: Finished analyzing [  0.00s] model main.slv_dim_game [success]
19:08:50.322521 [info ]:  Succeeded [-------] model main.slv_dim_game (view)
19:08:50.322566 [debug]: Finished rendering [  0.00s] model main.br_fact_activity [success]
19:08:50.322599 [debug]: Started analyzing model main.br_fact_activity
19:08:50.322631 [debug]: Finished analyzing [  0.00s] model main.br_dim_currency [success]
19:08:50.322648 [info ]:  Succeeded [-------] model main.br_dim_currency (view)
19:08:50.322777 [debug]: Finished analyzing [  0.00s] model main.br_fact_activity [success]
19:08:50.322793 [info ]:  Succeeded [  0.00s] model main.br_fact_activity (view)
19:08:50.322936 [debug]: Finished analyzing [  0.00s] model main.slv_dim_currency [success]
19:08:50.322955 [info ]:  Succeeded [-------] model main.slv_dim_currency (view)
19:08:50.322973 [debug]: Finished analyzing [  0.00s] model main.br_dim_game [success]
19:08:50.322984 [info ]:  Succeeded [-------] model main.br_dim_game (view)
19:08:50.323481 [debug]: Compiled SQL for node model.casino_games_models.slv_fact_activity at target\.lsp\compiled\casino_games_models\models\silver\slv_fact_activity.sql
19:08:50.323526 [debug]: Finished rendering [  0.00s] model main.slv_fact_activity [success]
19:08:50.323540 [info ]: Finished rendering [  0.00s] (10 nodes, 0 skipped, 1 errors)
19:08:50.323551 [debug]: Started analyzing model main.slv_fact_activity
19:08:50.323725 [debug]: Finished analyzing [  0.00s] model main.slv_fact_activity [success]
19:08:50.323737 [info ]:  Succeeded [  0.00s] model main.slv_fact_activity (view)
19:08:50.324960 [debug]: Finished analyzing [  0.00s] model main.gl_activity [success]
19:08:50.324975 [info ]: Finished analyzing [  0.00s] (7 nodes, 0 skipped, 0 errors)
19:08:50.324981 [info ]:  Succeeded [  0.00s] model main.gl_activity (view)
19:08:50.328688 [info ]: Started scheduling
19:08:50.328729 [info ]: Finished scheduling [  0.00s]
19:08:50.329113 [info ]: Cached model count updated: 7 models (accurate)
19:09:15.574828 [info ]: Started loading project
19:09:15.575297 [info ]: Loading ~/.dbt/profiles.yml
19:09:15.583101 [info ]: Started parsing
19:09:15.624225 [info ]: Finished loading project [  0.05s]
19:09:15.625185 [error]: [SerializationError (dbt1013)]: YAML error: mapping values are not allowed in this context at line 12 column 14
  --> models\schema.yml:12:14
19:09:15.626142 [debug]: Finished parsing models/schema.yml [  0.00s]
19:09:15.627025 [info ]: Finished parsing [  0.04s]
19:09:15.628327 [info ]: Cached model count updated: 7 models (estimate)
19:09:15.628339 [info ]: Cached model count updated: 7 models (accurate)
19:09:15.628358 [info ]: Started scheduling
19:09:15.628383 [info ]: Finished scheduling [  0.00s]
19:09:15.628390 [debug]: Compilation - 0 nodes selected: {}
19:09:15.628401 [warn ]: [NoNodesForSelectionCriteria (dbt1092)]: The selection criterion '' does not match any enabled nodes
19:09:15.628409 [warn ]: [NoNodesSelected (dbt1601)]: Nothing to do. Try checking your model configs and model specification args
19:09:15.628892 [debug]: License check failed: Feature not licensed: 'lineage'
19:09:15.629063 [info ]: Started building task graph
19:09:15.629079 [info ]: Finished building task graph [  0.00s]
19:09:15.635176 [info ]: Started scheduling
19:09:15.635226 [info ]: Finished scheduling [  0.00s]
19:09:15.636210 [info ]: Cached model count updated: 7 models (accurate)
19:09:17.221496 [info ]: Started loading project
19:09:17.222193 [info ]: Loading ~/.dbt/profiles.yml
19:09:17.240762 [info ]: Cached model count updated: 7 models (estimate)
19:09:17.240782 [info ]: Cached model count updated: 7 models (accurate)
19:09:17.240803 [info ]: Started scheduling
19:09:17.240867 [info ]: Finished scheduling [  0.00s]
19:09:17.240880 [debug]: Compilation - 10 nodes selected: {"model.casino_games_models.br_dim_currency", "model.casino_games_models.br_dim_game", "model.casino_games_models.br_fact_activity", "model.casino_games_models.gl_activity", "model.casino_games_models.slv_dim_currency", "model.casino_games_models.slv_dim_game", "model.casino_games_models.slv_fact_activity", "seed.casino_games_models.dim_currency", "seed.casino_games_models.dim_game", "seed.casino_games_models.fact_activity"}
19:09:17.241345 [debug]: License check failed: Feature not licensed: 'lineage'
19:09:17.241579 [info ]: Started building task graph
19:09:17.241629 [info ]: Finished building task graph [  0.00s]
19:09:17.241731 [info ]: Finished loading project [  0.02s]
19:09:17.246848 [error]: Arrow error: Csv error: incorrect number of fields for line 3, expected 1 got 2
19:09:17.679579 [info ]: Started rendering (10 nodes)
19:09:17.679605 [info ]: Started seed main.fact_activity
19:09:17.679614 [debug]: Started rendering seed main.fact_activity
19:09:17.679633 [info ]: Started seed main.dim_game
19:09:17.679638 [debug]: Started rendering seed main.dim_game
19:09:17.679645 [info ]: Started seed main.dim_currency
19:09:17.679648 [debug]: Started rendering seed main.dim_currency
19:09:17.679660 [info ]: Started model main.slv_dim_game
19:09:17.679665 [debug]: Started rendering model main.slv_dim_game
19:09:17.679672 [info ]: Started model main.gl_activity
19:09:17.679675 [debug]: Started rendering model main.gl_activity
19:09:17.679681 [info ]: Started model main.slv_fact_activity
19:09:17.679685 [debug]: Started rendering model main.slv_fact_activity
19:09:17.679692 [info ]: Started model main.slv_dim_currency
19:09:17.679699 [debug]: Started rendering model main.slv_dim_currency
19:09:17.679707 [info ]: Started model main.br_fact_activity
19:09:17.679711 [debug]: Started rendering model main.br_fact_activity
19:09:17.679718 [info ]: Started model main.br_dim_game
19:09:17.679722 [debug]: Started rendering model main.br_dim_game
19:09:17.679729 [info ]: Started model main.br_dim_currency
19:09:17.679733 [debug]: Started rendering model main.br_dim_currency
19:09:17.679750 [debug]: Finished rendering [  0.00s] seed main.fact_activity [success]
19:09:17.679764 [info ]:  Succeeded [-------] seed  main.fact_activity (table)
19:09:17.679779 [debug]: Finished rendering [  0.00s] seed main.dim_currency [success]
19:09:17.679782 [info ]:  Succeeded [-------] seed  main.dim_currency (table)
19:09:17.679788 [debug]: Finished rendering [  0.00s] seed main.dim_game [error]
19:09:17.679792 [info ]:     Failed [-------] seed  main.dim_game (table)
19:09:17.680087 [debug]: Compiled SQL for node model.casino_games_models.slv_dim_game at target\.lsp\compiled\casino_games_models\models\silver\slv_dim_game.sql
19:09:17.680156 [debug]: Finished rendering [  0.00s] model main.slv_dim_game [success]
19:09:17.680234 [debug]: Compiled SQL for node model.casino_games_models.gl_activity at target\.lsp\compiled\casino_games_models\models\gold\gl_activity.sql
19:09:17.680321 [debug]: Compiled SQL for node model.casino_games_models.br_dim_currency at target\.lsp\compiled\casino_games_models\models\bronze\br_dim_currency.sql
19:09:17.680376 [debug]: Compiled SQL for node model.casino_games_models.br_dim_game at target\.lsp\compiled\casino_games_models\models\bronze\br_dim_game.sql
19:09:17.680416 [info ]: Started analyzing (7 nodes)
19:09:17.680433 [debug]: Started analyzing model main.slv_dim_game
19:09:17.680454 [debug]: Finished rendering [  0.00s] model main.gl_activity [success]
19:09:17.680444 [debug]: Compiled SQL for node model.casino_games_models.br_fact_activity at target\.lsp\compiled\casino_games_models\models\bronze\br_fact_activity.sql
19:09:17.680469 [debug]: Started analyzing model main.gl_activity
19:09:17.680480 [debug]: Finished rendering [  0.00s] model main.br_dim_currency [success]
19:09:17.680490 [debug]: Started analyzing model main.br_dim_currency
19:09:17.680502 [debug]: Finished rendering [  0.00s] model main.br_dim_game [success]
19:09:17.680502 [debug]: Compiled SQL for node model.casino_games_models.slv_fact_activity at target\.lsp\compiled\casino_games_models\models\silver\slv_fact_activity.sql
19:09:17.680512 [debug]: Started analyzing model main.br_dim_game
19:09:17.680524 [debug]: Finished rendering [  0.00s] model main.br_fact_activity [success]
19:09:17.680536 [debug]: Started analyzing model main.br_fact_activity
19:09:17.680545 [debug]: Finished rendering [  0.00s] model main.slv_fact_activity [success]
19:09:17.680557 [debug]: Started analyzing model main.slv_fact_activity
19:09:17.680707 [debug]: Compiled SQL for node model.casino_games_models.slv_dim_currency at target\.lsp\compiled\casino_games_models\models\silver\slv_dim_currency.sql
19:09:17.680769 [debug]: Finished analyzing [  0.00s] model main.br_dim_game [success]
19:09:17.680786 [info ]:  Succeeded [-------] model main.br_dim_game (view)
19:09:17.680807 [debug]: Finished analyzing [  0.00s] model main.slv_dim_game [success]
19:09:17.680814 [info ]:  Succeeded [-------] model main.slv_dim_game (view)
19:09:17.680828 [debug]: Finished rendering [  0.00s] model main.slv_dim_currency [success]
19:09:17.680838 [info ]: Finished rendering [  0.00s] (10 nodes, 0 skipped, 1 errors)
19:09:17.680853 [debug]: Started analyzing model main.slv_dim_currency
19:09:17.680876 [debug]: Finished analyzing [  0.00s] model main.br_dim_currency [success]
19:09:17.680884 [info ]:  Succeeded [-------] model main.br_dim_currency (view)
19:09:17.681080 [debug]: Finished analyzing [  0.00s] model main.slv_dim_currency [success]
19:09:17.681101 [info ]:  Succeeded [  0.00s] model main.slv_dim_currency (view)
19:09:17.681174 [debug]: Finished analyzing [  0.00s] model main.slv_fact_activity [success]
19:09:17.681192 [info ]:  Succeeded [-------] model main.slv_fact_activity (view)
19:09:17.681360 [debug]: Finished analyzing [  0.00s] model main.br_fact_activity [success]
19:09:17.681388 [info ]:  Succeeded [-------] model main.br_fact_activity (view)
19:09:17.682476 [debug]: Finished analyzing [  0.00s] model main.gl_activity [success]
19:09:17.682499 [info ]: Finished analyzing [  0.00s] (7 nodes, 0 skipped, 0 errors)
19:09:17.682507 [info ]:  Succeeded [  0.00s] model main.gl_activity (view)
19:09:17.686911 [info ]: Started scheduling
19:09:17.686982 [info ]: Finished scheduling [  0.00s]
19:09:17.687618 [info ]: Cached model count updated: 7 models (accurate)
19:09:19.039655 [info ]: Started loading project
19:09:19.040438 [info ]: Loading ~/.dbt/profiles.yml
19:09:19.052956 [info ]: Started parsing
19:09:19.098941 [info ]: Finished loading project [  0.06s]
19:09:19.099655 [error]: [SerializationError (dbt1013)]: YAML error: mapping values are not allowed in this context at line 12 column 14
  --> models\schema.yml:12:14
19:09:19.101201 [debug]: Finished parsing models/schema.yml [  0.00s]
19:09:19.104509 [info ]: Finished parsing [  0.05s]
19:09:19.106325 [info ]: Cached model count updated: 7 models (estimate)
19:09:19.106340 [info ]: Cached model count updated: 7 models (accurate)
19:09:19.106360 [info ]: Started scheduling
19:09:19.106387 [info ]: Finished scheduling [  0.00s]
19:09:19.106398 [debug]: Compilation - 0 nodes selected: {}
19:09:19.106411 [warn ]: [NoNodesForSelectionCriteria (dbt1092)]: The selection criterion '' does not match any enabled nodes
19:09:19.106420 [warn ]: [NoNodesSelected (dbt1601)]: Nothing to do. Try checking your model configs and model specification args
19:09:19.107044 [debug]: License check failed: Feature not licensed: 'lineage'
19:09:19.107252 [info ]: Started building task graph
19:09:19.107271 [info ]: Finished building task graph [  0.00s]
19:09:19.111839 [info ]: Started scheduling
19:09:19.111874 [info ]: Finished scheduling [  0.00s]
19:09:19.112549 [info ]: Cached model count updated: 7 models (accurate)
19:09:20.795253 [info ]: Started loading project
19:09:20.796268 [info ]: Loading ~/.dbt/profiles.yml
19:09:20.819879 [info ]: Cached model count updated: 7 models (estimate)
19:09:20.819900 [info ]: Cached model count updated: 7 models (accurate)
19:09:20.819930 [info ]: Started scheduling
19:09:20.820008 [info ]: Finished scheduling [  0.00s]
19:09:20.820021 [debug]: Compilation - 10 nodes selected: {"model.casino_games_models.br_dim_currency", "model.casino_games_models.br_dim_game", "model.casino_games_models.br_fact_activity", "model.casino_games_models.gl_activity", "model.casino_games_models.slv_dim_currency", "model.casino_games_models.slv_dim_game", "model.casino_games_models.slv_fact_activity", "seed.casino_games_models.dim_currency", "seed.casino_games_models.dim_game", "seed.casino_games_models.fact_activity"}
19:09:20.820716 [debug]: License check failed: Feature not licensed: 'lineage'
19:09:20.820980 [info ]: Started building task graph
19:09:20.821061 [info ]: Finished building task graph [  0.00s]
19:09:20.821199 [info ]: Finished loading project [  0.03s]
19:09:20.825881 [error]: Arrow error: Csv error: incorrect number of fields for line 3, expected 1 got 2
19:09:21.278019 [info ]: Started rendering (10 nodes)
19:09:21.278059 [info ]: Started seed main.fact_activity
19:09:21.278251 [debug]: Started rendering seed main.fact_activity
19:09:21.278285 [info ]: Started seed main.dim_game
19:09:21.278296 [debug]: Started rendering seed main.dim_game
19:09:21.278306 [info ]: Started seed main.dim_currency
19:09:21.278311 [debug]: Started rendering seed main.dim_currency
19:09:21.278321 [info ]: Started model main.slv_dim_game
19:09:21.278325 [debug]: Started rendering model main.slv_dim_game
19:09:21.278335 [info ]: Started model main.gl_activity
19:09:21.278341 [debug]: Started rendering model main.gl_activity
19:09:21.278349 [info ]: Started model main.slv_fact_activity
19:09:21.278354 [debug]: Started rendering model main.slv_fact_activity
19:09:21.278361 [info ]: Started model main.slv_dim_currency
19:09:21.278365 [debug]: Started rendering model main.slv_dim_currency
19:09:21.278374 [info ]: Started model main.br_fact_activity
19:09:21.278379 [debug]: Started rendering model main.br_fact_activity
19:09:21.278388 [info ]: Started model main.br_dim_game
19:09:21.278393 [debug]: Started rendering model main.br_dim_game
19:09:21.278400 [info ]: Started model main.br_dim_currency
19:09:21.278408 [debug]: Started rendering model main.br_dim_currency
19:09:21.278437 [debug]: Finished rendering [  0.00s] seed main.fact_activity [success]
19:09:21.278452 [info ]:  Succeeded [-------] seed  main.fact_activity (table)
19:09:21.278467 [debug]: Finished rendering [  0.00s] seed main.dim_game [error]
19:09:21.278470 [info ]:     Failed [-------] seed  main.dim_game (table)
19:09:21.278487 [debug]: Finished rendering [  0.00s] seed main.dim_currency [success]
19:09:21.278491 [info ]:  Succeeded [-------] seed  main.dim_currency (table)
19:09:21.278748 [debug]: Compiled SQL for node model.casino_games_models.slv_dim_game at target\.lsp\compiled\casino_games_models\models\silver\slv_dim_game.sql
19:09:21.278747 [debug]: Compiled SQL for node model.casino_games_models.slv_fact_activity at target\.lsp\compiled\casino_games_models\models\silver\slv_fact_activity.sql
19:09:21.278772 [debug]: Compiled SQL for node model.casino_games_models.gl_activity at target\.lsp\compiled\casino_games_models\models\gold\gl_activity.sql
19:09:21.278815 [debug]: Compiled SQL for node model.casino_games_models.br_dim_currency at target\.lsp\compiled\casino_games_models\models\bronze\br_dim_currency.sql
19:09:21.278827 [debug]: Finished rendering [  0.00s] model main.slv_dim_game [success]
19:09:21.278850 [info ]: Started analyzing (7 nodes)
19:09:21.278850 [debug]: Compiled SQL for node model.casino_games_models.br_dim_game at target\.lsp\compiled\casino_games_models\models\bronze\br_dim_game.sql
19:09:21.278860 [debug]: Started analyzing model main.slv_dim_game
19:09:21.278874 [debug]: Finished rendering [  0.00s] model main.slv_fact_activity [success]
19:09:21.278883 [debug]: Started analyzing model main.slv_fact_activity
19:09:21.278894 [debug]: Finished rendering [  0.00s] model main.gl_activity [success]
19:09:21.278893 [debug]: Compiled SQL for node model.casino_games_models.slv_dim_currency at target\.lsp\compiled\casino_games_models\models\silver\slv_dim_currency.sql
19:09:21.278901 [debug]: Started analyzing model main.gl_activity
19:09:21.278914 [debug]: Finished rendering [  0.00s] model main.br_dim_currency [success]
19:09:21.278921 [debug]: Started analyzing model main.br_dim_currency
19:09:21.278930 [debug]: Finished rendering [  0.00s] model main.br_dim_game [success]
19:09:21.278937 [debug]: Started analyzing model main.br_dim_game
19:09:21.278946 [debug]: Finished rendering [  0.00s] model main.slv_dim_currency [success]
19:09:21.278951 [debug]: Started analyzing model main.slv_dim_currency
19:09:21.279202 [debug]: Finished analyzing [  0.00s] model main.slv_dim_game [success]
19:09:21.279218 [info ]:  Succeeded [-------] model main.slv_dim_game (view)
19:09:21.279231 [debug]: Finished analyzing [  0.00s] model main.slv_dim_currency [success]
19:09:21.279239 [info ]:  Succeeded [-------] model main.slv_dim_currency (view)
19:09:21.279247 [debug]: Finished analyzing [  0.00s] model main.slv_fact_activity [success]
19:09:21.279253 [info ]:  Succeeded [-------] model main.slv_fact_activity (view)
19:09:21.279260 [debug]: Finished analyzing [  0.00s] model main.br_dim_game [success]
19:09:21.279264 [info ]:  Succeeded [-------] model main.br_dim_game (view)
19:09:21.279553 [debug]: Finished analyzing [  0.00s] model main.br_dim_currency [success]
19:09:21.279566 [info ]:  Succeeded [-------] model main.br_dim_currency (view)
19:09:21.279776 [debug]: Compiled SQL for node model.casino_games_models.br_fact_activity at target\.lsp\compiled\casino_games_models\models\bronze\br_fact_activity.sql
19:09:21.279830 [debug]: Finished rendering [  0.00s] model main.br_fact_activity [success]
19:09:21.279842 [info ]: Finished rendering [  0.00s] (10 nodes, 0 skipped, 1 errors)
19:09:21.279852 [debug]: Started analyzing model main.br_fact_activity
19:09:21.279909 [debug]: Finished analyzing [  0.00s] model main.gl_activity [success]
19:09:21.279925 [info ]:  Succeeded [  0.00s] model main.gl_activity (view)
19:09:21.279988 [debug]: Finished analyzing [  0.00s] model main.br_fact_activity [success]
19:09:21.279995 [info ]: Finished analyzing [  0.00s] (7 nodes, 0 skipped, 0 errors)
19:09:21.280000 [info ]:  Succeeded [  0.00s] model main.br_fact_activity (view)
19:09:21.283127 [info ]: Started scheduling
19:09:21.283180 [info ]: Finished scheduling [  0.00s]
19:09:21.283584 [info ]: Cached model count updated: 7 models (accurate)
19:09:28.075071 [info ]: Started loading project
19:09:28.075556 [info ]: Loading ~/.dbt/profiles.yml
19:09:28.082852 [info ]: Started parsing
19:09:28.133652 [info ]: Finished loading project [  0.06s]
19:09:28.134731 [error]: [SerializationError (dbt1013)]: YAML error: mapping values are not allowed in this context at line 37 column 14
  --> models\schema.yml:37:14
19:09:28.135780 [debug]: Finished parsing models/schema.yml [  0.00s]
19:09:28.137254 [info ]: Finished parsing [  0.05s]
19:09:28.138786 [info ]: Cached model count updated: 7 models (estimate)
19:09:28.138799 [info ]: Cached model count updated: 7 models (accurate)
19:09:28.138820 [info ]: Started scheduling
19:09:28.138846 [info ]: Finished scheduling [  0.00s]
19:09:28.138853 [debug]: Compilation - 0 nodes selected: {}
19:09:28.138869 [warn ]: [NoNodesForSelectionCriteria (dbt1092)]: The selection criterion '' does not match any enabled nodes
19:09:28.138878 [warn ]: [NoNodesSelected (dbt1601)]: Nothing to do. Try checking your model configs and model specification args
19:09:28.139326 [debug]: License check failed: Feature not licensed: 'lineage'
19:09:28.139507 [info ]: Started building task graph
19:09:28.139530 [info ]: Finished building task graph [  0.00s]
19:09:28.144287 [info ]: Started scheduling
19:09:28.144333 [info ]: Finished scheduling [  0.00s]
19:09:28.145174 [info ]: Cached model count updated: 7 models (accurate)
19:09:29.678016 [info ]: Started loading project
19:09:29.678514 [info ]: Loading ~/.dbt/profiles.yml
19:09:29.698626 [info ]: Cached model count updated: 7 models (estimate)
19:09:29.698645 [info ]: Cached model count updated: 7 models (accurate)
19:09:29.698666 [info ]: Started scheduling
19:09:29.698729 [info ]: Finished scheduling [  0.00s]
19:09:29.698748 [debug]: Compilation - 10 nodes selected: {"model.casino_games_models.br_dim_currency", "model.casino_games_models.br_dim_game", "model.casino_games_models.br_fact_activity", "model.casino_games_models.gl_activity", "model.casino_games_models.slv_dim_currency", "model.casino_games_models.slv_dim_game", "model.casino_games_models.slv_fact_activity", "seed.casino_games_models.dim_currency", "seed.casino_games_models.dim_game", "seed.casino_games_models.fact_activity"}
19:09:29.699306 [debug]: License check failed: Feature not licensed: 'lineage'
19:09:29.699534 [info ]: Started building task graph
19:09:29.699589 [info ]: Finished building task graph [  0.00s]
19:09:29.699634 [info ]: Finished loading project [  0.02s]
19:09:29.705205 [error]: Arrow error: Csv error: incorrect number of fields for line 3, expected 1 got 2
19:09:30.139442 [info ]: Started rendering (10 nodes)
19:09:30.139466 [info ]: Started seed main.fact_activity
19:09:30.139474 [debug]: Started rendering seed main.fact_activity
19:09:30.139490 [info ]: Started seed main.dim_game
19:09:30.139498 [debug]: Started rendering seed main.dim_game
19:09:30.139505 [info ]: Started seed main.dim_currency
19:09:30.139509 [debug]: Started rendering seed main.dim_currency
19:09:30.139517 [info ]: Started model main.slv_dim_game
19:09:30.139521 [debug]: Started rendering model main.slv_dim_game
19:09:30.139528 [info ]: Started model main.gl_activity
19:09:30.139533 [debug]: Started rendering model main.gl_activity
19:09:30.139538 [info ]: Started model main.slv_fact_activity
19:09:30.139549 [debug]: Started rendering model main.slv_fact_activity
19:09:30.139555 [info ]: Started model main.slv_dim_currency
19:09:30.139560 [debug]: Started rendering model main.slv_dim_currency
19:09:30.139568 [info ]: Started model main.br_fact_activity
19:09:30.139573 [debug]: Started rendering model main.br_fact_activity
19:09:30.139580 [info ]: Started model main.br_dim_game
19:09:30.139587 [debug]: Started rendering model main.br_dim_game
19:09:30.139594 [info ]: Started model main.br_dim_currency
19:09:30.139598 [debug]: Started rendering model main.br_dim_currency
19:09:30.139616 [debug]: Finished rendering [  0.00s] seed main.fact_activity [success]
19:09:30.139630 [info ]:  Succeeded [-------] seed  main.fact_activity (table)
19:09:30.139643 [debug]: Finished rendering [  0.00s] seed main.dim_game [error]
19:09:30.139685 [info ]:     Failed [-------] seed  main.dim_game (table)
19:09:30.139698 [debug]: Finished rendering [  0.00s] seed main.dim_currency [success]
19:09:30.139704 [info ]:  Succeeded [-------] seed  main.dim_currency (table)
19:09:30.139879 [debug]: Compiled SQL for node model.casino_games_models.slv_dim_game at target\.lsp\compiled\casino_games_models\models\silver\slv_dim_game.sql
19:09:30.139878 [debug]: Compiled SQL for node model.casino_games_models.br_fact_activity at target\.lsp\compiled\casino_games_models\models\bronze\br_fact_activity.sql
19:09:30.139878 [debug]: Compiled SQL for node model.casino_games_models.slv_dim_currency at target\.lsp\compiled\casino_games_models\models\silver\slv_dim_currency.sql
19:09:30.139930 [debug]: Compiled SQL for node model.casino_games_models.gl_activity at target\.lsp\compiled\casino_games_models\models\gold\gl_activity.sql
19:09:30.139943 [debug]: Compiled SQL for node model.casino_games_models.br_dim_game at target\.lsp\compiled\casino_games_models\models\bronze\br_dim_game.sql
19:09:30.139943 [debug]: Finished rendering [  0.00s] model main.slv_dim_currency [success]
19:09:30.139974 [info ]: Started analyzing (7 nodes)
19:09:30.140007 [debug]: Started analyzing model main.slv_dim_currency
19:09:30.140021 [debug]: Compiled SQL for node model.casino_games_models.br_dim_currency at target\.lsp\compiled\casino_games_models\models\bronze\br_dim_currency.sql
19:09:30.140024 [debug]: Finished rendering [  0.00s] model main.br_fact_activity [success]
19:09:30.140037 [debug]: Started analyzing model main.br_fact_activity
19:09:30.140046 [debug]: Finished rendering [  0.00s] model main.slv_dim_game [success]
19:09:30.140041 [debug]: Compiled SQL for node model.casino_games_models.slv_fact_activity at target\.lsp\compiled\casino_games_models\models\silver\slv_fact_activity.sql
19:09:30.140052 [debug]: Started analyzing model main.slv_dim_game
19:09:30.140063 [debug]: Finished rendering [  0.00s] model main.gl_activity [success]
19:09:30.140071 [debug]: Started analyzing model main.gl_activity
19:09:30.140080 [debug]: Finished rendering [  0.00s] model main.br_dim_game [success]
19:09:30.140085 [debug]: Started analyzing model main.br_dim_game
19:09:30.140093 [debug]: Finished rendering [  0.00s] model main.br_dim_currency [success]
19:09:30.140098 [debug]: Started analyzing model main.br_dim_currency
19:09:30.140106 [debug]: Finished rendering [  0.00s] model main.slv_fact_activity [success]
19:09:30.140111 [info ]: Finished rendering [  0.00s] (10 nodes, 0 skipped, 1 errors)
19:09:30.140116 [debug]: Started analyzing model main.slv_fact_activity
19:09:30.140217 [debug]: Finished analyzing [  0.00s] model main.slv_dim_game [success]
19:09:30.140233 [info ]:  Succeeded [-------] model main.slv_dim_game (view)
19:09:30.140251 [debug]: Finished analyzing [  0.00s] model main.slv_dim_currency [success]
19:09:30.140258 [info ]:  Succeeded [-------] model main.slv_dim_currency (view)
19:09:30.140272 [debug]: Finished analyzing [  0.00s] model main.br_dim_currency [success]
19:09:30.140282 [info ]:  Succeeded [-------] model main.br_dim_currency (view)
19:09:30.140295 [debug]: Finished analyzing [  0.00s] model main.br_fact_activity [success]
19:09:30.140299 [info ]:  Succeeded [-------] model main.br_fact_activity (view)
19:09:30.140306 [debug]: Finished analyzing [  0.00s] model main.slv_fact_activity [success]
19:09:30.140309 [info ]:  Succeeded [-------] model main.slv_fact_activity (view)
19:09:30.140346 [debug]: Finished analyzing [  0.00s] model main.br_dim_game [success]
19:09:30.140372 [info ]:  Succeeded [-------] model main.br_dim_game (view)
19:09:30.140827 [debug]: Finished analyzing [  0.00s] model main.gl_activity [success]
19:09:30.140843 [info ]: Finished analyzing [  0.00s] (7 nodes, 0 skipped, 0 errors)
19:09:30.140849 [info ]:  Succeeded [-------] model main.gl_activity (view)
19:09:30.143754 [info ]: Started scheduling
19:09:30.143787 [info ]: Finished scheduling [  0.00s]
19:09:30.144138 [info ]: Cached model count updated: 7 models (accurate)
19:09:36.366285 [info ]: Started loading project
19:09:36.367536 [info ]: Loading ~/.dbt/profiles.yml
19:09:36.382827 [info ]: Started parsing
19:09:36.442312 [info ]: Finished loading project [  0.08s]
19:09:36.453813 [debug]: Finished parsing models/schema.yml [  0.01s]
19:09:36.468259 [info ]: Finished parsing [  0.09s]
19:09:36.471413 [info ]: Cached model count updated: 7 models (accurate)
19:09:38.022148 [info ]: Started loading project
19:09:38.023372 [info ]: Loading ~/.dbt/profiles.yml
19:09:38.038816 [info ]: Started parsing
19:09:38.094012 [info ]: Finished loading project [  0.07s]
19:09:38.094633 [debug]: Finished parsing models/schema.yml [  0.00s]
19:09:38.096187 [info ]: Cached model count updated: 7 models (accurate)
19:09:38.099559 [info ]: Finished parsing [  0.06s]
19:10:24.983179 [info ]: Started loading project
19:10:24.984352 [info ]: Loading ~/.dbt/profiles.yml
19:10:24.991941 [info ]: Started loading project
19:10:24.992302 [info ]: Loading ~/.dbt/profiles.yml
19:10:24.992363 [info ]: Finished loading project [  0.01s]
19:10:25.008883 [debug]:    Started loading packages
19:10:25.011971 [debug]:     Loaded [  0.00s] packages
19:10:25.013014 [info ]: Finished loading project [  0.02s]
19:10:25.013151 [info ]: Started parsing
19:10:25.036216 [debug]: Finished parsing models/schema.yml [  0.00s]
19:10:25.040997 [info ]: Finished parsing [  0.03s]
19:12:11.220751 [info ]: Started loading project
19:12:11.221304 [info ]: Loading ~/.dbt/profiles.yml
19:12:11.223876 [debug]:    Started loading packages
19:12:11.226272 [debug]:     Loaded [  0.00s] packages
19:12:11.226885 [info ]: Finished loading project [  0.01s]
19:12:11.227047 [info ]: Started parsing
19:12:11.250151 [debug]: Finished parsing models/schema.yml [  0.00s]
19:12:11.254175 [info ]: Finished parsing [  0.03s]
19:12:50.089095 [info ]: Started loading project
19:12:50.089719 [info ]: Loading ~/.dbt/profiles.yml
19:12:50.092350 [debug]:    Started loading packages
19:12:50.094761 [debug]:     Loaded [  0.00s] packages
19:12:50.095344 [info ]: Finished loading project [  0.01s]
19:12:50.095491 [info ]: Started parsing
19:12:50.124434 [debug]: Finished parsing models/schema.yml [  0.00s]
19:12:50.126537 [info ]: Finished parsing [  0.03s]
19:16:42.428823 [info ]: Started loading project
19:16:42.430575 [info ]: Loading ~/.dbt/profiles.yml
19:16:42.436207 [debug]:    Started loading packages
19:16:42.444749 [debug]:     Loaded [  0.01s] packages
19:16:42.447663 [info ]: Finished loading project [  0.02s]
19:16:42.448147 [info ]: Started parsing
19:16:42.513900 [debug]: Finished parsing models/schema.yml [  0.00s]
19:16:42.565071 [debug]: Finished parsing models/bronze/br_dim_currency.sql [  0.02s]
19:16:42.566039 [debug]: Finished parsing models/bronze/br_dim_game.sql [  0.00s]
19:16:42.567486 [debug]: Finished parsing models/bronze/br_fact_activity.sql [  0.00s]
19:16:42.574605 [debug]: Finished parsing models/gold/gl_activity.sql [  0.01s]
19:16:42.576260 [debug]: Finished parsing models/silver/slv_dim_currency.sql [  0.00s]
19:16:42.576671 [debug]: Finished parsing models/silver/slv_dim_game.sql [  0.00s]
19:16:42.577962 [debug]: Finished parsing models/silver/slv_fact_activity.sql [  0.00s]
19:16:42.585472 [warn ]: [NoNodeForYamlKey (dbt1089)]: Unused schema.yml entry for model 'slv_fact-_ctivity'
  --> models/schema.yml
19:16:42.591948 [debug]: Finished parsing tests/total_spins_not_zero.sql [  0.00s]
19:16:42.607825 [info ]: Finished parsing [  0.16s]
19:16:42.611473 [info ]: Cached model count updated: 7 models (estimate)
19:16:42.611493 [info ]: Cached model count updated: 7 models (accurate)
19:16:42.612734 [info ]: Started scheduling
19:16:42.614704 [info ]: Finished scheduling [  0.00s]
19:16:42.615092 [debug]: Compilation - 0 nodes selected: {}
19:16:42.616152 [warn ]: [NoNodesForSelectionCriteria (dbt1092)]: The selection criterion '' does not match any enabled nodes
19:16:42.616169 [warn ]: [NoNodesSelected (dbt1601)]: Nothing to do. Try checking your model configs and model specification args
19:16:42.616493 [info ]: Started scheduling
19:16:42.617992 [info ]: Finished scheduling [  0.00s]
19:16:42.632544 [debug]: License check failed: Feature not licensed: 'lineage'
19:16:42.636998 [info ]: Started building task graph
19:16:42.637034 [info ]: Finished building task graph [  0.00s]
19:16:42.684934 [info ]: Started scheduling
19:16:42.684991 [info ]: Finished scheduling [  0.00s]
19:16:42.687362 [info ]: Cached model count updated: 7 models (accurate)
19:16:44.351972 [info ]: Started loading project
19:16:44.353910 [info ]: Loading ~/.dbt/profiles.yml
19:16:44.387735 [info ]: Cached model count updated: 7 models (estimate)
19:16:44.387759 [info ]: Cached model count updated: 7 models (accurate)
19:16:44.387783 [info ]: Started scheduling
19:16:44.388163 [info ]: Finished scheduling [  0.00s]
19:16:44.388183 [debug]: Compilation - 10 nodes selected: {"model.casino_games_models.br_dim_currency", "model.casino_games_models.br_dim_game", "model.casino_games_models.br_fact_activity", "model.casino_games_models.gl_activity", "model.casino_games_models.slv_dim_currency", "model.casino_games_models.slv_dim_game", "model.casino_games_models.slv_fact_activity", "seed.casino_games_models.dim_currency", "seed.casino_games_models.dim_game", "seed.casino_games_models.fact_activity"}
19:16:44.389025 [debug]: License check failed: Feature not licensed: 'lineage'
19:16:44.390836 [info ]: Started building task graph
19:16:44.391843 [info ]: Finished building task graph [  0.00s]
19:16:44.391959 [info ]: Finished loading project [  0.04s]
19:16:44.415812 [error]: Arrow error: Csv error: incorrect number of fields for line 3, expected 1 got 2
19:16:44.921265 [info ]: Started rendering (10 nodes)
19:16:44.922556 [info ]: Started seed main.fact_activity
19:16:44.923338 [debug]: Started rendering seed main.fact_activity
19:16:44.924037 [info ]: Started seed main.dim_game
19:16:44.924056 [debug]: Started rendering seed main.dim_game
19:16:44.924072 [info ]: Started seed main.dim_currency
19:16:44.924092 [debug]: Started rendering seed main.dim_currency
19:16:44.924114 [info ]: Started model main.slv_dim_game
19:16:44.924122 [debug]: Started rendering model main.slv_dim_game
19:16:44.924131 [info ]: Started model main.gl_activity
19:16:44.924139 [debug]: Started rendering model main.gl_activity
19:16:44.924147 [info ]: Started model main.slv_fact_activity
19:16:44.924153 [debug]: Started rendering model main.slv_fact_activity
19:16:44.924162 [info ]: Started model main.slv_dim_currency
19:16:44.924169 [debug]: Started rendering model main.slv_dim_currency
19:16:44.924178 [info ]: Started model main.br_fact_activity
19:16:44.924185 [debug]: Started rendering model main.br_fact_activity
19:16:44.924215 [info ]: Started model main.br_dim_game
19:16:44.924224 [debug]: Started rendering model main.br_dim_game
19:16:44.925451 [info ]: Started model main.br_dim_currency
19:16:44.925466 [debug]: Started rendering model main.br_dim_currency
19:16:44.928037 [debug]: Finished rendering [  0.00s] seed main.fact_activity [success]
19:16:44.928455 [info ]:  Succeeded [  0.00s] seed  main.fact_activity (table)
19:16:44.929226 [debug]: Finished rendering [  0.01s] seed main.dim_game [error]
19:16:44.929240 [info ]:     Failed [  0.01s] seed  main.dim_game (table)
19:16:44.929270 [debug]: Finished rendering [  0.01s] seed main.dim_currency [success]
19:16:44.929279 [info ]:  Succeeded [  0.01s] seed  main.dim_currency (table)
19:16:44.939151 [debug]: Compiled SQL for node model.casino_games_models.br_dim_game at target\.lsp\compiled\casino_games_models\models\bronze\br_dim_game.sql
19:16:44.939245 [debug]: Compiled SQL for node model.casino_games_models.gl_activity at target\.lsp\compiled\casino_games_models\models\gold\gl_activity.sql
19:16:44.940084 [debug]: Compiled SQL for node model.casino_games_models.br_dim_currency at target\.lsp\compiled\casino_games_models\models\bronze\br_dim_currency.sql
19:16:44.940097 [debug]: Compiled SQL for node model.casino_games_models.slv_dim_game at target\.lsp\compiled\casino_games_models\models\silver\slv_dim_game.sql
19:16:44.940319 [debug]: Compiled SQL for node model.casino_games_models.slv_fact_activity at target\.lsp\compiled\casino_games_models\models\silver\slv_fact_activity.sql
19:16:44.941212 [debug]: Compiled SQL for node model.casino_games_models.br_fact_activity at target\.lsp\compiled\casino_games_models\models\bronze\br_fact_activity.sql
19:16:44.941294 [debug]: Compiled SQL for node model.casino_games_models.slv_dim_currency at target\.lsp\compiled\casino_games_models\models\silver\slv_dim_currency.sql
19:16:44.941218 [debug]: Finished rendering [  0.02s] model main.br_dim_game [success]
19:16:44.943182 [info ]: Started analyzing (7 nodes)
19:16:44.943437 [debug]: Started analyzing model main.br_dim_game
19:16:44.943636 [debug]: Finished rendering [  0.02s] model main.gl_activity [success]
19:16:44.943667 [debug]: Started analyzing model main.gl_activity
19:16:44.943683 [debug]: Finished rendering [  0.02s] model main.br_dim_currency [success]
19:16:44.943696 [debug]: Started analyzing model main.br_dim_currency
19:16:44.943709 [debug]: Finished rendering [  0.02s] model main.slv_dim_game [success]
19:16:44.943718 [debug]: Started analyzing model main.slv_dim_game
19:16:44.944021 [debug]: Finished rendering [  0.02s] model main.slv_fact_activity [success]
19:16:44.944041 [debug]: Started analyzing model main.slv_fact_activity
19:16:44.944058 [debug]: Finished rendering [  0.02s] model main.br_fact_activity [success]
19:16:44.944065 [debug]: Started analyzing model main.br_fact_activity
19:16:44.944085 [debug]: Finished rendering [  0.02s] model main.slv_dim_currency [success]
19:16:44.944091 [info ]: Finished rendering [  0.02s] (10 nodes, 0 skipped, 1 errors)
19:16:44.944099 [debug]: Started analyzing model main.slv_dim_currency
19:16:44.957391 [debug]: Finished analyzing [  0.01s] model main.slv_dim_currency [success]
19:16:44.957434 [info ]:  Succeeded [  0.03s] model main.slv_dim_currency (view)
19:16:44.957460 [debug]: Finished analyzing [  0.01s] model main.slv_fact_activity [success]
19:16:44.957478 [info ]:  Succeeded [  0.03s] model main.slv_fact_activity (view)
19:16:44.957493 [debug]: Finished analyzing [  0.01s] model main.br_dim_game [success]
19:16:44.957503 [info ]:  Succeeded [  0.03s] model main.br_dim_game (view)
19:16:44.957529 [debug]: Finished analyzing [  0.01s] model main.br_fact_activity [success]
19:16:44.957539 [info ]:  Succeeded [  0.03s] model main.br_fact_activity (view)
19:16:44.957790 [debug]: Finished analyzing [  0.01s] model main.br_dim_currency [success]
19:16:44.957813 [info ]:  Succeeded [  0.03s] model main.br_dim_currency (view)
19:16:44.957841 [debug]: Finished analyzing [  0.01s] model main.slv_dim_game [success]
19:16:44.957852 [info ]:  Succeeded [  0.03s] model main.slv_dim_game (view)
19:16:44.957867 [debug]: Finished analyzing [  0.01s] model main.gl_activity [success]
19:16:44.957876 [info ]: Finished analyzing [  0.01s] (7 nodes, 0 skipped, 0 errors)
19:16:44.957882 [info ]:  Succeeded [  0.03s] model main.gl_activity (view)
19:16:44.961929 [info ]: Started scheduling
19:16:44.961974 [info ]: Finished scheduling [  0.00s]
19:16:44.962946 [info ]: Cached model count updated: 7 models (accurate)
19:17:32.566177 [info ]: Started loading project
19:17:32.568179 [info ]: Loading ~/.dbt/profiles.yml
19:17:32.591848 [info ]: Started parsing
19:17:32.625831 [info ]: Finished loading project [  0.06s]
19:17:32.629281 [error]: [DuplicateConfigKey (dbt1059)]: Duplicate key `name`. This key overwrites a previous definition of the same key at line 15 column 5. YAML path: `models[1].name`.
  --> models\schema.yml:16:5
19:17:32.630911 [debug]: Finished parsing models/schema.yml [  0.00s]
19:17:32.631449 [debug]: Finished parsing models/silver/slv_dim_game.sql [  0.00s]
19:17:32.636544 [info ]: Finished parsing [  0.04s]
19:17:32.638785 [info ]: Cached model count updated: 7 models (estimate)
19:17:32.638801 [info ]: Cached model count updated: 7 models (accurate)
19:17:32.638833 [info ]: Started scheduling
19:17:32.640740 [info ]: Finished scheduling [  0.00s]
19:17:32.640803 [debug]: Compilation - 2 nodes selected: {"model.casino_games_models.br_dim_game", "model.casino_games_models.slv_dim_game"}
19:17:32.642579 [debug]: License check failed: Feature not licensed: 'lineage'
19:17:32.643082 [info ]: Started building task graph
19:17:32.643125 [info ]: Finished building task graph [  0.00s]
19:17:32.646875 [info ]: Started rendering (2 nodes)
19:17:32.646893 [info ]: Started model main.slv_dim_game
19:17:32.646901 [debug]: Started rendering model main.slv_dim_game
19:17:32.646916 [info ]: Started model main.br_dim_game
19:17:32.646926 [debug]: Started rendering model main.br_dim_game
19:17:32.647578 [debug]: Compiled SQL for node model.casino_games_models.br_dim_game at target\.lsp\compiled\casino_games_models\models\bronze\br_dim_game.sql
19:17:32.647628 [debug]: Finished rendering [  0.00s] model main.br_dim_game [success]
19:17:32.647807 [info ]: Started analyzing (2 nodes)
19:17:32.647821 [debug]: Started analyzing model main.br_dim_game
19:17:32.648385 [debug]: Compiled SQL for node model.casino_games_models.slv_dim_game at target\.lsp\compiled\casino_games_models\models\silver\slv_dim_game.sql
19:17:32.648452 [debug]: Finished rendering [  0.00s] model main.slv_dim_game [success]
19:17:32.648467 [info ]: Finished rendering [  0.00s] (2 nodes, 0 skipped, 0 errors)
19:17:32.648478 [debug]: Started analyzing model main.slv_dim_game
19:17:32.648523 [debug]: Finished analyzing [  0.00s] model main.br_dim_game [success]
19:17:32.648543 [info ]:  Succeeded [-------] model main.br_dim_game (view)
19:17:32.649141 [debug]: Finished analyzing [  0.00s] model main.slv_dim_game [success]
19:17:32.649156 [info ]: Finished analyzing [  0.00s] (2 nodes, 0 skipped, 0 errors)
19:17:32.649164 [info ]:  Succeeded [  0.00s] model main.slv_dim_game (view)
19:17:32.651566 [info ]: Started scheduling
19:17:32.651647 [info ]: Finished scheduling [  0.00s]
19:17:32.655452 [info ]: Cached model count updated: 7 models (accurate)
19:17:34.329852 [info ]: Started loading project
19:17:34.330771 [info ]: Loading ~/.dbt/profiles.yml
19:17:34.363254 [info ]: Cached model count updated: 7 models (estimate)
19:17:34.363274 [info ]: Cached model count updated: 7 models (accurate)
19:17:34.363295 [info ]: Started scheduling
19:17:34.363368 [info ]: Finished scheduling [  0.00s]
19:17:34.363380 [debug]: Compilation - 10 nodes selected: {"model.casino_games_models.br_dim_currency", "model.casino_games_models.br_dim_game", "model.casino_games_models.br_fact_activity", "model.casino_games_models.gl_activity", "model.casino_games_models.slv_dim_currency", "model.casino_games_models.slv_dim_game", "model.casino_games_models.slv_fact_activity", "seed.casino_games_models.dim_currency", "seed.casino_games_models.dim_game", "seed.casino_games_models.fact_activity"}
19:17:34.363866 [debug]: License check failed: Feature not licensed: 'lineage'
19:17:34.364086 [info ]: Started building task graph
19:17:34.364140 [info ]: Finished building task graph [  0.00s]
19:17:34.364394 [info ]: Finished loading project [  0.03s]
19:17:34.376892 [error]: Arrow error: Csv error: incorrect number of fields for line 3, expected 1 got 2
19:17:34.853993 [info ]: Started rendering (10 nodes)
19:17:34.854384 [info ]: Started seed main.fact_activity
19:17:34.854416 [debug]: Started rendering seed main.fact_activity
19:17:34.854449 [info ]: Started seed main.dim_game
19:17:34.854457 [debug]: Started rendering seed main.dim_game
19:17:34.854466 [info ]: Started seed main.dim_currency
19:17:34.854474 [debug]: Started rendering seed main.dim_currency
19:17:34.854483 [info ]: Started model main.slv_dim_game
19:17:34.854489 [debug]: Started rendering model main.slv_dim_game
19:17:34.854497 [info ]: Started model main.gl_activity
19:17:34.854502 [debug]: Started rendering model main.gl_activity
19:17:34.854509 [info ]: Started model main.slv_fact_activity
19:17:34.854515 [debug]: Started rendering model main.slv_fact_activity
19:17:34.854522 [info ]: Started model main.slv_dim_currency
19:17:34.854525 [debug]: Started rendering model main.slv_dim_currency
19:17:34.854532 [info ]: Started model main.br_fact_activity
19:17:34.854536 [debug]: Started rendering model main.br_fact_activity
19:17:34.854544 [info ]: Started model main.br_dim_game
19:17:34.854548 [debug]: Started rendering model main.br_dim_game
19:17:34.854560 [info ]: Started model main.br_dim_currency
19:17:34.854563 [debug]: Started rendering model main.br_dim_currency
19:17:34.854581 [debug]: Finished rendering [  0.00s] seed main.fact_activity [success]
19:17:34.854595 [info ]:  Succeeded [-------] seed  main.fact_activity (table)
19:17:34.854608 [debug]: Finished rendering [  0.00s] seed main.dim_game [error]
19:17:34.854612 [info ]:     Failed [-------] seed  main.dim_game (table)
19:17:34.854666 [debug]: Finished rendering [  0.00s] seed main.dim_currency [success]
19:17:34.854681 [info ]:  Succeeded [-------] seed  main.dim_currency (table)
19:17:34.855106 [debug]: Compiled SQL for node model.casino_games_models.slv_dim_currency at target\.lsp\compiled\casino_games_models\models\silver\slv_dim_currency.sql
19:17:34.855106 [debug]: Compiled SQL for node model.casino_games_models.gl_activity at target\.lsp\compiled\casino_games_models\models\gold\gl_activity.sql
19:17:34.855163 [debug]: Finished rendering [  0.00s] model main.gl_activity [success]
19:17:34.855194 [info ]: Started analyzing (7 nodes)
19:17:34.855205 [debug]: Started analyzing model main.gl_activity
19:17:34.855221 [debug]: Finished rendering [  0.00s] model main.slv_dim_currency [success]
19:17:34.855232 [debug]: Started analyzing model main.slv_dim_currency
19:17:34.855450 [debug]: Finished analyzing [  0.00s] model main.slv_dim_currency [success]
19:17:34.855461 [info ]:  Succeeded [-------] model main.slv_dim_currency (view)
19:17:34.857210 [debug]: Compiled SQL for node model.casino_games_models.br_dim_game at target\.lsp\compiled\casino_games_models\models\bronze\br_dim_game.sql
19:17:34.857279 [debug]: Finished rendering [  0.00s] model main.br_dim_game [success]
19:17:34.857306 [debug]: Started analyzing model main.br_dim_game
19:17:34.857331 [debug]: Finished analyzing [  0.00s] model main.gl_activity [success]
19:17:34.857341 [info ]:  Succeeded [  0.00s] model main.gl_activity (view)
19:17:34.857493 [debug]: Finished analyzing [  0.00s] model main.br_dim_game [success]
19:17:34.857512 [info ]:  Succeeded [  0.00s] model main.br_dim_game (view)
19:17:34.858289 [debug]: Compiled SQL for node model.casino_games_models.br_fact_activity at target\.lsp\compiled\casino_games_models\models\bronze\br_fact_activity.sql
19:17:34.858316 [debug]: Compiled SQL for node model.casino_games_models.slv_dim_game at target\.lsp\compiled\casino_games_models\models\silver\slv_dim_game.sql
19:17:34.858311 [debug]: Compiled SQL for node model.casino_games_models.slv_fact_activity at target\.lsp\compiled\casino_games_models\models\silver\slv_fact_activity.sql
19:17:34.858344 [debug]: Finished rendering [  0.00s] model main.br_fact_activity [success]
19:17:34.858361 [debug]: Started analyzing model main.br_fact_activity
19:17:34.858379 [debug]: Finished rendering [  0.00s] model main.slv_dim_game [success]
19:17:34.858386 [debug]: Started analyzing model main.slv_dim_game
19:17:34.858395 [debug]: Finished rendering [  0.00s] model main.slv_fact_activity [success]
19:17:34.858401 [debug]: Started analyzing model main.slv_fact_activity
19:17:34.858526 [debug]: Finished analyzing [  0.00s] model main.slv_dim_game [success]
19:17:34.858537 [info ]:  Succeeded [  0.00s] model main.slv_dim_game (view)
19:17:34.858557 [debug]: Finished analyzing [  0.00s] model main.slv_fact_activity [success]
19:17:34.858566 [info ]:  Succeeded [  0.00s] model main.slv_fact_activity (view)
19:17:34.858580 [debug]: Finished analyzing [  0.00s] model main.br_fact_activity [success]
19:17:34.858585 [info ]:  Succeeded [  0.00s] model main.br_fact_activity (view)
19:17:34.859337 [debug]: Compiled SQL for node model.casino_games_models.br_dim_currency at target\.lsp\compiled\casino_games_models\models\bronze\br_dim_currency.sql
19:17:34.859540 [debug]: Finished rendering [  0.00s] model main.br_dim_currency [success]
19:17:34.859555 [info ]: Finished rendering [  0.01s] (10 nodes, 0 skipped, 1 errors)
19:17:34.859565 [debug]: Started analyzing model main.br_dim_currency
19:17:34.859880 [debug]: Finished analyzing [  0.00s] model main.br_dim_currency [success]
19:17:34.859892 [info ]: Finished analyzing [  0.00s] (7 nodes, 0 skipped, 0 errors)
19:17:34.859899 [info ]:  Succeeded [  0.00s] model main.br_dim_currency (view)
19:17:34.862903 [info ]: Started scheduling
19:17:34.862942 [info ]: Finished scheduling [  0.00s]
19:17:34.863318 [info ]: Cached model count updated: 7 models (accurate)
19:18:09.032590 [info ]: Started loading project
19:18:09.033063 [info ]: Loading ~/.dbt/profiles.yml
19:18:09.040495 [info ]: Started parsing
19:18:09.077041 [info ]: Finished loading project [  0.04s]
19:18:09.077696 [debug]: Finished parsing models/schema.yml [  0.00s]
19:18:09.078858 [debug]: Finished parsing models/silver/slv_dim_game.sql [  0.00s]
19:18:09.079332 [warn ]: [NoNodeForYamlKey (dbt1089)]: Unused schema.yml entry for model 'slv_fact_ctivity'
  --> models/schema.yml
19:18:09.085450 [info ]: Finished parsing [  0.04s]
19:18:09.089298 [info ]: Cached model count updated: 7 models (estimate)
19:18:09.089318 [info ]: Cached model count updated: 7 models (accurate)
19:18:09.089344 [info ]: Started scheduling
19:18:09.089411 [info ]: Finished scheduling [  0.00s]
19:18:09.089425 [debug]: Compilation - 2 nodes selected: {"model.casino_games_models.br_dim_game", "model.casino_games_models.slv_dim_game"}
19:18:09.091465 [debug]: License check failed: Feature not licensed: 'lineage'
19:18:09.091738 [info ]: Started building task graph
19:18:09.091772 [info ]: Finished building task graph [  0.00s]
19:18:09.094803 [info ]: Started rendering (2 nodes)
19:18:09.094852 [info ]: Started model main.slv_dim_game
19:18:09.094871 [debug]: Started rendering model main.slv_dim_game
19:18:09.094904 [info ]: Started model main.br_dim_game
19:18:09.094911 [debug]: Started rendering model main.br_dim_game
19:18:09.095464 [debug]: Compiled SQL for node model.casino_games_models.br_dim_game at target\.lsp\compiled\casino_games_models\models\bronze\br_dim_game.sql
19:18:09.095571 [debug]: Finished rendering [  0.00s] model main.br_dim_game [success]
19:18:09.095607 [info ]: Started analyzing (2 nodes)
19:18:09.095617 [debug]: Started analyzing model main.br_dim_game
19:18:09.096143 [debug]: Finished analyzing [  0.00s] model main.br_dim_game [success]
19:18:09.096158 [info ]:  Succeeded [-------] model main.br_dim_game (view)
19:18:09.096466 [debug]: Compiled SQL for node model.casino_games_models.slv_dim_game at target\.lsp\compiled\casino_games_models\models\silver\slv_dim_game.sql
19:18:09.096543 [debug]: Finished rendering [  0.00s] model main.slv_dim_game [success]
19:18:09.096564 [info ]: Finished rendering [  0.00s] (2 nodes, 0 skipped, 0 errors)
19:18:09.096578 [debug]: Started analyzing model main.slv_dim_game
19:18:09.096927 [debug]: Finished analyzing [  0.00s] model main.slv_dim_game [success]
19:18:09.096939 [info ]: Finished analyzing [  0.00s] (2 nodes, 0 skipped, 0 errors)
19:18:09.096944 [info ]:  Succeeded [  0.00s] model main.slv_dim_game (view)
19:18:09.099586 [info ]: Started scheduling
19:18:09.099623 [info ]: Finished scheduling [  0.00s]
19:18:09.100264 [info ]: Cached model count updated: 7 models (accurate)
19:18:10.757463 [info ]: Started loading project
19:18:10.758085 [info ]: Loading ~/.dbt/profiles.yml
19:18:10.783081 [info ]: Cached model count updated: 7 models (estimate)
19:18:10.783101 [info ]: Cached model count updated: 7 models (accurate)
19:18:10.783126 [info ]: Started scheduling
19:18:10.783193 [info ]: Finished scheduling [  0.00s]
19:18:10.783206 [debug]: Compilation - 10 nodes selected: {"model.casino_games_models.br_dim_currency", "model.casino_games_models.br_dim_game", "model.casino_games_models.br_fact_activity", "model.casino_games_models.gl_activity", "model.casino_games_models.slv_dim_currency", "model.casino_games_models.slv_dim_game", "model.casino_games_models.slv_fact_activity", "seed.casino_games_models.dim_currency", "seed.casino_games_models.dim_game", "seed.casino_games_models.fact_activity"}
19:18:10.783684 [debug]: License check failed: Feature not licensed: 'lineage'
19:18:10.783954 [info ]: Started building task graph
19:18:10.784015 [info ]: Finished building task graph [  0.00s]
19:18:10.784228 [info ]: Finished loading project [  0.03s]
19:18:10.791630 [error]: Arrow error: Csv error: incorrect number of fields for line 3, expected 1 got 2
19:18:11.264712 [info ]: Started rendering (10 nodes)
19:18:11.264741 [info ]: Started seed main.fact_activity
19:18:11.264748 [debug]: Started rendering seed main.fact_activity
19:18:11.264765 [info ]: Started seed main.dim_game
19:18:11.264770 [debug]: Started rendering seed main.dim_game
19:18:11.264776 [info ]: Started seed main.dim_currency
19:18:11.264780 [debug]: Started rendering seed main.dim_currency
19:18:11.264790 [info ]: Started model main.slv_dim_game
19:18:11.264794 [debug]: Started rendering model main.slv_dim_game
19:18:11.264800 [info ]: Started model main.gl_activity
19:18:11.264804 [debug]: Started rendering model main.gl_activity
19:18:11.264812 [info ]: Started model main.slv_fact_activity
19:18:11.264819 [debug]: Started rendering model main.slv_fact_activity
19:18:11.264825 [info ]: Started model main.slv_dim_currency
19:18:11.264830 [debug]: Started rendering model main.slv_dim_currency
19:18:11.264836 [info ]: Started model main.br_fact_activity
19:18:11.264840 [debug]: Started rendering model main.br_fact_activity
19:18:11.264846 [info ]: Started model main.br_dim_game
19:18:11.264851 [debug]: Started rendering model main.br_dim_game
19:18:11.264859 [info ]: Started model main.br_dim_currency
19:18:11.264863 [debug]: Started rendering model main.br_dim_currency
19:18:11.264879 [debug]: Finished rendering [  0.00s] seed main.fact_activity [success]
19:18:11.264896 [info ]:  Succeeded [-------] seed  main.fact_activity (table)
19:18:11.264913 [debug]: Finished rendering [  0.00s] seed main.dim_game [error]
19:18:11.264920 [info ]:     Failed [-------] seed  main.dim_game (table)
19:18:11.264932 [debug]: Finished rendering [  0.00s] seed main.dim_currency [success]
19:18:11.264937 [info ]:  Succeeded [-------] seed  main.dim_currency (table)
19:18:11.265137 [debug]: Compiled SQL for node model.casino_games_models.slv_dim_game at target\.lsp\compiled\casino_games_models\models\silver\slv_dim_game.sql
19:18:11.265158 [debug]: Compiled SQL for node model.casino_games_models.slv_dim_currency at target\.lsp\compiled\casino_games_models\models\silver\slv_dim_currency.sql
19:18:11.265187 [debug]: Finished rendering [  0.00s] model main.slv_dim_game [success]
19:18:11.265210 [info ]: Started analyzing (7 nodes)
19:18:11.265224 [debug]: Started analyzing model main.slv_dim_game
19:18:11.265236 [debug]: Finished rendering [  0.00s] model main.slv_dim_currency [success]
19:18:11.265244 [debug]: Started analyzing model main.slv_dim_currency
19:18:11.265390 [debug]: Compiled SQL for node model.casino_games_models.gl_activity at target\.lsp\compiled\casino_games_models\models\gold\gl_activity.sql
19:18:11.265421 [debug]: Compiled SQL for node model.casino_games_models.br_fact_activity at target\.lsp\compiled\casino_games_models\models\bronze\br_fact_activity.sql
19:18:11.265438 [debug]: Compiled SQL for node model.casino_games_models.br_dim_game at target\.lsp\compiled\casino_games_models\models\bronze\br_dim_game.sql
19:18:11.265458 [debug]: Finished rendering [  0.00s] model main.gl_activity [success]
19:18:11.265490 [debug]: Started analyzing model main.gl_activity
19:18:11.265520 [debug]: Finished rendering [  0.00s] model main.br_fact_activity [success]
19:18:11.265539 [debug]: Started analyzing model main.br_fact_activity
19:18:11.265564 [debug]: Finished rendering [  0.00s] model main.br_dim_game [success]
19:18:11.265567 [debug]: Compiled SQL for node model.casino_games_models.slv_fact_activity at target\.lsp\compiled\casino_games_models\models\silver\slv_fact_activity.sql
19:18:11.265578 [debug]: Started analyzing model main.br_dim_game
19:18:11.265595 [debug]: Finished analyzing [  0.00s] model main.slv_dim_currency [success]
19:18:11.265611 [info ]:  Succeeded [-------] model main.slv_dim_currency (view)
19:18:11.265635 [debug]: Finished analyzing [  0.00s] model main.slv_dim_game [success]
19:18:11.265649 [info ]:  Succeeded [-------] model main.slv_dim_game (view)
19:18:11.265665 [debug]: Finished rendering [  0.00s] model main.slv_fact_activity [success]
19:18:11.265676 [debug]: Started analyzing model main.slv_fact_activity
19:18:11.265887 [debug]: Finished analyzing [  0.00s] model main.slv_fact_activity [success]
19:18:11.265902 [info ]:  Succeeded [-------] model main.slv_fact_activity (view)
19:18:11.266004 [debug]: Finished analyzing [  0.00s] model main.br_dim_game [success]
19:18:11.266017 [info ]:  Succeeded [-------] model main.br_dim_game (view)
19:18:11.266054 [debug]: Compiled SQL for node model.casino_games_models.br_dim_currency at target\.lsp\compiled\casino_games_models\models\bronze\br_dim_currency.sql
19:18:11.266095 [debug]: Finished rendering [  0.00s] model main.br_dim_currency [success]
19:18:11.266109 [info ]: Finished rendering [  0.00s] (10 nodes, 0 skipped, 1 errors)
19:18:11.266119 [debug]: Started analyzing model main.br_dim_currency
19:18:11.266160 [debug]: Finished analyzing [  0.00s] model main.br_fact_activity [success]
19:18:11.266171 [info ]:  Succeeded [-------] model main.br_fact_activity (view)
19:18:11.266259 [debug]: Finished analyzing [  0.00s] model main.br_dim_currency [success]
19:18:11.266269 [info ]:  Succeeded [  0.00s] model main.br_dim_currency (view)
19:18:11.266676 [debug]: Finished analyzing [  0.00s] model main.gl_activity [success]
19:18:11.266694 [info ]: Finished analyzing [  0.00s] (7 nodes, 0 skipped, 0 errors)
19:18:11.266702 [info ]:  Succeeded [  0.00s] model main.gl_activity (view)
19:18:11.272058 [info ]: Started scheduling
19:18:11.272136 [info ]: Finished scheduling [  0.00s]
19:18:11.273022 [info ]: Cached model count updated: 7 models (accurate)
19:18:27.354147 [info ]: Started loading project
19:18:27.354720 [info ]: Loading ~/.dbt/profiles.yml
19:18:27.362884 [info ]: Started parsing
19:18:27.406215 [info ]: Finished loading project [  0.05s]
19:18:27.407025 [debug]: Finished parsing models/schema.yml [  0.00s]
19:18:27.408274 [debug]: Finished parsing models/silver/slv_dim_game.sql [  0.00s]
19:18:27.409001 [debug]: Finished parsing models/silver/slv_fact_activity.sql [  0.00s]
19:18:27.413615 [info ]: Finished parsing [  0.05s]
19:18:27.415729 [info ]: Cached model count updated: 7 models (estimate)
19:18:27.415745 [info ]: Cached model count updated: 7 models (accurate)
19:18:27.415770 [info ]: Started scheduling
19:18:27.415867 [info ]: Finished scheduling [  0.00s]
19:18:27.415880 [debug]: Compilation - 4 nodes selected: {"model.casino_games_models.br_dim_game", "model.casino_games_models.br_fact_activity", "model.casino_games_models.slv_dim_game", "model.casino_games_models.slv_fact_activity"}
19:18:27.417106 [debug]: License check failed: Feature not licensed: 'lineage'
19:18:27.417462 [info ]: Started building task graph
19:18:27.417522 [info ]: Finished building task graph [  0.00s]
19:18:27.419981 [info ]: Started rendering (4 nodes)
19:18:27.420015 [info ]: Started model main.slv_fact_activity
19:18:27.420027 [debug]: Started rendering model main.slv_fact_activity
19:18:27.420055 [info ]: Started model main.slv_dim_game
19:18:27.420061 [debug]: Started rendering model main.slv_dim_game
19:18:27.420074 [info ]: Started model main.br_fact_activity
19:18:27.420082 [debug]: Started rendering model main.br_fact_activity
19:18:27.420093 [info ]: Started model main.br_dim_game
19:18:27.420117 [debug]: Started rendering model main.br_dim_game
19:18:27.420623 [debug]: Compiled SQL for node model.casino_games_models.br_fact_activity at target\.lsp\compiled\casino_games_models\models\bronze\br_fact_activity.sql
19:18:27.420739 [debug]: Finished rendering [  0.00s] model main.br_fact_activity [success]
19:18:27.420772 [info ]: Started analyzing (4 nodes)
19:18:27.420779 [debug]: Started analyzing model main.br_fact_activity
19:18:27.420814 [debug]: Compiled SQL for node model.casino_games_models.br_dim_game at target\.lsp\compiled\casino_games_models\models\bronze\br_dim_game.sql
19:18:27.420848 [debug]: Finished rendering [  0.00s] model main.br_dim_game [success]
19:18:27.420872 [debug]: Started analyzing model main.br_dim_game
19:18:27.421256 [debug]: Finished analyzing [  0.00s] model main.br_dim_game [success]
19:18:27.421272 [info ]:  Succeeded [-------] model main.br_dim_game (view)
19:18:27.421289 [debug]: Finished analyzing [  0.00s] model main.br_fact_activity [success]
19:18:27.421297 [info ]:  Succeeded [-------] model main.br_fact_activity (view)
19:18:27.421508 [debug]: Compiled SQL for node model.casino_games_models.slv_fact_activity at target\.lsp\compiled\casino_games_models\models\silver\slv_fact_activity.sql
19:18:27.421596 [debug]: Finished rendering [  0.00s] model main.slv_fact_activity [success]
19:18:27.421619 [debug]: Started analyzing model main.slv_fact_activity
19:18:27.421830 [debug]: Finished analyzing [  0.00s] model main.slv_fact_activity [success]
19:18:27.421844 [info ]:  Succeeded [  0.00s] model main.slv_fact_activity (view)
19:18:27.423084 [debug]: Compiled SQL for node model.casino_games_models.slv_dim_game at target\.lsp\compiled\casino_games_models\models\silver\slv_dim_game.sql
19:18:27.423160 [debug]: Finished rendering [  0.00s] model main.slv_dim_game [success]
19:18:27.423177 [info ]: Finished rendering [  0.00s] (4 nodes, 0 skipped, 0 errors)
19:18:27.423190 [debug]: Started analyzing model main.slv_dim_game
19:18:27.423373 [debug]: Finished analyzing [  0.00s] model main.slv_dim_game [success]
19:18:27.423384 [info ]: Finished analyzing [  0.00s] (4 nodes, 0 skipped, 0 errors)
19:18:27.423390 [info ]:  Succeeded [  0.00s] model main.slv_dim_game (view)
19:18:27.425776 [info ]: Started scheduling
19:18:27.425815 [info ]: Finished scheduling [  0.00s]
19:18:27.426504 [info ]: Cached model count updated: 7 models (accurate)
19:18:29.090562 [info ]: Started loading project
19:18:29.091484 [info ]: Loading ~/.dbt/profiles.yml
19:18:29.113698 [info ]: Cached model count updated: 7 models (estimate)
19:18:29.113720 [info ]: Cached model count updated: 7 models (accurate)
19:18:29.113743 [info ]: Started scheduling
19:18:29.113810 [info ]: Finished scheduling [  0.00s]
19:18:29.113825 [debug]: Compilation - 10 nodes selected: {"model.casino_games_models.br_dim_currency", "model.casino_games_models.br_dim_game", "model.casino_games_models.br_fact_activity", "model.casino_games_models.gl_activity", "model.casino_games_models.slv_dim_currency", "model.casino_games_models.slv_dim_game", "model.casino_games_models.slv_fact_activity", "seed.casino_games_models.dim_currency", "seed.casino_games_models.dim_game", "seed.casino_games_models.fact_activity"}
19:18:29.114325 [debug]: License check failed: Feature not licensed: 'lineage'
19:18:29.114567 [info ]: Started building task graph
19:18:29.114619 [info ]: Finished building task graph [  0.00s]
19:18:29.114666 [info ]: Finished loading project [  0.02s]
19:18:29.121632 [error]: Arrow error: Csv error: incorrect number of fields for line 3, expected 1 got 2
19:18:29.659923 [info ]: Started rendering (10 nodes)
19:18:29.659979 [info ]: Started seed main.fact_activity
19:18:29.659996 [debug]: Started rendering seed main.fact_activity
19:18:29.660028 [info ]: Started seed main.dim_game
19:18:29.660042 [debug]: Started rendering seed main.dim_game
19:18:29.660059 [info ]: Started seed main.dim_currency
19:18:29.660069 [debug]: Started rendering seed main.dim_currency
19:18:29.660085 [info ]: Started model main.slv_dim_game
19:18:29.660102 [debug]: Started rendering model main.slv_dim_game
19:18:29.660121 [info ]: Started model main.gl_activity
19:18:29.660131 [debug]: Started rendering model main.gl_activity
19:18:29.660146 [info ]: Started model main.slv_fact_activity
19:18:29.660157 [debug]: Started rendering model main.slv_fact_activity
19:18:29.660185 [info ]: Started model main.slv_dim_currency
19:18:29.660196 [debug]: Started rendering model main.slv_dim_currency
19:18:29.660209 [info ]: Started model main.br_fact_activity
19:18:29.660219 [debug]: Started rendering model main.br_fact_activity
19:18:29.660234 [info ]: Started model main.br_dim_game
19:18:29.660244 [debug]: Started rendering model main.br_dim_game
19:18:29.660259 [info ]: Started model main.br_dim_currency
19:18:29.660272 [debug]: Started rendering model main.br_dim_currency
19:18:29.660301 [debug]: Finished rendering [  0.00s] seed main.dim_game [error]
19:18:29.660325 [info ]:     Failed [-------] seed  main.dim_game (table)
19:18:29.660356 [debug]: Finished rendering [  0.00s] seed main.dim_currency [success]
19:18:29.660369 [info ]:  Succeeded [-------] seed  main.dim_currency (table)
19:18:29.660546 [debug]: Finished rendering [  0.00s] seed main.fact_activity [success]
19:18:29.660569 [info ]:  Succeeded [-------] seed  main.fact_activity (table)
19:18:29.660773 [debug]: Compiled SQL for node model.casino_games_models.slv_dim_game at target\.lsp\compiled\casino_games_models\models\silver\slv_dim_game.sql
19:18:29.660797 [debug]: Compiled SQL for node model.casino_games_models.slv_fact_activity at target\.lsp\compiled\casino_games_models\models\silver\slv_fact_activity.sql
19:18:29.660837 [debug]: Compiled SQL for node model.casino_games_models.slv_dim_currency at target\.lsp\compiled\casino_games_models\models\silver\slv_dim_currency.sql
19:18:29.660854 [debug]: Finished rendering [  0.00s] model main.slv_dim_game [success]
19:18:29.660867 [debug]: Compiled SQL for node model.casino_games_models.gl_activity at target\.lsp\compiled\casino_games_models\models\gold\gl_activity.sql
19:18:29.660896 [info ]: Started analyzing (7 nodes)
19:18:29.660915 [debug]: Started analyzing model main.slv_dim_game
19:18:29.660947 [debug]: Finished rendering [  0.00s] model main.slv_fact_activity [success]
19:18:29.660968 [debug]: Started analyzing model main.slv_fact_activity
19:18:29.660992 [debug]: Finished rendering [  0.00s] model main.slv_dim_currency [success]
19:18:29.661004 [debug]: Started analyzing model main.slv_dim_currency
19:18:29.661020 [debug]: Finished rendering [  0.00s] model main.gl_activity [success]
19:18:29.661030 [debug]: Started analyzing model main.gl_activity
19:18:29.661308 [debug]: Compiled SQL for node model.casino_games_models.br_dim_currency at target\.lsp\compiled\casino_games_models\models\bronze\br_dim_currency.sql
19:18:29.661315 [debug]: Finished analyzing [  0.00s] model main.slv_dim_currency [success]
19:18:29.661335 [info ]:  Succeeded [-------] model main.slv_dim_currency (view)
19:18:29.661359 [debug]: Finished analyzing [  0.00s] model main.slv_dim_game [success]
19:18:29.661375 [info ]:  Succeeded [-------] model main.slv_dim_game (view)
19:18:29.661402 [debug]: Finished rendering [  0.00s] model main.br_dim_currency [success]
19:18:29.661424 [debug]: Started analyzing model main.br_dim_currency
19:18:29.661647 [debug]: Finished analyzing [  0.00s] model main.br_dim_currency [success]
19:18:29.661665 [info ]:  Succeeded [  0.00s] model main.br_dim_currency (view)
19:18:29.662116 [debug]: Finished analyzing [  0.00s] model main.slv_fact_activity [success]
19:18:29.662140 [info ]:  Succeeded [  0.00s] model main.slv_fact_activity (view)
19:18:29.662173 [debug]: Compiled SQL for node model.casino_games_models.br_dim_game at target\.lsp\compiled\casino_games_models\models\bronze\br_dim_game.sql
19:18:29.662183 [debug]: Finished analyzing [  0.00s] model main.gl_activity [success]
19:18:29.662204 [info ]:  Succeeded [  0.00s] model main.gl_activity (view)
19:18:29.662225 [debug]: Finished rendering [  0.00s] model main.br_dim_game [success]
19:18:29.662237 [debug]: Started analyzing model main.br_dim_game
19:18:29.662399 [debug]: Finished analyzing [  0.00s] model main.br_dim_game [success]
19:18:29.662409 [info ]:  Succeeded [  0.00s] model main.br_dim_game (view)
19:18:29.662536 [debug]: Compiled SQL for node model.casino_games_models.br_fact_activity at target\.lsp\compiled\casino_games_models\models\bronze\br_fact_activity.sql
19:18:29.662617 [debug]: Finished rendering [  0.00s] model main.br_fact_activity [success]
19:18:29.662641 [info ]: Finished rendering [  0.00s] (10 nodes, 0 skipped, 1 errors)
19:18:29.662665 [debug]: Started analyzing model main.br_fact_activity
19:18:29.663090 [debug]: Finished analyzing [  0.00s] model main.br_fact_activity [success]
19:18:29.663119 [info ]: Finished analyzing [  0.00s] (7 nodes, 0 skipped, 0 errors)
19:18:29.663139 [info ]:  Succeeded [  0.00s] model main.br_fact_activity (view)
19:18:29.670793 [info ]: Started scheduling
19:18:29.670883 [info ]: Finished scheduling [  0.00s]
19:18:29.671452 [info ]: Cached model count updated: 7 models (accurate)
19:21:27.259303 [info ]: Started loading project
19:21:27.291732 [info ]: Loading ~/.dbt/profiles.yml
19:21:27.373833 [info ]: Finished loading project [  0.11s]
19:21:27.406028 [info ]: Waiting for lease on 'target' directory
19:21:27.753339 [info ]: Started loading project
19:21:27.754186 [info ]: Loading ~/.dbt/profiles.yml
19:21:27.775638 [debug]:    Started loading packages
19:21:27.779208 [debug]:     Loaded [  0.00s] packages
19:21:27.780704 [info ]: Finished loading project [  0.03s]
19:21:27.783419 [info ]: Started parsing
19:21:27.859697 [debug]: Finished parsing models/schema.yml [  0.01s]
19:21:27.894172 [debug]: Finished parsing models/bronze/br_dim_currency.sql [  0.01s]
19:21:27.894594 [debug]: Finished parsing models/bronze/br_dim_game.sql [  0.00s]
19:21:27.894960 [debug]: Finished parsing models/bronze/br_fact_activity.sql [  0.00s]
19:21:27.898339 [debug]: Finished parsing models/gold/gl_activity.sql [  0.00s]
19:21:27.899492 [debug]: Finished parsing models/silver/slv_dim_currency.sql [  0.00s]
19:21:27.899918 [debug]: Finished parsing models/silver/slv_dim_game.sql [  0.00s]
19:21:27.900478 [debug]: Finished parsing models/silver/slv_fact_activity.sql [  0.00s]
19:21:27.909484 [debug]: Finished parsing tests/total_spins_not_zero.sql [  0.00s]
19:21:27.915599 [info ]: Finished parsing [  0.13s]
19:21:27.919326 [info ]: Cached model count updated: 7 models (estimate)
19:21:27.919347 [info ]: Cached model count updated: 7 models (accurate)
19:21:27.921516 [info ]: Started scheduling
19:21:27.923347 [info ]: Finished scheduling [  0.00s]
19:21:27.923724 [debug]: Compilation - 2 nodes selected: {"model.casino_games_models.br_fact_activity", "model.casino_games_models.slv_fact_activity"}
19:21:27.924704 [info ]: Started scheduling
19:21:27.924974 [info ]: Finished scheduling [  0.00s]
19:21:27.933866 [debug]: License check failed: Feature not licensed: 'lineage'
19:21:27.941641 [info ]: Started building task graph
19:21:27.945190 [info ]: Finished building task graph [  0.00s]
19:21:27.959527 [info ]: Started rendering (2 nodes)
19:21:27.960037 [info ]: Started model main.slv_fact_activity
19:21:27.960071 [debug]: Started rendering model main.slv_fact_activity
19:21:27.960698 [info ]: Started model main.br_fact_activity
19:21:27.960708 [debug]: Started rendering model main.br_fact_activity
19:21:27.969547 [debug]: Compiled SQL for node model.casino_games_models.br_fact_activity at target\.lsp\compiled\casino_games_models\models\bronze\br_fact_activity.sql
19:21:27.969557 [debug]: Compiled SQL for node model.casino_games_models.slv_fact_activity at target\.lsp\compiled\casino_games_models\models\silver\slv_fact_activity.sql
19:21:27.972953 [debug]: Finished rendering [  0.01s] model main.slv_fact_activity [success]
19:21:27.974036 [info ]: Started analyzing (2 nodes)
19:21:27.974069 [debug]: Started analyzing model main.slv_fact_activity
19:21:27.974114 [debug]: Finished rendering [  0.01s] model main.br_fact_activity [success]
19:21:27.974129 [info ]: Finished rendering [  0.01s] (2 nodes, 0 skipped, 0 errors)
19:21:27.974142 [debug]: Started analyzing model main.br_fact_activity
19:21:27.981190 [debug]: Finished analyzing [  0.01s] model main.slv_fact_activity [success]
19:21:27.981209 [info ]:  Succeeded [  0.02s] model main.slv_fact_activity (view)
19:21:27.981405 [debug]: Finished analyzing [  0.01s] model main.br_fact_activity [success]
19:21:27.981419 [info ]: Finished analyzing [  0.01s] (2 nodes, 0 skipped, 0 errors)
19:21:27.981426 [info ]:  Succeeded [  0.02s] model main.br_fact_activity (view)
19:21:27.994350 [info ]: Started scheduling
19:21:27.994395 [info ]: Finished scheduling [  0.00s]
19:21:27.995164 [info ]: Cached model count updated: 7 models (accurate)
19:21:28.269547 [debug]: License check failed: Feature not licensed: 'lineage'
19:21:29.672826 [info ]: Started loading project
19:21:29.673588 [info ]: Loading ~/.dbt/profiles.yml
19:21:29.698426 [info ]: Cached model count updated: 7 models (estimate)
19:21:29.698447 [info ]: Cached model count updated: 7 models (accurate)
19:21:29.698760 [info ]: Started scheduling
19:21:29.698845 [info ]: Finished scheduling [  0.00s]
19:21:29.698860 [debug]: Compilation - 10 nodes selected: {"model.casino_games_models.br_dim_currency", "model.casino_games_models.br_dim_game", "model.casino_games_models.br_fact_activity", "model.casino_games_models.gl_activity", "model.casino_games_models.slv_dim_currency", "model.casino_games_models.slv_dim_game", "model.casino_games_models.slv_fact_activity", "seed.casino_games_models.dim_currency", "seed.casino_games_models.dim_game", "seed.casino_games_models.fact_activity"}
19:21:29.700586 [debug]: License check failed: Feature not licensed: 'lineage'
19:21:29.702053 [info ]: Started building task graph
19:21:29.702120 [info ]: Finished building task graph [  0.00s]
19:21:29.702461 [info ]: Finished loading project [  0.03s]
19:21:29.721016 [error]: Arrow error: Csv error: incorrect number of fields for line 3, expected 1 got 2
19:21:30.275309 [info ]: Started rendering (10 nodes)
19:21:30.275346 [info ]: Started seed main.fact_activity
19:21:30.275360 [debug]: Started rendering seed main.fact_activity
19:21:30.275380 [info ]: Started seed main.dim_game
19:21:30.275385 [debug]: Started rendering seed main.dim_game
19:21:30.275393 [info ]: Started seed main.dim_currency
19:21:30.275396 [debug]: Started rendering seed main.dim_currency
19:21:30.275403 [info ]: Started model main.slv_dim_game
19:21:30.275407 [debug]: Started rendering model main.slv_dim_game
19:21:30.275413 [info ]: Started model main.gl_activity
19:21:30.275418 [debug]: Started rendering model main.gl_activity
19:21:30.275444 [info ]: Started model main.slv_fact_activity
19:21:30.275455 [debug]: Started rendering model main.slv_fact_activity
19:21:30.275463 [info ]: Started model main.slv_dim_currency
19:21:30.275478 [debug]: Started rendering model main.slv_dim_currency
19:21:30.275794 [info ]: Started model main.br_fact_activity
19:21:30.275812 [debug]: Started rendering model main.br_fact_activity
19:21:30.275826 [info ]: Started model main.br_dim_game
19:21:30.275844 [debug]: Started rendering model main.br_dim_game
19:21:30.275854 [info ]: Started model main.br_dim_currency
19:21:30.275860 [debug]: Started rendering model main.br_dim_currency
19:21:30.277037 [debug]: Compiled SQL for node model.casino_games_models.slv_fact_activity at target\.lsp\compiled\casino_games_models\models\silver\slv_fact_activity.sql
19:21:30.277348 [debug]: Finished rendering [  0.00s] seed main.dim_game [error]
19:21:30.277372 [info ]:     Failed [  0.00s] seed  main.dim_game (table)
19:21:30.277597 [debug]: Compiled SQL for node model.casino_games_models.slv_dim_currency at target\.lsp\compiled\casino_games_models\models\silver\slv_dim_currency.sql
19:21:30.277677 [debug]: Finished rendering [  0.00s] seed main.fact_activity [success]
19:21:30.277689 [info ]:  Succeeded [  0.00s] seed  main.fact_activity (table)
19:21:30.277704 [debug]: Finished rendering [  0.00s] seed main.dim_currency [success]
19:21:30.277708 [info ]:  Succeeded [  0.00s] seed  main.dim_currency (table)
19:21:30.277718 [debug]: Finished rendering [  0.00s] model main.slv_fact_activity [success]
19:21:30.277956 [debug]: Compiled SQL for node model.casino_games_models.slv_dim_game at target\.lsp\compiled\casino_games_models\models\silver\slv_dim_game.sql
19:21:30.278075 [debug]: Compiled SQL for node model.casino_games_models.gl_activity at target\.lsp\compiled\casino_games_models\models\gold\gl_activity.sql
19:21:30.278231 [info ]: Started analyzing (7 nodes)
19:21:30.278258 [debug]: Started analyzing model main.slv_fact_activity
19:21:30.278284 [debug]: Finished rendering [  0.00s] model main.slv_dim_currency [success]
19:21:30.278301 [debug]: Started analyzing model main.slv_dim_currency
19:21:30.278310 [debug]: Finished rendering [  0.00s] model main.slv_dim_game [success]
19:21:30.278177 [debug]: Compiled SQL for node model.casino_games_models.br_fact_activity at target\.lsp\compiled\casino_games_models\models\bronze\br_fact_activity.sql
19:21:30.278330 [debug]: Started analyzing model main.slv_dim_game
19:21:30.278441 [debug]: Compiled SQL for node model.casino_games_models.br_dim_game at target\.lsp\compiled\casino_games_models\models\bronze\br_dim_game.sql
19:21:30.278716 [debug]: Finished rendering [  0.00s] model main.gl_activity [success]
19:21:30.278733 [debug]: Started analyzing model main.gl_activity
19:21:30.278747 [debug]: Finished rendering [  0.00s] model main.br_fact_activity [success]
19:21:30.278754 [debug]: Started analyzing model main.br_fact_activity
19:21:30.278761 [debug]: Finished rendering [  0.00s] model main.br_dim_game [success]
19:21:30.278768 [debug]: Started analyzing model main.br_dim_game
19:21:30.278803 [debug]: Finished analyzing [  0.00s] model main.slv_dim_currency [success]
19:21:30.278811 [info ]:  Succeeded [  0.00s] model main.slv_dim_currency (view)
19:21:30.279213 [debug]: Finished analyzing [  0.00s] model main.br_fact_activity [success]
19:21:30.279228 [info ]:  Succeeded [  0.00s] model main.br_fact_activity (view)
19:21:30.279241 [debug]: Finished analyzing [  0.00s] model main.br_dim_game [success]
19:21:30.279245 [info ]:  Succeeded [  0.00s] model main.br_dim_game (view)
19:21:30.279336 [debug]: Finished analyzing [  0.00s] model main.slv_dim_game [success]
19:21:30.279344 [info ]:  Succeeded [  0.00s] model main.slv_dim_game (view)
19:21:30.279454 [debug]: Finished analyzing [  0.00s] model main.slv_fact_activity [success]
19:21:30.279471 [info ]:  Succeeded [  0.00s] model main.slv_fact_activity (view)
19:21:30.279749 [debug]: Compiled SQL for node model.casino_games_models.br_dim_currency at target\.lsp\compiled\casino_games_models\models\bronze\br_dim_currency.sql
19:21:30.280008 [debug]: Finished rendering [  0.00s] model main.br_dim_currency [success]
19:21:30.280217 [info ]: Finished rendering [  0.00s] (10 nodes, 0 skipped, 1 errors)
19:21:30.280242 [debug]: Started analyzing model main.br_dim_currency
19:21:30.280315 [debug]: Finished analyzing [  0.00s] model main.gl_activity [success]
19:21:30.280331 [info ]:  Succeeded [  0.00s] model main.gl_activity (view)
19:21:30.280706 [debug]: Finished analyzing [  0.00s] model main.br_dim_currency [success]
19:21:30.280723 [info ]: Finished analyzing [  0.00s] (7 nodes, 0 skipped, 0 errors)
19:21:30.280731 [info ]:  Succeeded [  0.00s] model main.br_dim_currency (view)
19:21:30.283219 [info ]: Started scheduling
19:21:30.283254 [info ]: Finished scheduling [  0.00s]
19:21:30.283592 [info ]: Cached model count updated: 7 models (accurate)
19:21:30.536593 [debug]: License check failed: Feature not licensed: 'lineage'
19:22:46.274618 [debug]: License check failed: Feature not licensed: 'lineage'
19:41:12.771063 [debug]: License check failed: Feature not licensed: 'lineage'
19:46:29.546335 [info ]: Started loading project
19:46:29.582992 [info ]: Loading ~/.dbt/profiles.yml
19:46:29.731021 [info ]: Started loading project
19:46:29.731741 [info ]: Loading ~/.dbt/profiles.yml
19:46:29.732188 [info ]: Finished loading project [  0.19s]
19:46:29.771489 [debug]:    Started loading packages
19:46:29.780045 [debug]:     Loaded [  0.01s] packages
19:46:29.784784 [info ]: Finished loading project [  0.05s]
19:46:29.792373 [info ]: Started parsing
19:46:30.071225 [debug]: Finished parsing models/schema.yml [  0.01s]
19:46:30.112532 [debug]: Finished parsing models/bronze/br_dim_currency.sql [  0.01s]
19:46:30.113330 [debug]: Finished parsing models/bronze/br_dim_game.sql [  0.00s]
19:46:30.114014 [debug]: Finished parsing models/bronze/br_fact_activity.sql [  0.00s]
19:46:30.118041 [debug]: Finished parsing models/gold/gl_activity.sql [  0.00s]
19:46:30.119158 [debug]: Finished parsing models/silver/slv_dim_currency.sql [  0.00s]
19:46:30.120516 [debug]: Finished parsing models/silver/slv_dim_game.sql [  0.00s]
19:46:30.121833 [debug]: Finished parsing models/silver/slv_fact_activity.sql [  0.00s]
19:46:30.133562 [debug]: Finished parsing tests/total_spins_not_zero.sql [  0.00s]
19:46:30.152615 [info ]: Finished parsing [  0.36s]
19:46:30.157541 [info ]: Cached model count updated: 7 models (estimate)
19:46:30.157576 [info ]: Cached model count updated: 7 models (accurate)
19:46:30.160494 [info ]: Started scheduling
19:46:30.165272 [info ]: Finished scheduling [  0.00s]
19:46:30.165457 [debug]: Compilation - 0 nodes selected: {}
19:46:30.167154 [warn ]: [NoNodesForSelectionCriteria (dbt1092)]: The selection criterion '' does not match any enabled nodes
19:46:30.167997 [warn ]: [NoNodesSelected (dbt1601)]: Nothing to do. Try checking your model configs and model specification args
19:46:30.168630 [info ]: Started scheduling
19:46:30.171022 [info ]: Finished scheduling [  0.00s]
19:46:30.186992 [debug]: License check failed: Feature not licensed: 'lineage'
19:46:30.198076 [info ]: Started building task graph
19:46:30.200430 [info ]: Finished building task graph [  0.00s]
19:46:30.280754 [info ]: Started scheduling
19:46:30.280810 [info ]: Finished scheduling [  0.00s]
19:46:30.317403 [info ]: Cached model count updated: 7 models (accurate)
19:46:31.903015 [info ]: Started loading project
19:46:31.904826 [info ]: Loading ~/.dbt/profiles.yml
19:46:31.935313 [info ]: Cached model count updated: 7 models (estimate)
19:46:31.935333 [info ]: Cached model count updated: 7 models (accurate)
19:46:31.935353 [info ]: Started scheduling
19:46:31.935419 [info ]: Finished scheduling [  0.00s]
19:46:31.935433 [debug]: Compilation - 10 nodes selected: {"model.casino_games_models.br_dim_currency", "model.casino_games_models.br_dim_game", "model.casino_games_models.br_fact_activity", "model.casino_games_models.gl_activity", "model.casino_games_models.slv_dim_currency", "model.casino_games_models.slv_dim_game", "model.casino_games_models.slv_fact_activity", "seed.casino_games_models.dim_currency", "seed.casino_games_models.dim_game", "seed.casino_games_models.fact_activity"}
19:46:31.937115 [debug]: License check failed: Feature not licensed: 'lineage'
19:46:31.939634 [info ]: Started building task graph
19:46:31.942352 [info ]: Finished building task graph [  0.00s]
19:46:31.942479 [info ]: Finished loading project [  0.04s]
19:46:32.016768 [error]: Arrow error: Csv error: incorrect number of fields for line 3, expected 1 got 2
19:46:32.702277 [info ]: Started rendering (10 nodes)
19:46:32.703770 [info ]: Started seed main.fact_activity
19:46:32.704496 [debug]: Started rendering seed main.fact_activity
19:46:32.705109 [info ]: Started seed main.dim_game
19:46:32.705118 [debug]: Started rendering seed main.dim_game
19:46:32.705127 [info ]: Started seed main.dim_currency
19:46:32.705133 [debug]: Started rendering seed main.dim_currency
19:46:32.705144 [info ]: Started model main.slv_dim_game
19:46:32.705150 [debug]: Started rendering model main.slv_dim_game
19:46:32.705157 [info ]: Started model main.gl_activity
19:46:32.705162 [debug]: Started rendering model main.gl_activity
19:46:32.705169 [info ]: Started model main.slv_fact_activity
19:46:32.705174 [debug]: Started rendering model main.slv_fact_activity
19:46:32.705180 [info ]: Started model main.slv_dim_currency
19:46:32.705184 [debug]: Started rendering model main.slv_dim_currency
19:46:32.705189 [info ]: Started model main.br_fact_activity
19:46:32.705194 [debug]: Started rendering model main.br_fact_activity
19:46:32.705849 [info ]: Started model main.br_dim_game
19:46:32.705861 [debug]: Started rendering model main.br_dim_game
19:46:32.705875 [info ]: Started model main.br_dim_currency
19:46:32.705882 [debug]: Started rendering model main.br_dim_currency
19:46:32.711860 [debug]: Finished rendering [  0.01s] seed main.dim_currency [success]
19:46:32.712061 [info ]:  Succeeded [  0.01s] seed  main.dim_currency (table)
19:46:32.713217 [debug]: Finished rendering [  0.01s] seed main.fact_activity [success]
19:46:32.713231 [info ]:  Succeeded [  0.01s] seed  main.fact_activity (table)
19:46:32.713263 [debug]: Finished rendering [  0.01s] seed main.dim_game [error]
19:46:32.713268 [info ]:     Failed [  0.01s] seed  main.dim_game (table)
19:46:32.724559 [debug]: Compiled SQL for node model.casino_games_models.slv_fact_activity at target\.lsp\compiled\casino_games_models\models\silver\slv_fact_activity.sql
19:46:32.724739 [debug]: Compiled SQL for node model.casino_games_models.br_fact_activity at target\.lsp\compiled\casino_games_models\models\bronze\br_fact_activity.sql
19:46:32.725004 [debug]: Compiled SQL for node model.casino_games_models.slv_dim_currency at target\.lsp\compiled\casino_games_models\models\silver\slv_dim_currency.sql
19:46:32.725470 [debug]: Compiled SQL for node model.casino_games_models.br_dim_currency at target\.lsp\compiled\casino_games_models\models\bronze\br_dim_currency.sql
19:46:32.725742 [debug]: Compiled SQL for node model.casino_games_models.slv_dim_game at target\.lsp\compiled\casino_games_models\models\silver\slv_dim_game.sql
19:46:32.726263 [debug]: Compiled SQL for node model.casino_games_models.gl_activity at target\.lsp\compiled\casino_games_models\models\gold\gl_activity.sql
19:46:32.726618 [debug]: Compiled SQL for node model.casino_games_models.br_dim_game at target\.lsp\compiled\casino_games_models\models\bronze\br_dim_game.sql
19:46:32.727086 [debug]: Finished rendering [  0.02s] model main.slv_fact_activity [success]
19:46:32.728233 [info ]: Started analyzing (7 nodes)
19:46:32.728258 [debug]: Started analyzing model main.slv_fact_activity
19:46:32.728753 [debug]: Finished rendering [  0.02s] model main.slv_dim_game [success]
19:46:32.728769 [debug]: Started analyzing model main.slv_dim_game
19:46:32.728791 [debug]: Finished rendering [  0.02s] model main.br_fact_activity [success]
19:46:32.728801 [debug]: Started analyzing model main.br_fact_activity
19:46:32.728811 [debug]: Finished rendering [  0.02s] model main.br_dim_game [success]
19:46:32.728817 [debug]: Started analyzing model main.br_dim_game
19:46:32.728833 [debug]: Finished rendering [  0.02s] model main.gl_activity [success]
19:46:32.728839 [debug]: Started analyzing model main.gl_activity
19:46:32.729131 [debug]: Finished rendering [  0.02s] model main.br_dim_currency [success]
19:46:32.729144 [debug]: Started analyzing model main.br_dim_currency
19:46:32.729155 [debug]: Finished rendering [  0.02s] model main.slv_dim_currency [success]
19:46:32.729161 [info ]: Finished rendering [  0.03s] (10 nodes, 0 skipped, 1 errors)
19:46:32.729168 [debug]: Started analyzing model main.slv_dim_currency
19:46:32.753852 [debug]: Finished analyzing [  0.02s] model main.slv_dim_currency [success]
19:46:32.753879 [info ]:  Succeeded [  0.05s] model main.slv_dim_currency (view)
19:46:32.753898 [debug]: Finished analyzing [  0.03s] model main.br_dim_game [success]
19:46:32.753907 [info ]:  Succeeded [  0.05s] model main.br_dim_game (view)
19:46:32.753917 [debug]: Finished analyzing [  0.03s] model main.br_fact_activity [success]
19:46:32.753925 [info ]:  Succeeded [  0.05s] model main.br_fact_activity (view)
19:46:32.753932 [debug]: Finished analyzing [  0.02s] model main.br_dim_currency [success]
19:46:32.753938 [info ]:  Succeeded [  0.05s] model main.br_dim_currency (view)
19:46:32.753946 [debug]: Finished analyzing [  0.03s] model main.slv_fact_activity [success]
19:46:32.753951 [info ]:  Succeeded [  0.05s] model main.slv_fact_activity (view)
19:46:32.753957 [debug]: Finished analyzing [  0.03s] model main.slv_dim_game [success]
19:46:32.753963 [info ]:  Succeeded [  0.05s] model main.slv_dim_game (view)
19:46:32.754127 [debug]: Finished analyzing [  0.03s] model main.gl_activity [success]
19:46:32.754142 [info ]: Finished analyzing [  0.03s] (7 nodes, 0 skipped, 0 errors)
19:46:32.754149 [info ]:  Succeeded [  0.05s] model main.gl_activity (view)
19:46:32.759149 [info ]: Started scheduling
19:46:32.759203 [info ]: Finished scheduling [  0.00s]
19:46:32.759720 [info ]: Cached model count updated: 7 models (accurate)
19:46:41.165236 [info ]: Started loading project
19:46:41.165704 [info ]: Loading ~/.dbt/profiles.yml
19:46:41.170120 [info ]: Started loading project
19:46:41.170457 [info ]: Loading ~/.dbt/profiles.yml
19:46:41.170488 [info ]: Finished loading project [  0.01s]
19:46:41.173349 [debug]:    Started loading packages
19:46:41.179827 [debug]:     Loaded [  0.01s] packages
19:46:41.180872 [info ]: Finished loading project [  0.01s]
19:46:41.181455 [info ]: Started parsing
19:46:41.211402 [debug]: Finished parsing models/schema.yml [  0.00s]
19:46:41.213465 [debug]: Finished parsing models/bronze/br_dim_currency.sql [  0.00s]
19:46:41.213724 [debug]: Finished parsing models/bronze/br_dim_game.sql [  0.00s]
19:46:41.214105 [debug]: Finished parsing models/bronze/br_fact_activity.sql [  0.00s]
19:46:41.214461 [debug]: Finished parsing models/gold/gl_activity.sql [  0.00s]
19:46:41.215320 [debug]: Finished parsing models/gold/gl_game.sql [  0.00s]
19:46:41.215691 [debug]: Finished parsing models/silver/slv_dim_currency.sql [  0.00s]
19:46:41.217337 [debug]: Finished parsing models/silver/slv_dim_game.sql [  0.00s]
19:46:41.218144 [debug]: Finished parsing models/silver/slv_fact_activity.sql [  0.00s]
19:46:41.222504 [debug]: Finished parsing tests/total_spins_not_zero.sql [  0.00s]
19:46:41.223956 [info ]: Finished parsing [  0.04s]
19:46:41.224460 [info ]: Cached model count updated: 8 models (estimate)
19:46:41.224474 [info ]: Cached model count updated: 8 models (accurate)
19:46:41.224494 [info ]: Started scheduling
19:46:41.224809 [info ]: Finished scheduling [  0.00s]
19:46:41.224824 [debug]: Compilation - 0 nodes selected: {}
19:46:41.224849 [warn ]: [NoNodesForSelectionCriteria (dbt1092)]: The selection criterion '' does not match any enabled nodes
19:46:41.224861 [warn ]: [NoNodesSelected (dbt1601)]: Nothing to do. Try checking your model configs and model specification args
19:46:41.224869 [info ]: Started scheduling
19:46:41.225113 [info ]: Finished scheduling [  0.00s]
19:46:41.225708 [debug]: License check failed: Feature not licensed: 'lineage'
19:46:41.225912 [info ]: Started building task graph
19:46:41.225933 [info ]: Finished building task graph [  0.00s]
19:46:41.229890 [info ]: Started scheduling
19:46:41.229920 [info ]: Finished scheduling [  0.00s]
19:46:41.231944 [info ]: Cached model count updated: 8 models (accurate)
19:46:42.205891 [debug]: License check failed: Feature not licensed: 'lineage'
19:46:42.617085 [debug]: License check failed: Feature not licensed: 'lineage'
19:46:42.886621 [info ]: Started loading project
19:46:42.887504 [info ]: Loading ~/.dbt/profiles.yml
19:46:42.906868 [info ]: Cached model count updated: 8 models (estimate)
19:46:42.906886 [info ]: Cached model count updated: 8 models (accurate)
19:46:42.906910 [info ]: Started scheduling
19:46:42.906980 [info ]: Finished scheduling [  0.00s]
19:46:42.906992 [debug]: Compilation - 10 nodes selected: {"model.casino_games_models.br_dim_currency", "model.casino_games_models.br_dim_game", "model.casino_games_models.br_fact_activity", "model.casino_games_models.gl_activity", "model.casino_games_models.slv_dim_currency", "model.casino_games_models.slv_dim_game", "model.casino_games_models.slv_fact_activity", "seed.casino_games_models.dim_currency", "seed.casino_games_models.dim_game", "seed.casino_games_models.fact_activity"}
19:46:42.907547 [debug]: License check failed: Feature not licensed: 'lineage'
19:46:42.907827 [info ]: Started building task graph
19:46:42.907916 [info ]: Finished building task graph [  0.00s]
19:46:42.908126 [info ]: Finished loading project [  0.02s]
19:46:42.913814 [error]: Arrow error: Csv error: incorrect number of fields for line 3, expected 1 got 2
19:46:43.368430 [info ]: Started rendering (10 nodes)
19:46:43.368458 [info ]: Started seed main.fact_activity
19:46:43.368469 [debug]: Started rendering seed main.fact_activity
19:46:43.368486 [info ]: Started seed main.dim_game
19:46:43.368493 [debug]: Started rendering seed main.dim_game
19:46:43.368500 [info ]: Started seed main.dim_currency
19:46:43.368503 [debug]: Started rendering seed main.dim_currency
19:46:43.368511 [info ]: Started model main.slv_dim_game
19:46:43.368515 [debug]: Started rendering model main.slv_dim_game
19:46:43.368521 [info ]: Started model main.gl_activity
19:46:43.368527 [debug]: Started rendering model main.gl_activity
19:46:43.368532 [info ]: Started model main.slv_fact_activity
19:46:43.368536 [debug]: Started rendering model main.slv_fact_activity
19:46:43.368542 [info ]: Started model main.slv_dim_currency
19:46:43.368545 [debug]: Started rendering model main.slv_dim_currency
19:46:43.368551 [info ]: Started model main.br_fact_activity
19:46:43.368554 [debug]: Started rendering model main.br_fact_activity
19:46:43.368562 [info ]: Started model main.br_dim_game
19:46:43.368566 [debug]: Started rendering model main.br_dim_game
19:46:43.368573 [info ]: Started model main.br_dim_currency
19:46:43.368578 [debug]: Started rendering model main.br_dim_currency
19:46:43.369194 [debug]: Finished rendering [  0.00s] seed main.fact_activity [success]
19:46:43.369225 [info ]:  Succeeded [-------] seed  main.fact_activity (table)
19:46:43.369262 [debug]: Finished rendering [  0.00s] seed main.dim_game [error]
19:46:43.369272 [info ]:     Failed [-------] seed  main.dim_game (table)
19:46:43.369285 [debug]: Finished rendering [  0.00s] seed main.dim_currency [success]
19:46:43.369294 [info ]:  Succeeded [-------] seed  main.dim_currency (table)
19:46:43.370211 [debug]: Compiled SQL for node model.casino_games_models.slv_fact_activity at target\.lsp\compiled\casino_games_models\models\silver\slv_fact_activity.sql
19:46:43.370222 [debug]: Compiled SQL for node model.casino_games_models.slv_dim_currency at target\.lsp\compiled\casino_games_models\models\silver\slv_dim_currency.sql
19:46:43.370303 [info ]: Started analyzing (7 nodes)
19:46:43.370323 [debug]: Started analyzing model main.slv_fact_activity
19:46:43.370349 [debug]: Started analyzing model main.slv_dim_currency
19:46:43.370865 [debug]: Finished rendering [  0.00s] model main.slv_fact_activity [success]
19:46:43.370905 [debug]: Finished rendering [  0.00s] model main.slv_dim_currency [success]
19:46:43.371069 [debug]: Compiled SQL for node model.casino_games_models.slv_dim_game at target\.lsp\compiled\casino_games_models\models\silver\slv_dim_game.sql
19:46:43.372186 [debug]: Finished analyzing [  0.00s] model main.slv_dim_currency [success]
19:46:43.372213 [info ]:  Succeeded [  0.00s] model main.slv_dim_currency (view)
19:46:43.372240 [debug]: Finished rendering [  0.00s] model main.slv_dim_game [success]
19:46:43.372258 [debug]: Started analyzing model main.slv_dim_game
19:46:43.372585 [debug]: Finished analyzing [  0.00s] model main.slv_dim_game [success]
19:46:43.372602 [info ]:  Succeeded [  0.00s] model main.slv_dim_game (view)
19:46:43.372949 [debug]: Finished analyzing [  0.00s] model main.slv_fact_activity [success]
19:46:43.372946 [debug]: Compiled SQL for node model.casino_games_models.gl_activity at target\.lsp\compiled\casino_games_models\models\gold\gl_activity.sql
19:46:43.372944 [debug]: Compiled SQL for node model.casino_games_models.br_fact_activity at target\.lsp\compiled\casino_games_models\models\bronze\br_fact_activity.sql
19:46:43.372970 [info ]:  Succeeded [  0.00s] model main.slv_fact_activity (view)
19:46:43.373065 [debug]: Finished rendering [  0.00s] model main.gl_activity [success]
19:46:43.373096 [debug]: Started analyzing model main.gl_activity
19:46:43.373121 [debug]: Finished rendering [  0.00s] model main.br_fact_activity [success]
19:46:43.373137 [debug]: Started analyzing model main.br_fact_activity
19:46:43.373737 [debug]: Compiled SQL for node model.casino_games_models.br_dim_game at target\.lsp\compiled\casino_games_models\models\bronze\br_dim_game.sql
19:46:43.373813 [debug]: Compiled SQL for node model.casino_games_models.br_dim_currency at target\.lsp\compiled\casino_games_models\models\bronze\br_dim_currency.sql
19:46:43.373855 [debug]: Finished rendering [  0.01s] model main.br_dim_game [success]
19:46:43.373888 [debug]: Started analyzing model main.br_dim_game
19:46:43.373934 [debug]: Finished rendering [  0.01s] model main.br_dim_currency [success]
19:46:43.373958 [info ]: Finished rendering [  0.01s] (10 nodes, 0 skipped, 1 errors)
19:46:43.373978 [debug]: Started analyzing model main.br_dim_currency
19:46:43.374424 [debug]: Finished analyzing [  0.00s] model main.br_dim_currency [success]
19:46:43.374464 [info ]:  Succeeded [  0.01s] model main.br_dim_currency (view)
19:46:43.374491 [debug]: Finished analyzing [  0.00s] model main.br_fact_activity [success]
19:46:43.374508 [info ]:  Succeeded [  0.01s] model main.br_fact_activity (view)
19:46:43.374674 [debug]: Finished analyzing [  0.00s] model main.br_dim_game [success]
19:46:43.374707 [info ]:  Succeeded [  0.01s] model main.br_dim_game (view)
19:46:43.374934 [debug]: Finished analyzing [  0.00s] model main.gl_activity [success]
19:46:43.374963 [info ]: Finished analyzing [  0.00s] (7 nodes, 0 skipped, 0 errors)
19:46:43.374975 [info ]:  Succeeded [  0.01s] model main.gl_activity (view)
19:46:43.377349 [info ]: Started scheduling
19:46:43.377390 [info ]: Finished scheduling [  0.00s]
19:46:43.377719 [info ]: Cached model count updated: 8 models (accurate)
19:46:46.837238 [info ]: Started loading project
19:46:46.837660 [info ]: Loading ~/.dbt/profiles.yml
19:46:46.855704 [info ]: Cached model count updated: 8 models (estimate)
19:46:46.855729 [info ]: Cached model count updated: 8 models (accurate)
19:46:46.856339 [info ]: Started scheduling
19:46:46.857865 [info ]: Finished scheduling [  0.00s]
19:46:46.857884 [debug]: Compilation - 0 nodes selected: {}
19:46:46.858621 [warn ]: [NoNodesForSelectionCriteria (dbt1092)]: The selection criterion '+fqn:model.casino_games_models.gl_game' does not match any enabled nodes
19:46:46.858634 [warn ]: [NoNodesSelected (dbt1601)]: Nothing to do. Try checking your model configs and model specification args
19:46:46.859316 [debug]: License check failed: Feature not licensed: 'lineage'
19:46:46.859540 [info ]: Started building task graph
19:46:46.859558 [info ]: Finished building task graph [  0.00s]
19:46:46.863594 [info ]: Started scheduling
19:46:46.863634 [info ]: Finished scheduling [  0.00s]
19:46:46.863716 [info ]: Finished loading project [  0.03s]
19:46:46.863974 [info ]: Cached model count updated: 8 models (accurate)
19:46:48.531763 [info ]: Started loading project
19:46:48.532746 [info ]: Loading ~/.dbt/profiles.yml
19:46:48.556570 [info ]: Cached model count updated: 8 models (estimate)
19:46:48.556591 [info ]: Cached model count updated: 8 models (accurate)
19:46:48.556615 [info ]: Started scheduling
19:46:48.556686 [info ]: Finished scheduling [  0.00s]
19:46:48.556697 [debug]: Compilation - 10 nodes selected: {"model.casino_games_models.br_dim_currency", "model.casino_games_models.br_dim_game", "model.casino_games_models.br_fact_activity", "model.casino_games_models.gl_activity", "model.casino_games_models.slv_dim_currency", "model.casino_games_models.slv_dim_game", "model.casino_games_models.slv_fact_activity", "seed.casino_games_models.dim_currency", "seed.casino_games_models.dim_game", "seed.casino_games_models.fact_activity"}
19:46:48.557390 [debug]: License check failed: Feature not licensed: 'lineage'
19:46:48.557639 [info ]: Started building task graph
19:46:48.557690 [info ]: Finished building task graph [  0.00s]
19:46:48.557738 [info ]: Finished loading project [  0.03s]
19:46:48.562556 [error]: Arrow error: Csv error: incorrect number of fields for line 3, expected 1 got 2
19:46:48.961277 [info ]: Started rendering (10 nodes)
19:46:48.961341 [info ]: Started seed main.fact_activity
19:46:48.961627 [debug]: Started rendering seed main.fact_activity
19:46:48.961661 [info ]: Started seed main.dim_game
19:46:48.961671 [debug]: Started rendering seed main.dim_game
19:46:48.961680 [info ]: Started seed main.dim_currency
19:46:48.961684 [debug]: Started rendering seed main.dim_currency
19:46:48.961693 [info ]: Started model main.slv_dim_game
19:46:48.961698 [debug]: Started rendering model main.slv_dim_game
19:46:48.961705 [info ]: Started model main.gl_activity
19:46:48.961711 [debug]: Started rendering model main.gl_activity
19:46:48.961719 [info ]: Started model main.slv_fact_activity
19:46:48.961734 [debug]: Started rendering model main.slv_fact_activity
19:46:48.961743 [info ]: Started model main.slv_dim_currency
19:46:48.961748 [debug]: Started rendering model main.slv_dim_currency
19:46:48.961758 [info ]: Started model main.br_fact_activity
19:46:48.961762 [debug]: Started rendering model main.br_fact_activity
19:46:48.962083 [info ]: Started model main.br_dim_game
19:46:48.962100 [debug]: Started rendering model main.br_dim_game
19:46:48.962384 [info ]: Started model main.br_dim_currency
19:46:48.962426 [debug]: Started rendering model main.br_dim_currency
19:46:48.962490 [debug]: Finished rendering [  0.00s] seed main.fact_activity [success]
19:46:48.962525 [info ]:  Succeeded [-------] seed  main.fact_activity (table)
19:46:48.962549 [debug]: Finished rendering [  0.00s] seed main.dim_game [error]
19:46:48.962553 [info ]:     Failed [-------] seed  main.dim_game (table)
19:46:48.962567 [debug]: Finished rendering [  0.00s] seed main.dim_currency [success]
19:46:48.962571 [info ]:  Succeeded [-------] seed  main.dim_currency (table)
19:46:48.963476 [debug]: Compiled SQL for node model.casino_games_models.br_dim_game at target\.lsp\compiled\casino_games_models\models\bronze\br_dim_game.sql
19:46:48.963476 [debug]: Compiled SQL for node model.casino_games_models.br_fact_activity at target\.lsp\compiled\casino_games_models\models\bronze\br_fact_activity.sql
19:46:48.963485 [debug]: Compiled SQL for node model.casino_games_models.br_dim_currency at target\.lsp\compiled\casino_games_models\models\bronze\br_dim_currency.sql
19:46:48.963605 [debug]: Compiled SQL for node model.casino_games_models.gl_activity at target\.lsp\compiled\casino_games_models\models\gold\gl_activity.sql
19:46:48.963603 [debug]: Compiled SQL for node model.casino_games_models.slv_dim_currency at target\.lsp\compiled\casino_games_models\models\silver\slv_dim_currency.sql
19:46:48.963604 [debug]: Compiled SQL for node model.casino_games_models.slv_fact_activity at target\.lsp\compiled\casino_games_models\models\silver\slv_fact_activity.sql
19:46:48.963686 [debug]: Compiled SQL for node model.casino_games_models.slv_dim_game at target\.lsp\compiled\casino_games_models\models\silver\slv_dim_game.sql
19:46:48.963553 [debug]: Finished rendering [  0.00s] model main.br_dim_game [success]
19:46:48.963782 [info ]: Started analyzing (7 nodes)
19:46:48.963793 [debug]: Started analyzing model main.br_dim_game
19:46:48.963813 [debug]: Finished rendering [  0.00s] model main.slv_dim_currency [success]
19:46:48.963825 [debug]: Started analyzing model main.slv_dim_currency
19:46:48.963839 [debug]: Finished rendering [  0.00s] model main.gl_activity [success]
19:46:48.963844 [debug]: Started analyzing model main.gl_activity
19:46:48.963861 [debug]: Finished rendering [  0.00s] model main.slv_fact_activity [success]
19:46:48.963867 [debug]: Started analyzing model main.slv_fact_activity
19:46:48.963878 [debug]: Finished rendering [  0.00s] model main.slv_dim_game [success]
19:46:48.963885 [debug]: Started analyzing model main.slv_dim_game
19:46:48.963891 [debug]: Finished rendering [  0.00s] model main.br_dim_currency [success]
19:46:48.963896 [debug]: Started analyzing model main.br_dim_currency
19:46:48.963902 [debug]: Finished rendering [  0.00s] model main.br_fact_activity [success]
19:46:48.963906 [info ]: Finished rendering [  0.00s] (10 nodes, 0 skipped, 1 errors)
19:46:48.963911 [debug]: Started analyzing model main.br_fact_activity
19:46:48.964163 [debug]: Finished analyzing [  0.00s] model main.br_dim_game [success]
19:46:48.964178 [info ]:  Succeeded [  0.00s] model main.br_dim_game (view)
19:46:48.964192 [debug]: Finished analyzing [  0.00s] model main.slv_fact_activity [success]
19:46:48.964197 [info ]:  Succeeded [  0.00s] model main.slv_fact_activity (view)
19:46:48.964205 [debug]: Finished analyzing [  0.00s] model main.slv_dim_currency [success]
19:46:48.964209 [info ]:  Succeeded [  0.00s] model main.slv_dim_currency (view)
19:46:48.964630 [debug]: Finished analyzing [  0.00s] model main.br_fact_activity [success]
19:46:48.964646 [info ]:  Succeeded [  0.00s] model main.br_fact_activity (view)
19:46:48.964663 [debug]: Finished analyzing [  0.00s] model main.br_dim_currency [success]
19:46:48.964671 [info ]:  Succeeded [  0.00s] model main.br_dim_currency (view)
19:46:48.964681 [debug]: Finished analyzing [  0.00s] model main.slv_dim_game [success]
19:46:48.964688 [info ]:  Succeeded [  0.00s] model main.slv_dim_game (view)
19:46:48.965037 [debug]: Finished analyzing [  0.00s] model main.gl_activity [success]
19:46:48.965055 [info ]: Finished analyzing [  0.00s] (7 nodes, 0 skipped, 0 errors)
19:46:48.965061 [info ]:  Succeeded [  0.00s] model main.gl_activity (view)
19:46:48.967970 [info ]: Started scheduling
19:46:48.968022 [info ]: Finished scheduling [  0.00s]
19:46:48.968390 [info ]: Cached model count updated: 8 models (accurate)
19:46:56.078790 [info ]: Started loading project
19:46:56.079674 [info ]: Loading ~/.dbt/profiles.yml
19:46:56.095040 [info ]: Started parsing
19:46:56.121785 [info ]: Finished loading project [  0.04s]
19:46:56.124602 [debug]: Finished parsing models/gold/gl_game.sql [  0.00s]
19:46:56.128493 [info ]: Finished parsing [  0.03s]
19:46:56.130263 [info ]: Cached model count updated: 8 models (estimate)
19:46:56.130278 [info ]: Cached model count updated: 8 models (accurate)
19:46:56.130300 [info ]: Started scheduling
19:46:56.130378 [info ]: Finished scheduling [  0.00s]
19:46:56.130390 [debug]: Compilation - 3 nodes selected: {"model.casino_games_models.br_dim_game", "model.casino_games_models.gl_game", "model.casino_games_models.slv_dim_game"}
19:46:56.131077 [debug]: License check failed: Feature not licensed: 'lineage'
19:46:56.131328 [info ]: Started building task graph
19:46:56.131370 [info ]: Finished building task graph [  0.00s]
19:46:56.133215 [info ]: Started rendering (3 nodes)
19:46:56.133234 [info ]: Started model main.gl_game
19:46:56.133244 [debug]: Started rendering model main.gl_game
19:46:56.133258 [info ]: Started model main.slv_dim_game
19:46:56.133264 [debug]: Started rendering model main.slv_dim_game
19:46:56.133272 [info ]: Started model main.br_dim_game
19:46:56.133278 [debug]: Started rendering model main.br_dim_game
19:46:56.133520 [debug]: Compiled SQL for node model.casino_games_models.slv_dim_game at target\.lsp\compiled\casino_games_models\models\silver\slv_dim_game.sql
19:46:56.133539 [debug]: Compiled SQL for node model.casino_games_models.br_dim_game at target\.lsp\compiled\casino_games_models\models\bronze\br_dim_game.sql
19:46:56.133602 [debug]: Finished rendering [  0.00s] model main.slv_dim_game [success]
19:46:56.133628 [info ]: Started analyzing (3 nodes)
19:46:56.133637 [debug]: Started analyzing model main.slv_dim_game
19:46:56.133654 [debug]: Finished rendering [  0.00s] model main.br_dim_game [success]
19:46:56.133663 [debug]: Started analyzing model main.br_dim_game
19:46:56.133894 [debug]: Finished analyzing [  0.00s] model main.slv_dim_game [success]
19:46:56.133909 [info ]:  Succeeded [-------] model main.slv_dim_game (view)
19:46:56.133924 [debug]: Finished analyzing [  0.00s] model main.br_dim_game [success]
19:46:56.133928 [info ]:  Succeeded [-------] model main.br_dim_game (view)
19:46:56.135184 [debug]: Compiled SQL for node model.casino_games_models.gl_game at target\.lsp\compiled\casino_games_models\models\gold\gl_game.sql
19:46:56.135235 [debug]: Finished rendering [  0.00s] model main.gl_game [success]
19:46:56.135246 [info ]: Finished rendering [  0.00s] (3 nodes, 0 skipped, 0 errors)
19:46:56.135255 [debug]: Started analyzing model main.gl_game
19:46:56.149768 [warn ]: [SyntaxInvalid (dbt0101)]: mismatched input '<EOF>' expecting one of 'FROM', 'SELECT', 'TABLE', 'VALUES', '('
  --> models/gold/gl_game.sql:4:2 (target\.lsp\compiled\casino_games_models\models\gold\gl_game.sql:4:2)
19:46:56.150002 [info ]:  Succeeded [  0.01s] model main.gl_game (view)
19:46:56.150520 [debug]: Finished analyzing [  0.02s] model main.gl_game [success]
19:46:56.150535 [info ]: Finished analyzing [  0.02s] (3 nodes, 0 skipped, 0 errors)
19:46:56.154864 [info ]: Started scheduling
19:46:56.154951 [info ]: Finished scheduling [  0.00s]
19:46:56.156495 [info ]: Cached model count updated: 8 models (accurate)
19:46:56.415162 [debug]: License check failed: Feature not licensed: 'lineage'
19:46:57.829284 [info ]: Started loading project
19:46:57.830070 [info ]: Loading ~/.dbt/profiles.yml
19:46:57.849595 [info ]: Cached model count updated: 8 models (estimate)
19:46:57.849615 [info ]: Cached model count updated: 8 models (accurate)
19:46:57.849637 [info ]: Started scheduling
19:46:57.849709 [info ]: Finished scheduling [  0.00s]
19:46:57.849719 [debug]: Compilation - 11 nodes selected: {"model.casino_games_models.br_dim_currency", "model.casino_games_models.br_dim_game", "model.casino_games_models.br_fact_activity", "model.casino_games_models.gl_activity", "model.casino_games_models.gl_game", "model.casino_games_models.slv_dim_currency", "model.casino_games_models.slv_dim_game", "model.casino_games_models.slv_fact_activity", "seed.casino_games_models.dim_currency", "seed.casino_games_models.dim_game", "seed.casino_games_models.fact_activity"}
19:46:57.850200 [debug]: License check failed: Feature not licensed: 'lineage'
19:46:57.850429 [info ]: Started building task graph
19:46:57.850487 [info ]: Finished building task graph [  0.00s]
19:46:57.850532 [info ]: Finished loading project [  0.02s]
19:46:57.856265 [error]: Arrow error: Csv error: incorrect number of fields for line 3, expected 1 got 2
19:46:58.240947 [info ]: Started rendering (11 nodes)
19:46:58.240973 [info ]: Started seed main.fact_activity
19:46:58.240981 [debug]: Started rendering seed main.fact_activity
19:46:58.240997 [info ]: Started seed main.dim_game
19:46:58.241003 [debug]: Started rendering seed main.dim_game
19:46:58.241011 [info ]: Started seed main.dim_currency
19:46:58.241018 [debug]: Started rendering seed main.dim_currency
19:46:58.241028 [info ]: Started model main.gl_game
19:46:58.241034 [debug]: Started rendering model main.gl_game
19:46:58.241043 [info ]: Started model main.slv_dim_game
19:46:58.241050 [debug]: Started rendering model main.slv_dim_game
19:46:58.241059 [info ]: Started model main.gl_activity
19:46:58.241067 [debug]: Started rendering model main.gl_activity
19:46:58.241074 [info ]: Started model main.slv_fact_activity
19:46:58.241078 [debug]: Started rendering model main.slv_fact_activity
19:46:58.241084 [info ]: Started model main.slv_dim_currency
19:46:58.241089 [debug]: Started rendering model main.slv_dim_currency
19:46:58.241098 [info ]: Started model main.br_fact_activity
19:46:58.241107 [debug]: Started rendering model main.br_fact_activity
19:46:58.241123 [info ]: Started model main.br_dim_game
19:46:58.241133 [debug]: Started rendering model main.br_dim_game
19:46:58.241147 [info ]: Started model main.br_dim_currency
19:46:58.241154 [debug]: Started rendering model main.br_dim_currency
19:46:58.241186 [debug]: Finished rendering [  0.00s] seed main.fact_activity [success]
19:46:58.241208 [info ]:  Succeeded [-------] seed  main.fact_activity (table)
19:46:58.241228 [debug]: Finished rendering [  0.00s] seed main.dim_game [error]
19:46:58.241232 [info ]:     Failed [-------] seed  main.dim_game (table)
19:46:58.241247 [debug]: Finished rendering [  0.00s] seed main.dim_currency [success]
19:46:58.241253 [info ]:  Succeeded [-------] seed  main.dim_currency (table)
19:46:58.241462 [debug]: Compiled SQL for node model.casino_games_models.gl_activity at target\.lsp\compiled\casino_games_models\models\gold\gl_activity.sql
19:46:58.241462 [debug]: Compiled SQL for node model.casino_games_models.gl_game at target\.lsp\compiled\casino_games_models\models\gold\gl_game.sql
19:46:58.241515 [debug]: Compiled SQL for node model.casino_games_models.slv_dim_game at target\.lsp\compiled\casino_games_models\models\silver\slv_dim_game.sql
19:46:58.241554 [debug]: Finished rendering [  0.00s] model main.gl_activity [success]
19:46:58.241587 [info ]: Started analyzing (8 nodes)
19:46:58.241599 [debug]: Started analyzing model main.gl_activity
19:46:58.241626 [debug]: Finished rendering [  0.00s] model main.gl_game [success]
19:46:58.241634 [debug]: Started analyzing model main.gl_game
19:46:58.241644 [debug]: Finished rendering [  0.00s] model main.slv_dim_game [success]
19:46:58.241658 [debug]: Started analyzing model main.slv_dim_game
19:46:58.241728 [debug]: Compiled SQL for node model.casino_games_models.br_fact_activity at target\.lsp\compiled\casino_games_models\models\bronze\br_fact_activity.sql
19:46:58.241760 [debug]: Compiled SQL for node model.casino_games_models.slv_fact_activity at target\.lsp\compiled\casino_games_models\models\silver\slv_fact_activity.sql
19:46:58.241835 [debug]: Compiled SQL for node model.casino_games_models.br_dim_currency at target\.lsp\compiled\casino_games_models\models\bronze\br_dim_currency.sql
19:46:58.241872 [debug]: Finished rendering [  0.00s] model main.br_fact_activity [success]
19:46:58.241892 [debug]: Started analyzing model main.br_fact_activity
19:46:58.241965 [debug]: Finished rendering [  0.00s] model main.slv_fact_activity [success]
19:46:58.241989 [debug]: Started analyzing model main.slv_fact_activity
19:46:58.242011 [debug]: Finished rendering [  0.00s] model main.br_dim_currency [success]
19:46:58.242025 [debug]: Started analyzing model main.br_dim_currency
19:46:58.242018 [debug]: Compiled SQL for node model.casino_games_models.slv_dim_currency at target\.lsp\compiled\casino_games_models\models\silver\slv_dim_currency.sql
19:46:58.242149 [debug]: Finished analyzing [  0.00s] model main.br_fact_activity [success]
19:46:58.242159 [info ]:  Succeeded [-------] model main.br_fact_activity (view)
19:46:58.242173 [debug]: Finished rendering [  0.00s] model main.slv_dim_currency [success]
19:46:58.242177 [debug]: Compiled SQL for node model.casino_games_models.br_dim_game at target\.lsp\compiled\casino_games_models\models\bronze\br_dim_game.sql
19:46:58.242180 [debug]: Started analyzing model main.slv_dim_currency
19:46:58.242197 [debug]: Finished analyzing [  0.00s] model main.br_dim_currency [success]
19:46:58.242202 [info ]:  Succeeded [-------] model main.br_dim_currency (view)
19:46:58.242215 [debug]: Finished rendering [  0.00s] model main.br_dim_game [success]
19:46:58.242224 [info ]: Finished rendering [  0.00s] (11 nodes, 0 skipped, 1 errors)
19:46:58.242233 [debug]: Started analyzing model main.br_dim_game
19:46:58.242270 [debug]: Finished analyzing [  0.00s] model main.slv_dim_game [success]
19:46:58.242284 [info ]:  Succeeded [-------] model main.slv_dim_game (view)
19:46:58.242345 [debug]: Finished analyzing [  0.00s] model main.slv_dim_currency [success]
19:46:58.242366 [info ]:  Succeeded [  0.00s] model main.slv_dim_currency (view)
19:46:58.242402 [debug]: Finished analyzing [  0.00s] model main.br_dim_game [success]
19:46:58.242415 [info ]:  Succeeded [  0.00s] model main.br_dim_game (view)
19:46:58.242794 [warn ]: [SyntaxInvalid (dbt0101)]: mismatched input '<EOF>' expecting one of 'FROM', 'SELECT', 'TABLE', 'VALUES', '('
  --> models/gold/gl_game.sql:4:2 (target\.lsp\compiled\casino_games_models\models\gold\gl_game.sql:4:2)
19:46:58.242864 [info ]:  Succeeded [  0.00s] model main.gl_game (view)
19:46:58.242885 [debug]: Finished analyzing [  0.00s] model main.gl_game [success]
19:46:58.242890 [debug]: Finished analyzing [  0.00s] model main.slv_fact_activity [success]
19:46:58.242922 [info ]:  Succeeded [-------] model main.slv_fact_activity (view)
19:46:58.243558 [debug]: Finished analyzing [  0.00s] model main.gl_activity [success]
19:46:58.243579 [info ]: Finished analyzing [  0.00s] (8 nodes, 0 skipped, 0 errors)
19:46:58.243587 [info ]:  Succeeded [  0.00s] model main.gl_activity (view)
19:46:58.245867 [info ]: Started scheduling
19:46:58.245905 [info ]: Finished scheduling [  0.00s]
19:46:58.246272 [info ]: Cached model count updated: 8 models (accurate)
19:46:58.508867 [debug]: License check failed: Feature not licensed: 'lineage'
19:47:20.305317 [debug]: License check failed: Feature not licensed: 'lineage'
19:47:28.532132 [info ]: Started loading project
19:47:28.532693 [info ]: Loading ~/.dbt/profiles.yml
19:47:28.539264 [info ]: Started parsing
19:47:28.572132 [info ]: Finished loading project [  0.04s]
19:47:28.574242 [debug]: Finished parsing models/gold/gl_game.sql [  0.00s]
19:47:28.579513 [info ]: Finished parsing [  0.04s]
19:47:28.583850 [info ]: Cached model count updated: 8 models (estimate)
19:47:28.583864 [info ]: Cached model count updated: 8 models (accurate)
19:47:28.583891 [info ]: Started scheduling
19:47:28.583985 [info ]: Finished scheduling [  0.00s]
19:47:28.583998 [debug]: Compilation - 3 nodes selected: {"model.casino_games_models.br_dim_game", "model.casino_games_models.gl_game", "model.casino_games_models.slv_dim_game"}
19:47:28.585887 [debug]: License check failed: Feature not licensed: 'lineage'
19:47:28.586483 [info ]: Started building task graph
19:47:28.586539 [info ]: Finished building task graph [  0.00s]
19:47:28.590663 [info ]: Started rendering (3 nodes)
19:47:28.590690 [info ]: Started model main.gl_game
19:47:28.590701 [debug]: Started rendering model main.gl_game
19:47:28.590718 [info ]: Started model main.slv_dim_game
19:47:28.590725 [debug]: Started rendering model main.slv_dim_game
19:47:28.590732 [info ]: Started model main.br_dim_game
19:47:28.591001 [debug]: Started rendering model main.br_dim_game
19:47:28.591006 [debug]: Compiled SQL for node model.casino_games_models.slv_dim_game at target\.lsp\compiled\casino_games_models\models\silver\slv_dim_game.sql
19:47:28.591101 [debug]: Finished rendering [  0.00s] model main.slv_dim_game [success]
19:47:28.591152 [info ]: Started analyzing (3 nodes)
19:47:28.591163 [debug]: Started analyzing model main.slv_dim_game
19:47:28.591412 [debug]: Compiled SQL for node model.casino_games_models.br_dim_game at target\.lsp\compiled\casino_games_models\models\bronze\br_dim_game.sql
19:47:28.591480 [debug]: Finished rendering [  0.00s] model main.br_dim_game [success]
19:47:28.591504 [debug]: Started analyzing model main.br_dim_game
19:47:28.591532 [debug]: Finished analyzing [  0.00s] model main.slv_dim_game [success]
19:47:28.591543 [info ]:  Succeeded [-------] model main.slv_dim_game (view)
19:47:28.591717 [debug]: Finished analyzing [  0.00s] model main.br_dim_game [success]
19:47:28.591729 [info ]:  Succeeded [-------] model main.br_dim_game (view)
19:47:28.592275 [debug]: Compiled SQL for node model.casino_games_models.gl_game at target\.lsp\compiled\casino_games_models\models\gold\gl_game.sql
19:47:28.592328 [debug]: Finished rendering [  0.00s] model main.gl_game [success]
19:47:28.592337 [info ]: Finished rendering [  0.00s] (3 nodes, 0 skipped, 0 errors)
19:47:28.592345 [debug]: Started analyzing model main.gl_game
19:47:28.596550 [debug]: Finished analyzing [  0.00s] model main.gl_game [success]
19:47:28.596565 [info ]: Finished analyzing [  0.01s] (3 nodes, 0 skipped, 0 errors)
19:47:28.596572 [info ]:  Succeeded [  0.01s] model main.gl_game (view)
19:47:28.598747 [info ]: Started scheduling
19:47:28.598816 [info ]: Finished scheduling [  0.00s]
19:47:28.599437 [info ]: Cached model count updated: 8 models (accurate)
19:47:28.855992 [debug]: License check failed: Feature not licensed: 'lineage'
19:47:30.264761 [info ]: Started loading project
19:47:30.265732 [info ]: Loading ~/.dbt/profiles.yml
19:47:30.290791 [info ]: Cached model count updated: 8 models (estimate)
19:47:30.290810 [info ]: Cached model count updated: 8 models (accurate)
19:47:30.290831 [info ]: Started scheduling
19:47:30.290901 [info ]: Finished scheduling [  0.00s]
19:47:30.290916 [debug]: Compilation - 11 nodes selected: {"model.casino_games_models.br_dim_currency", "model.casino_games_models.br_dim_game", "model.casino_games_models.br_fact_activity", "model.casino_games_models.gl_activity", "model.casino_games_models.gl_game", "model.casino_games_models.slv_dim_currency", "model.casino_games_models.slv_dim_game", "model.casino_games_models.slv_fact_activity", "seed.casino_games_models.dim_currency", "seed.casino_games_models.dim_game", "seed.casino_games_models.fact_activity"}
19:47:30.291369 [debug]: License check failed: Feature not licensed: 'lineage'
19:47:30.291597 [info ]: Started building task graph
19:47:30.291653 [info ]: Finished building task graph [  0.00s]
19:47:30.291751 [info ]: Finished loading project [  0.03s]
19:47:30.296788 [error]: Arrow error: Csv error: incorrect number of fields for line 3, expected 1 got 2
19:47:30.700438 [info ]: Started rendering (11 nodes)
19:47:30.700463 [info ]: Started seed main.fact_activity
19:47:30.700493 [debug]: Started rendering seed main.fact_activity
19:47:30.700517 [info ]: Started seed main.dim_game
19:47:30.700524 [debug]: Started rendering seed main.dim_game
19:47:30.700540 [info ]: Started seed main.dim_currency
19:47:30.700548 [debug]: Started rendering seed main.dim_currency
19:47:30.700556 [info ]: Started model main.gl_game
19:47:30.700563 [debug]: Started rendering model main.gl_game
19:47:30.700571 [info ]: Started model main.slv_dim_game
19:47:30.700575 [debug]: Started rendering model main.slv_dim_game
19:47:30.700582 [info ]: Started model main.gl_activity
19:47:30.700619 [debug]: Started rendering model main.gl_activity
19:47:30.700638 [info ]: Started model main.slv_fact_activity
19:47:30.700644 [debug]: Started rendering model main.slv_fact_activity
19:47:30.700651 [info ]: Started model main.slv_dim_currency
19:47:30.700655 [debug]: Started rendering model main.slv_dim_currency
19:47:30.700661 [info ]: Started model main.br_fact_activity
19:47:30.700665 [debug]: Started rendering model main.br_fact_activity
19:47:30.700672 [info ]: Started model main.br_dim_game
19:47:30.700676 [debug]: Started rendering model main.br_dim_game
19:47:30.700682 [info ]: Started model main.br_dim_currency
19:47:30.700686 [debug]: Started rendering model main.br_dim_currency
19:47:30.700701 [debug]: Finished rendering [  0.00s] seed main.fact_activity [success]
19:47:30.700715 [info ]:  Succeeded [-------] seed  main.fact_activity (table)
19:47:30.700727 [debug]: Finished rendering [  0.00s] seed main.dim_game [error]
19:47:30.700731 [info ]:     Failed [-------] seed  main.dim_game (table)
19:47:30.700740 [debug]: Finished rendering [  0.00s] seed main.dim_currency [success]
19:47:30.700744 [info ]:  Succeeded [-------] seed  main.dim_currency (table)
19:47:30.700842 [debug]: Compiled SQL for node model.casino_games_models.gl_game at target\.lsp\compiled\casino_games_models\models\gold\gl_game.sql
19:47:30.700900 [info ]: Started analyzing (8 nodes)
19:47:30.700908 [debug]: Started analyzing model main.gl_game
19:47:30.700921 [debug]: Finished rendering [  0.00s] model main.gl_game [success]
19:47:30.700997 [debug]: Compiled SQL for node model.casino_games_models.slv_dim_game at target\.lsp\compiled\casino_games_models\models\silver\slv_dim_game.sql
19:47:30.701054 [debug]: Finished rendering [  0.00s] model main.slv_dim_game [success]
19:47:30.701098 [debug]: Started analyzing model main.slv_dim_game
19:47:30.701160 [debug]: Compiled SQL for node model.casino_games_models.gl_activity at target\.lsp\compiled\casino_games_models\models\gold\gl_activity.sql
19:47:30.701351 [debug]: Compiled SQL for node model.casino_games_models.slv_fact_activity at target\.lsp\compiled\casino_games_models\models\silver\slv_fact_activity.sql
19:47:30.701374 [debug]: Finished analyzing [  0.00s] model main.gl_game [success]
19:47:30.701383 [info ]:  Succeeded [-------] model main.gl_game (view)
19:47:30.701399 [debug]: Finished rendering [  0.00s] model main.gl_activity [success]
19:47:30.701403 [debug]: Compiled SQL for node model.casino_games_models.slv_dim_currency at target\.lsp\compiled\casino_games_models\models\silver\slv_dim_currency.sql
19:47:30.701407 [debug]: Started analyzing model main.gl_activity
19:47:30.701423 [debug]: Compiled SQL for node model.casino_games_models.br_dim_game at target\.lsp\compiled\casino_games_models\models\bronze\br_dim_game.sql
19:47:30.701427 [debug]: Started analyzing model main.slv_fact_activity
19:47:30.701444 [debug]: Compiled SQL for node model.casino_games_models.br_dim_currency at target\.lsp\compiled\casino_games_models\models\bronze\br_dim_currency.sql
19:47:30.701445 [debug]: Finished rendering [  0.00s] model main.slv_fact_activity [success]
19:47:30.701457 [debug]: Started analyzing model main.slv_dim_currency
19:47:30.701466 [debug]: Finished rendering [  0.00s] model main.slv_dim_currency [success]
19:47:30.701470 [debug]: Started analyzing model main.br_dim_game
19:47:30.701480 [debug]: Started analyzing model main.br_dim_currency
19:47:30.701517 [debug]: Finished rendering [  0.00s] model main.br_dim_currency [success]
19:47:30.701529 [debug]: Finished rendering [  0.00s] model main.br_dim_game [success]
19:47:30.701609 [debug]: Compiled SQL for node model.casino_games_models.br_fact_activity at target\.lsp\compiled\casino_games_models\models\bronze\br_fact_activity.sql
19:47:30.701625 [debug]: Finished analyzing [  0.00s] model main.slv_fact_activity [success]
19:47:30.701635 [info ]:  Succeeded [-------] model main.slv_fact_activity (view)
19:47:30.701651 [debug]: Finished rendering [  0.00s] model main.br_fact_activity [success]
19:47:30.701656 [info ]: Finished rendering [  0.00s] (11 nodes, 0 skipped, 1 errors)
19:47:30.701663 [debug]: Started analyzing model main.br_fact_activity
19:47:30.701672 [debug]: Finished analyzing [  0.00s] model main.slv_dim_currency [success]
19:47:30.701676 [info ]:  Succeeded [-------] model main.slv_dim_currency (view)
19:47:30.701749 [debug]: Finished analyzing [  0.00s] model main.slv_dim_game [success]
19:47:30.701770 [info ]:  Succeeded [-------] model main.slv_dim_game (view)
19:47:30.701787 [debug]: Finished analyzing [  0.00s] model main.br_dim_game [success]
19:47:30.701793 [info ]:  Succeeded [-------] model main.br_dim_game (view)
19:47:30.701801 [debug]: Finished analyzing [  0.00s] model main.br_dim_currency [success]
19:47:30.701808 [info ]:  Succeeded [-------] model main.br_dim_currency (view)
19:47:30.701815 [debug]: Finished analyzing [  0.00s] model main.br_fact_activity [success]
19:47:30.701818 [info ]:  Succeeded [-------] model main.br_fact_activity (view)
19:47:30.702241 [debug]: Finished analyzing [  0.00s] model main.gl_activity [success]
19:47:30.702257 [info ]: Finished analyzing [  0.00s] (8 nodes, 0 skipped, 0 errors)
19:47:30.702264 [info ]:  Succeeded [-------] model main.gl_activity (view)
19:47:30.705116 [info ]: Started scheduling
19:47:30.705159 [info ]: Finished scheduling [  0.00s]
19:47:30.705507 [info ]: Cached model count updated: 8 models (accurate)
19:47:30.971035 [debug]: License check failed: Feature not licensed: 'lineage'
19:49:52.697425 [debug]: License check failed: Feature not licensed: 'lineage'
19:50:00.492869 [debug]: License check failed: Feature not licensed: 'lineage'
19:50:06.841204 [debug]: License check failed: Feature not licensed: 'lineage'
19:50:08.809190 [debug]: License check failed: Feature not licensed: 'lineage'
19:50:13.359898 [debug]: License check failed: Feature not licensed: 'lineage'
19:50:17.991859 [debug]: License check failed: Feature not licensed: 'lineage'
19:50:19.842562 [debug]: License check failed: Feature not licensed: 'lineage'
19:50:22.329021 [debug]: License check failed: Feature not licensed: 'lineage'
19:50:25.661046 [debug]: License check failed: Feature not licensed: 'lineage'
19:50:26.611958 [debug]: License check failed: Feature not licensed: 'lineage'
19:50:30.494519 [debug]: License check failed: Feature not licensed: 'lineage'
19:50:31.624674 [debug]: License check failed: Feature not licensed: 'lineage'
19:50:36.377835 [info ]: Started loading project
19:50:36.410356 [info ]: Loading ~/.dbt/profiles.yml
19:50:36.616232 [info ]: Started parsing
19:50:36.771724 [info ]: Finished loading project [  0.39s]
19:50:36.820013 [debug]: Finished parsing models/bronze/br_fact_activity.sql [  0.02s]
19:50:36.848418 [info ]: Finished parsing [  0.23s]
19:50:36.857675 [info ]: Cached model count updated: 8 models (estimate)
19:50:36.857697 [info ]: Cached model count updated: 8 models (accurate)
19:50:36.860144 [info ]: Started scheduling
19:50:36.866042 [info ]: Finished scheduling [  0.01s]
19:50:36.866510 [debug]: Compilation - 1 nodes selected: {"model.casino_games_models.br_fact_activity"}
19:50:36.880575 [debug]: License check failed: Feature not licensed: 'lineage'
19:50:36.890682 [info ]: Started building task graph
19:50:36.895619 [info ]: Finished building task graph [  0.00s]
19:50:36.925057 [info ]: Started rendering (1 nodes)
19:50:36.925954 [info ]: Started model main.br_fact_activity
19:50:36.926130 [debug]: Started rendering model main.br_fact_activity
19:50:36.941558 [debug]: Compiled SQL for node model.casino_games_models.br_fact_activity at target\.lsp\compiled\casino_games_models\models\bronze\br_fact_activity.sql
19:50:36.944400 [debug]: Finished rendering [  0.02s] model main.br_fact_activity [success]
19:50:36.944686 [info ]: Finished rendering [  0.02s] (1 nodes, 0 skipped, 0 errors)
19:50:36.945424 [info ]: Started analyzing (1 nodes)
19:50:36.945442 [debug]: Started analyzing model main.br_fact_activity
19:50:36.974203 [debug]: Finished analyzing [  0.03s] model main.br_fact_activity [success]
19:50:36.974261 [info ]: Finished analyzing [  0.03s] (1 nodes, 0 skipped, 0 errors)
19:50:36.974305 [info ]:  Succeeded [  0.04s] model main.br_fact_activity (view)
19:50:36.993900 [info ]: Started scheduling
19:50:36.994209 [info ]: Finished scheduling [  0.00s]
19:50:36.997937 [info ]: Cached model count updated: 8 models (accurate)
19:50:37.256897 [debug]: License check failed: Feature not licensed: 'lineage'
19:50:38.654721 [info ]: Started loading project
19:50:38.655363 [info ]: Loading ~/.dbt/profiles.yml
19:50:38.691689 [info ]: Cached model count updated: 8 models (estimate)
19:50:38.691708 [info ]: Cached model count updated: 8 models (accurate)
19:50:38.691733 [info ]: Started scheduling
19:50:38.692812 [info ]: Finished scheduling [  0.00s]
19:50:38.692831 [debug]: Compilation - 11 nodes selected: {"model.casino_games_models.br_dim_currency", "model.casino_games_models.br_dim_game", "model.casino_games_models.br_fact_activity", "model.casino_games_models.gl_activity", "model.casino_games_models.gl_game", "model.casino_games_models.slv_dim_currency", "model.casino_games_models.slv_dim_game", "model.casino_games_models.slv_fact_activity", "seed.casino_games_models.dim_currency", "seed.casino_games_models.dim_game", "seed.casino_games_models.fact_activity"}
19:50:38.694759 [debug]: License check failed: Feature not licensed: 'lineage'
19:50:38.696710 [info ]: Started building task graph
19:50:38.696821 [info ]: Finished building task graph [  0.00s]
19:50:38.697122 [info ]: Finished loading project [  0.04s]
19:50:38.757714 [error]: Arrow error: Csv error: incorrect number of fields for line 3, expected 1 got 2
19:50:39.371529 [info ]: Cached model count updated: 8 models (accurate)
19:50:39.372925 [info ]: Waiting for lease on 'target' directory
19:50:39.724792 [info ]: Started loading project
19:50:39.725607 [info ]: Loading ~/.dbt/profiles.yml
19:50:39.740129 [info ]: Started parsing
19:50:39.791721 [info ]: Finished loading project [  0.07s]
19:50:39.795772 [debug]: Finished parsing models/bronze/br_dim_game.sql [  0.00s]
19:50:39.798024 [info ]: Finished parsing [  0.06s]
19:50:39.799527 [info ]: Cached model count updated: 8 models (estimate)
19:50:39.799541 [info ]: Cached model count updated: 8 models (accurate)
19:50:39.799568 [info ]: Started scheduling
19:50:39.799651 [info ]: Finished scheduling [  0.00s]
19:50:39.799663 [debug]: Compilation - 1 nodes selected: {"model.casino_games_models.br_dim_game"}
19:50:39.800100 [debug]: License check failed: Feature not licensed: 'lineage'
19:50:39.800352 [info ]: Started building task graph
19:50:39.800387 [info ]: Finished building task graph [  0.00s]
19:50:39.802426 [info ]: Started rendering (1 nodes)
19:50:39.802453 [info ]: Started model main.br_dim_game
19:50:39.802480 [debug]: Started rendering model main.br_dim_game
19:50:39.804195 [debug]: Compiled SQL for node model.casino_games_models.br_dim_game at target\.lsp\compiled\casino_games_models\models\bronze\br_dim_game.sql
19:50:39.804350 [debug]: Finished rendering [  0.00s] model main.br_dim_game [success]
19:50:39.804377 [info ]: Finished rendering [  0.00s] (1 nodes, 0 skipped, 0 errors)
19:50:39.804534 [info ]: Started analyzing (1 nodes)
19:50:39.804554 [debug]: Started analyzing model main.br_dim_game
19:50:39.804997 [debug]: Finished analyzing [  0.00s] model main.br_dim_game [success]
19:50:39.805013 [info ]: Finished analyzing [  0.00s] (1 nodes, 0 skipped, 0 errors)
19:50:39.805020 [info ]:  Succeeded [  0.00s] model main.br_dim_game (view)
19:50:39.807537 [info ]: Started scheduling
19:50:39.807640 [info ]: Finished scheduling [  0.00s]
19:50:39.808492 [info ]: Cached model count updated: 8 models (accurate)
19:50:40.071248 [debug]: License check failed: Feature not licensed: 'lineage'
19:50:41.492678 [info ]: Started loading project
19:50:41.493806 [info ]: Loading ~/.dbt/profiles.yml
19:50:41.519051 [info ]: Cached model count updated: 8 models (estimate)
19:50:41.519072 [info ]: Cached model count updated: 8 models (accurate)
19:50:41.519095 [info ]: Started scheduling
19:50:41.519168 [info ]: Finished scheduling [  0.00s]
19:50:41.519183 [debug]: Compilation - 11 nodes selected: {"model.casino_games_models.br_dim_currency", "model.casino_games_models.br_dim_game", "model.casino_games_models.br_fact_activity", "model.casino_games_models.gl_activity", "model.casino_games_models.gl_game", "model.casino_games_models.slv_dim_currency", "model.casino_games_models.slv_dim_game", "model.casino_games_models.slv_fact_activity", "seed.casino_games_models.dim_currency", "seed.casino_games_models.dim_game", "seed.casino_games_models.fact_activity"}
19:50:41.519769 [debug]: License check failed: Feature not licensed: 'lineage'
19:50:41.520014 [info ]: Started building task graph
19:50:41.520288 [info ]: Finished building task graph [  0.00s]
19:50:41.520383 [info ]: Finished loading project [  0.03s]
19:50:41.527772 [error]: Arrow error: Csv error: incorrect number of fields for line 3, expected 1 got 2
19:50:42.006023 [info ]: Started rendering (11 nodes)
19:50:42.006060 [info ]: Started seed main.fact_activity
19:50:42.006071 [debug]: Started rendering seed main.fact_activity
19:50:42.006101 [info ]: Started seed main.dim_game
19:50:42.006108 [debug]: Started rendering seed main.dim_game
19:50:42.006118 [info ]: Started seed main.dim_currency
19:50:42.006127 [debug]: Started rendering seed main.dim_currency
19:50:42.006138 [info ]: Started model main.gl_game
19:50:42.006146 [debug]: Started rendering model main.gl_game
19:50:42.006501 [info ]: Started model main.slv_dim_game
19:50:42.006524 [debug]: Started rendering model main.slv_dim_game
19:50:42.006898 [info ]: Started model main.gl_activity
19:50:42.006959 [debug]: Started rendering model main.gl_activity
19:50:42.006978 [info ]: Started model main.slv_fact_activity
19:50:42.006984 [debug]: Started rendering model main.slv_fact_activity
19:50:42.006994 [info ]: Started model main.slv_dim_currency
19:50:42.007000 [debug]: Started rendering model main.slv_dim_currency
19:50:42.007039 [info ]: Started model main.br_fact_activity
19:50:42.007058 [debug]: Started rendering model main.br_fact_activity
19:50:42.007071 [info ]: Started model main.br_dim_game
19:50:42.007078 [debug]: Started rendering model main.br_dim_game
19:50:42.007086 [info ]: Started model main.br_dim_currency
19:50:42.007094 [debug]: Started rendering model main.br_dim_currency
19:50:42.008239 [debug]: Finished rendering [  0.00s] seed main.fact_activity [success]
19:50:42.008287 [info ]:  Succeeded [  0.00s] seed  main.fact_activity (table)
19:50:42.008333 [debug]: Finished rendering [  0.00s] seed main.dim_game [error]
19:50:42.008350 [info ]:     Failed [  0.00s] seed  main.dim_game (table)
19:50:42.008769 [debug]: Finished rendering [  0.00s] seed main.dim_currency [success]
19:50:42.008803 [info ]:  Succeeded [  0.00s] seed  main.dim_currency (table)
19:50:42.010045 [debug]: Compiled SQL for node model.casino_games_models.br_dim_game at target\.lsp\compiled\casino_games_models\models\bronze\br_dim_game.sql
19:50:42.010063 [debug]: Compiled SQL for node model.casino_games_models.gl_game at target\.lsp\compiled\casino_games_models\models\gold\gl_game.sql
19:50:42.010491 [debug]: Compiled SQL for node model.casino_games_models.br_fact_activity at target\.lsp\compiled\casino_games_models\models\bronze\br_fact_activity.sql
19:50:42.010537 [debug]: Finished rendering [  0.00s] model main.gl_game [success]
19:50:42.010573 [info ]: Started analyzing (8 nodes)
19:50:42.010585 [debug]: Started analyzing model main.gl_game
19:50:42.010606 [debug]: Finished rendering [  0.00s] model main.br_dim_game [success]
19:50:42.010618 [debug]: Started analyzing model main.br_dim_game
19:50:42.011250 [debug]: Finished rendering [  0.00s] model main.br_fact_activity [success]
19:50:42.011277 [debug]: Started analyzing model main.br_fact_activity
19:50:42.011303 [debug]: Compiled SQL for node model.casino_games_models.slv_fact_activity at target\.lsp\compiled\casino_games_models\models\silver\slv_fact_activity.sql
19:50:42.011348 [debug]: Finished analyzing [  0.00s] model main.br_dim_game [success]
19:50:42.011744 [info ]:  Succeeded [  0.00s] model main.br_dim_game (view)
19:50:42.011806 [debug]: Finished rendering [  0.00s] model main.slv_fact_activity [success]
19:50:42.011834 [debug]: Started analyzing model main.slv_fact_activity
19:50:42.013331 [debug]: Compiled SQL for node model.casino_games_models.br_dim_currency at target\.lsp\compiled\casino_games_models\models\bronze\br_dim_currency.sql
19:50:42.013759 [debug]: Compiled SQL for node model.casino_games_models.gl_activity at target\.lsp\compiled\casino_games_models\models\gold\gl_activity.sql
19:50:42.014427 [debug]: Compiled SQL for node model.casino_games_models.slv_dim_game at target\.lsp\compiled\casino_games_models\models\silver\slv_dim_game.sql
19:50:42.014701 [debug]: Finished rendering [  0.01s] model main.br_dim_currency [success]
19:50:42.014779 [debug]: Started analyzing model main.br_dim_currency
19:50:42.014804 [debug]: Finished rendering [  0.01s] model main.gl_activity [success]
19:50:42.014817 [debug]: Started analyzing model main.gl_activity
19:50:42.014828 [debug]: Finished rendering [  0.01s] model main.slv_dim_game [success]
19:50:42.014836 [debug]: Started analyzing model main.slv_dim_game
19:50:42.016163 [debug]: Finished analyzing [  0.00s] model main.br_fact_activity [success]
19:50:42.016227 [info ]:  Succeeded [  0.01s] model main.br_fact_activity (view)
19:50:42.016716 [debug]: Finished analyzing [  0.00s] model main.br_dim_currency [success]
19:50:42.016737 [info ]:  Succeeded [  0.01s] model main.br_dim_currency (view)
19:50:42.017599 [debug]: Finished analyzing [  0.01s] model main.gl_game [success]
19:50:42.017658 [info ]:  Succeeded [  0.01s] model main.gl_game (view)
19:50:42.018327 [debug]: Compiled SQL for node model.casino_games_models.slv_dim_currency at target\.lsp\compiled\casino_games_models\models\silver\slv_dim_currency.sql
19:50:42.018421 [debug]: Finished rendering [  0.01s] model main.slv_dim_currency [success]
19:50:42.018446 [info ]: Finished rendering [  0.01s] (11 nodes, 0 skipped, 1 errors)
19:50:42.018470 [debug]: Started analyzing model main.slv_dim_currency
19:50:42.018497 [debug]: Finished analyzing [  0.01s] model main.slv_fact_activity [success]
19:50:42.018513 [info ]:  Succeeded [  0.01s] model main.slv_fact_activity (view)
19:50:42.018747 [debug]: Finished analyzing [  0.00s] model main.slv_dim_currency [success]
19:50:42.018770 [info ]:  Succeeded [  0.01s] model main.slv_dim_currency (view)
19:50:42.021854 [debug]: Finished analyzing [  0.01s] model main.slv_dim_game [success]
19:50:42.021887 [info ]:  Succeeded [  0.01s] model main.slv_dim_game (view)
19:50:42.027942 [debug]: Finished analyzing [  0.01s] model main.gl_activity [success]
19:50:42.027976 [info ]: Finished analyzing [  0.02s] (8 nodes, 0 skipped, 0 errors)
19:50:42.027989 [info ]:  Succeeded [  0.02s] model main.gl_activity (view)
19:50:42.032217 [info ]: Started scheduling
19:50:42.032282 [info ]: Finished scheduling [  0.00s]
19:50:42.032699 [info ]: Cached model count updated: 8 models (accurate)
19:50:42.288721 [debug]: License check failed: Feature not licensed: 'lineage'
19:56:02.372633 [debug]: License check failed: Feature not licensed: 'lineage'
21:00:52.293583 [info ]: Started loading project
21:00:52.336165 [info ]: Loading ~/.dbt/profiles.yml
21:00:52.538174 [info ]: Started loading project
21:00:52.538707 [info ]: Loading ~/.dbt/profiles.yml
21:00:52.539114 [info ]: Finished loading project [  0.25s]
21:00:52.574484 [debug]:    Started loading packages
21:00:52.581085 [debug]:     Loaded [  0.01s] packages
21:00:52.582269 [info ]: Finished loading project [  0.04s]
21:00:52.588203 [info ]: Started parsing
21:00:52.804712 [debug]: Finished parsing models/schema.yml [  0.02s]
21:00:52.855234 [debug]: Finished parsing models/bronze/br_dim_currency.sql [  0.02s]
21:00:52.856101 [debug]: Finished parsing models/bronze/br_dim_game.sql [  0.00s]
21:00:52.856477 [debug]: Finished parsing models/bronze/br_fact_activity.sql [  0.00s]
21:00:52.862226 [debug]: Finished parsing models/gold/gl_activity.sql [  0.01s]
21:00:52.863637 [debug]: Finished parsing models/gold/gl_game.sql [  0.00s]
21:00:52.864304 [debug]: Finished parsing models/silver/slv_dim_currency.sql [  0.00s]
21:00:52.865218 [debug]: Finished parsing models/silver/slv_dim_game.sql [  0.00s]
21:00:52.866853 [debug]: Finished parsing models/silver/slv_fact_activity.sql [  0.00s]
21:00:52.881121 [debug]: Finished parsing tests/total_spins_not_zero.sql [  0.00s]
21:00:52.903076 [info ]: Finished parsing [  0.31s]
21:00:52.908551 [info ]: Cached model count updated: 8 models (estimate)
21:00:52.908879 [info ]: Cached model count updated: 8 models (accurate)
21:00:52.911946 [info ]: Started scheduling
21:00:52.918101 [info ]: Finished scheduling [  0.01s]
21:00:52.918686 [debug]: Compilation - 0 nodes selected: {}
21:00:52.920763 [warn ]: [NoNodesForSelectionCriteria (dbt1092)]: The selection criterion '' does not match any enabled nodes
21:00:52.922053 [warn ]: [NoNodesSelected (dbt1601)]: Nothing to do. Try checking your model configs and model specification args
21:00:52.922825 [info ]: Started scheduling
21:00:52.926688 [info ]: Finished scheduling [  0.00s]
21:00:52.955263 [debug]: License check failed: Feature not licensed: 'lineage'
21:00:52.967717 [info ]: Started building task graph
21:00:52.970022 [info ]: Finished building task graph [  0.00s]
21:00:53.073884 [info ]: Started scheduling
21:00:53.073935 [info ]: Finished scheduling [  0.00s]
21:00:53.118593 [info ]: Cached model count updated: 8 models (accurate)
21:00:54.773723 [info ]: Started loading project
21:00:54.774489 [info ]: Loading ~/.dbt/profiles.yml
21:00:54.827758 [info ]: Cached model count updated: 8 models (estimate)
21:00:54.827782 [info ]: Cached model count updated: 8 models (accurate)
21:00:54.827822 [info ]: Started scheduling
21:00:54.827962 [info ]: Finished scheduling [  0.00s]
21:00:54.827985 [debug]: Compilation - 11 nodes selected: {"model.casino_games_models.br_dim_currency", "model.casino_games_models.br_dim_game", "model.casino_games_models.br_fact_activity", "model.casino_games_models.gl_activity", "model.casino_games_models.gl_game", "model.casino_games_models.slv_dim_currency", "model.casino_games_models.slv_dim_game", "model.casino_games_models.slv_fact_activity", "seed.casino_games_models.dim_currency", "seed.casino_games_models.dim_game", "seed.casino_games_models.fact_activity"}
21:00:54.832453 [debug]: License check failed: Feature not licensed: 'lineage'
21:00:54.835744 [info ]: Started building task graph
21:00:54.839574 [info ]: Finished building task graph [  0.00s]
21:00:54.839963 [info ]: Finished loading project [  0.07s]
21:00:54.920545 [error]: Arrow error: Csv error: incorrect number of fields for line 3, expected 1 got 2
21:00:55.729335 [info ]: Started rendering (11 nodes)
21:00:55.732152 [info ]: Started seed main.fact_activity
21:00:55.733092 [debug]: Started rendering seed main.fact_activity
21:00:55.733856 [info ]: Started seed main.dim_game
21:00:55.733876 [debug]: Started rendering seed main.dim_game
21:00:55.734152 [info ]: Started seed main.dim_currency
21:00:55.734173 [debug]: Started rendering seed main.dim_currency
21:00:55.734610 [info ]: Started model main.gl_game
21:00:55.734620 [debug]: Started rendering model main.gl_game
21:00:55.734634 [info ]: Started model main.slv_dim_game
21:00:55.734641 [debug]: Started rendering model main.slv_dim_game
21:00:55.734652 [info ]: Started model main.gl_activity
21:00:55.734659 [debug]: Started rendering model main.gl_activity
21:00:55.734886 [info ]: Started model main.slv_fact_activity
21:00:55.735164 [debug]: Started rendering model main.slv_fact_activity
21:00:55.735375 [info ]: Started model main.slv_dim_currency
21:00:55.735383 [debug]: Started rendering model main.slv_dim_currency
21:00:55.735398 [info ]: Started model main.br_fact_activity
21:00:55.735734 [debug]: Started rendering model main.br_fact_activity
21:00:55.735750 [info ]: Started model main.br_dim_game
21:00:55.735760 [debug]: Started rendering model main.br_dim_game
21:00:55.736325 [info ]: Started model main.br_dim_currency
21:00:55.736341 [debug]: Started rendering model main.br_dim_currency
21:00:55.739668 [debug]: Finished rendering [  0.01s] seed main.dim_game [error]
21:00:55.739948 [info ]:     Failed [  0.01s] seed  main.dim_game (table)
21:00:55.740991 [debug]: Finished rendering [  0.01s] seed main.fact_activity [success]
21:00:55.741010 [info ]:  Succeeded [  0.01s] seed  main.fact_activity (table)
21:00:55.741024 [debug]: Finished rendering [  0.01s] seed main.dim_currency [success]
21:00:55.741032 [info ]:  Succeeded [  0.01s] seed  main.dim_currency (table)
21:00:55.752063 [debug]: Compiled SQL for node model.casino_games_models.br_dim_game at target\.lsp\compiled\casino_games_models\models\bronze\br_dim_game.sql
21:00:55.752981 [debug]: Compiled SQL for node model.casino_games_models.slv_dim_currency at target\.lsp\compiled\casino_games_models\models\silver\slv_dim_currency.sql
21:00:55.753004 [debug]: Compiled SQL for node model.casino_games_models.gl_game at target\.lsp\compiled\casino_games_models\models\gold\gl_game.sql
21:00:55.753908 [debug]: Finished rendering [  0.02s] model main.br_dim_game [success]
21:00:55.755182 [debug]: Compiled SQL for node model.casino_games_models.br_dim_currency at target\.lsp\compiled\casino_games_models\models\bronze\br_dim_currency.sql
21:00:55.755185 [debug]: Compiled SQL for node model.casino_games_models.slv_fact_activity at target\.lsp\compiled\casino_games_models\models\silver\slv_fact_activity.sql
21:00:55.755188 [debug]: Compiled SQL for node model.casino_games_models.slv_dim_game at target\.lsp\compiled\casino_games_models\models\silver\slv_dim_game.sql
21:00:55.755201 [debug]: Compiled SQL for node model.casino_games_models.br_fact_activity at target\.lsp\compiled\casino_games_models\models\bronze\br_fact_activity.sql
21:00:55.755289 [info ]: Started analyzing (8 nodes)
21:00:55.755321 [debug]: Started analyzing model main.br_dim_game
21:00:55.755794 [debug]: Compiled SQL for node model.casino_games_models.gl_activity at target\.lsp\compiled\casino_games_models\models\gold\gl_activity.sql
21:00:55.755886 [debug]: Finished rendering [  0.02s] model main.slv_dim_currency [success]
21:00:55.755920 [debug]: Started analyzing model main.slv_dim_currency
21:00:55.756157 [debug]: Finished rendering [  0.02s] model main.gl_game [success]
21:00:55.756182 [debug]: Started analyzing model main.gl_game
21:00:55.756200 [debug]: Finished rendering [  0.02s] model main.br_dim_currency [success]
21:00:55.756213 [debug]: Started analyzing model main.br_dim_currency
21:00:55.756604 [debug]: Finished rendering [  0.02s] model main.slv_dim_game [success]
21:00:55.756634 [debug]: Started analyzing model main.slv_dim_game
21:00:55.756655 [debug]: Finished rendering [  0.02s] model main.slv_fact_activity [success]
21:00:55.756664 [debug]: Started analyzing model main.slv_fact_activity
21:00:55.756673 [debug]: Finished rendering [  0.02s] model main.br_fact_activity [success]
21:00:55.756679 [debug]: Started analyzing model main.br_fact_activity
21:00:55.756691 [debug]: Finished rendering [  0.02s] model main.gl_activity [success]
21:00:55.756700 [info ]: Finished rendering [  0.03s] (11 nodes, 0 skipped, 1 errors)
21:00:55.756709 [debug]: Started analyzing model main.gl_activity
21:00:55.785897 [debug]: Finished analyzing [  0.03s] model main.gl_game [success]
21:00:55.785927 [info ]:  Succeeded [  0.05s] model main.gl_game (view)
21:00:55.785954 [debug]: Finished analyzing [  0.03s] model main.slv_dim_currency [success]
21:00:55.785963 [info ]:  Succeeded [  0.05s] model main.slv_dim_currency (view)
21:00:55.785978 [debug]: Finished analyzing [  0.03s] model main.br_fact_activity [success]
21:00:55.785985 [info ]:  Succeeded [  0.05s] model main.br_fact_activity (view)
21:00:55.785994 [debug]: Finished analyzing [  0.03s] model main.slv_fact_activity [success]
21:00:55.786000 [info ]:  Succeeded [  0.05s] model main.slv_fact_activity (view)
21:00:55.786282 [debug]: Finished analyzing [  0.03s] model main.br_dim_currency [success]
21:00:55.786302 [info ]:  Succeeded [  0.05s] model main.br_dim_currency (view)
21:00:55.786319 [debug]: Finished analyzing [  0.03s] model main.slv_dim_game [success]
21:00:55.786323 [info ]:  Succeeded [  0.05s] model main.slv_dim_game (view)
21:00:55.786331 [debug]: Finished analyzing [  0.03s] model main.br_dim_game [success]
21:00:55.786335 [info ]:  Succeeded [  0.05s] model main.br_dim_game (view)
21:00:55.786345 [debug]: Finished analyzing [  0.03s] model main.gl_activity [success]
21:00:55.786350 [info ]: Finished analyzing [  0.03s] (8 nodes, 0 skipped, 0 errors)
21:00:55.786354 [info ]:  Succeeded [  0.05s] model main.gl_activity (view)
21:00:55.792354 [info ]: Started scheduling
21:00:55.792445 [info ]: Finished scheduling [  0.00s]
21:00:55.793466 [info ]: Cached model count updated: 8 models (accurate)
21:01:12.043419 [info ]: Started loading project
21:01:12.044801 [info ]: Loading ~/.dbt/profiles.yml
21:01:12.052362 [info ]: Started loading project
21:01:12.052893 [info ]: Loading ~/.dbt/profiles.yml
21:01:12.052918 [info ]: Finished loading project [  0.01s]
21:01:12.056027 [debug]:    Started loading packages
21:01:12.058964 [debug]:     Loaded [  0.00s] packages
21:01:12.059467 [info ]: Finished loading project [  0.01s]
21:01:12.059624 [info ]: Started parsing
21:01:12.095514 [debug]: Finished parsing models/schema.yml [  0.00s]
21:01:12.099057 [debug]: Finished parsing models/bronze/br_dim_currency.sql [  0.00s]
21:01:12.099516 [debug]: Finished parsing models/bronze/br_dim_game.sql [  0.00s]
21:01:12.099866 [debug]: Finished parsing models/bronze/br_fact_activity.sql [  0.00s]
21:01:12.100877 [debug]: Finished parsing models/gold/gl_activity.sql [  0.00s]
21:01:12.101186 [debug]: Finished parsing models/gold/gl_game.sql [  0.00s]
21:01:12.101610 [debug]: Finished parsing models/silver/slv_dim_currency.sql [  0.00s]
21:01:12.102004 [debug]: Finished parsing models/silver/slv_dim_game.sql [  0.00s]
21:01:12.102519 [debug]: Finished parsing models/silver/slv_fact_activity.sql [  0.00s]
21:01:12.106785 [debug]: Finished parsing tests/total_spins_not_zero.sql [  0.00s]
21:01:12.110659 [info ]: Finished parsing [  0.05s]
21:01:12.111205 [info ]: Cached model count updated: 8 models (estimate)
21:01:12.111221 [info ]: Cached model count updated: 8 models (accurate)
21:01:12.111251 [info ]: Started scheduling
21:01:12.111491 [info ]: Finished scheduling [  0.00s]
21:01:12.111510 [debug]: Compilation - 0 nodes selected: {}
21:01:12.111546 [warn ]: [NoNodesForSelectionCriteria (dbt1092)]: The selection criterion '' does not match any enabled nodes
21:01:12.111570 [warn ]: [NoNodesSelected (dbt1601)]: Nothing to do. Try checking your model configs and model specification args
21:01:12.111586 [info ]: Started scheduling
21:01:12.111762 [info ]: Finished scheduling [  0.00s]
21:01:12.118758 [debug]: License check failed: Feature not licensed: 'lineage'
21:01:12.127552 [info ]: Started building task graph
21:01:12.127588 [info ]: Finished building task graph [  0.00s]
21:01:12.133004 [info ]: Started scheduling
21:01:12.133055 [info ]: Finished scheduling [  0.00s]
21:01:12.133545 [info ]: Cached model count updated: 8 models (accurate)
21:01:13.719202 [info ]: Started loading project
21:01:13.720517 [info ]: Loading ~/.dbt/profiles.yml
21:01:13.750283 [info ]: Cached model count updated: 8 models (estimate)
21:01:13.750303 [info ]: Cached model count updated: 8 models (accurate)
21:01:13.750327 [info ]: Started scheduling
21:01:13.750403 [info ]: Finished scheduling [  0.00s]
21:01:13.750419 [debug]: Compilation - 11 nodes selected: {"model.casino_games_models.br_dim_currency", "model.casino_games_models.br_dim_game", "model.casino_games_models.br_fact_activity", "model.casino_games_models.gl_activity", "model.casino_games_models.gl_game", "model.casino_games_models.slv_dim_currency", "model.casino_games_models.slv_dim_game", "model.casino_games_models.slv_fact_activity", "seed.casino_games_models.dim_currency", "seed.casino_games_models.dim_game", "seed.casino_games_models.fact_activity"}
21:01:13.751236 [debug]: License check failed: Feature not licensed: 'lineage'
21:01:13.751772 [info ]: Started building task graph
21:01:13.751836 [info ]: Finished building task graph [  0.00s]
21:01:13.751935 [info ]: Finished loading project [  0.03s]
21:01:13.757963 [error]: Arrow error: Csv error: incorrect number of fields for line 3, expected 1 got 2
21:01:14.228097 [info ]: Started rendering (11 nodes)
21:01:14.228130 [info ]: Started seed main.fact_activity
21:01:14.228144 [debug]: Started rendering seed main.fact_activity
21:01:14.228164 [info ]: Started seed main.dim_game
21:01:14.228172 [debug]: Started rendering seed main.dim_game
21:01:14.228179 [info ]: Started seed main.dim_currency
21:01:14.228183 [debug]: Started rendering seed main.dim_currency
21:01:14.228191 [info ]: Started model main.gl_game
21:01:14.228198 [debug]: Started rendering model main.gl_game
21:01:14.228206 [info ]: Started model main.slv_dim_game
21:01:14.228213 [debug]: Started rendering model main.slv_dim_game
21:01:14.228221 [info ]: Started model main.gl_activity
21:01:14.228225 [debug]: Started rendering model main.gl_activity
21:01:14.228232 [info ]: Started model main.slv_fact_activity
21:01:14.228237 [debug]: Started rendering model main.slv_fact_activity
21:01:14.228243 [info ]: Started model main.slv_dim_currency
21:01:14.228248 [debug]: Started rendering model main.slv_dim_currency
21:01:14.228460 [info ]: Started model main.br_fact_activity
21:01:14.228476 [debug]: Started rendering model main.br_fact_activity
21:01:14.228486 [info ]: Started model main.br_dim_game
21:01:14.228491 [debug]: Started rendering model main.br_dim_game
21:01:14.228500 [info ]: Started model main.br_dim_currency
21:01:14.229223 [debug]: Started rendering model main.br_dim_currency
21:01:14.229783 [debug]: Finished rendering [  0.00s] seed main.dim_game [error]
21:01:14.229798 [info ]:     Failed [  0.00s] seed  main.dim_game (table)
21:01:14.229823 [debug]: Finished rendering [  0.00s] seed main.fact_activity [success]
21:01:14.229829 [info ]:  Succeeded [  0.00s] seed  main.fact_activity (table)
21:01:14.229838 [debug]: Finished rendering [  0.00s] seed main.dim_currency [success]
21:01:14.229841 [info ]:  Succeeded [  0.00s] seed  main.dim_currency (table)
21:01:14.230702 [debug]: Compiled SQL for node model.casino_games_models.gl_activity at target\.lsp\compiled\casino_games_models\models\gold\gl_activity.sql
21:01:14.230760 [debug]: Compiled SQL for node model.casino_games_models.slv_fact_activity at target\.lsp\compiled\casino_games_models\models\silver\slv_fact_activity.sql
21:01:14.231100 [debug]: Finished rendering [  0.00s] model main.gl_activity [success]
21:01:14.231138 [info ]: Started analyzing (8 nodes)
21:01:14.231170 [debug]: Started analyzing model main.gl_activity
21:01:14.231211 [debug]: Started analyzing model main.slv_fact_activity
21:01:14.231559 [debug]: Finished rendering [  0.00s] model main.slv_fact_activity [success]
21:01:14.232427 [debug]: Finished analyzing [  0.00s] model main.slv_fact_activity [success]
21:01:14.232448 [info ]:  Succeeded [  0.00s] model main.slv_fact_activity (view)
21:01:14.232519 [debug]: Compiled SQL for node model.casino_games_models.br_fact_activity at target\.lsp\compiled\casino_games_models\models\bronze\br_fact_activity.sql
21:01:14.232653 [debug]: Finished rendering [  0.00s] model main.br_fact_activity [success]
21:01:14.232676 [debug]: Started analyzing model main.br_fact_activity
21:01:14.233285 [debug]: Finished analyzing [  0.00s] model main.br_fact_activity [success]
21:01:14.233300 [info ]:  Succeeded [  0.00s] model main.br_fact_activity (view)
21:01:14.233685 [debug]: Compiled SQL for node model.casino_games_models.br_dim_game at target\.lsp\compiled\casino_games_models\models\bronze\br_dim_game.sql
21:01:14.233910 [debug]: Finished rendering [  0.01s] model main.br_dim_game [success]
21:01:14.234487 [debug]: Started analyzing model main.br_dim_game
21:01:14.234813 [debug]: Compiled SQL for node model.casino_games_models.gl_game at target\.lsp\compiled\casino_games_models\models\gold\gl_game.sql
21:01:14.234870 [debug]: Finished analyzing [  0.00s] model main.gl_activity [success]
21:01:14.234909 [info ]:  Succeeded [  0.01s] model main.gl_activity (view)
21:01:14.234939 [debug]: Finished rendering [  0.01s] model main.gl_game [success]
21:01:14.234954 [debug]: Started analyzing model main.gl_game
21:01:14.235325 [debug]: Finished analyzing [  0.00s] model main.br_dim_game [success]
21:01:14.235342 [info ]:  Succeeded [  0.01s] model main.br_dim_game (view)
21:01:14.235354 [debug]: Compiled SQL for node model.casino_games_models.br_dim_currency at target\.lsp\compiled\casino_games_models\models\bronze\br_dim_currency.sql
21:01:14.235428 [debug]: Finished rendering [  0.01s] model main.br_dim_currency [success]
21:01:14.235444 [debug]: Started analyzing model main.br_dim_currency
21:01:14.235482 [debug]: Compiled SQL for node model.casino_games_models.slv_dim_game at target\.lsp\compiled\casino_games_models\models\silver\slv_dim_game.sql
21:01:14.235604 [debug]: Finished rendering [  0.01s] model main.slv_dim_game [success]
21:01:14.235631 [debug]: Started analyzing model main.slv_dim_game
21:01:14.235675 [debug]: Finished analyzing [  0.00s] model main.br_dim_currency [success]
21:01:14.235692 [info ]:  Succeeded [  0.01s] model main.br_dim_currency (view)
21:01:14.235808 [debug]: Finished analyzing [  0.00s] model main.gl_game [success]
21:01:14.235834 [info ]:  Succeeded [  0.01s] model main.gl_game (view)
21:01:14.235857 [debug]: Finished analyzing [  0.00s] model main.slv_dim_game [success]
21:01:14.235868 [info ]:  Succeeded [  0.01s] model main.slv_dim_game (view)
21:01:14.236797 [debug]: Compiled SQL for node model.casino_games_models.slv_dim_currency at target\.lsp\compiled\casino_games_models\models\silver\slv_dim_currency.sql
21:01:14.236874 [debug]: Finished rendering [  0.01s] model main.slv_dim_currency [success]
21:01:14.236889 [info ]: Finished rendering [  0.01s] (11 nodes, 0 skipped, 1 errors)
21:01:14.236902 [debug]: Started analyzing model main.slv_dim_currency
21:01:14.237046 [debug]: Finished analyzing [  0.00s] model main.slv_dim_currency [success]
21:01:14.237058 [info ]: Finished analyzing [  0.01s] (8 nodes, 0 skipped, 0 errors)
21:01:14.237066 [info ]:  Succeeded [  0.01s] model main.slv_dim_currency (view)
21:01:14.239717 [info ]: Started scheduling
21:01:14.239759 [info ]: Finished scheduling [  0.00s]
21:01:14.240120 [info ]: Cached model count updated: 8 models (accurate)
21:01:53.134767 [info ]: Started loading project
21:01:53.135546 [info ]: Loading ~/.dbt/profiles.yml
21:01:53.144721 [info ]: Started loading project
21:01:53.145769 [info ]: Loading ~/.dbt/profiles.yml
21:01:53.145912 [info ]: Finished loading project [  0.01s]
21:01:53.150838 [debug]:    Started loading packages
21:01:53.153571 [debug]:     Loaded [  0.00s] packages
21:01:53.154334 [info ]: Finished loading project [  0.01s]
21:01:53.154504 [info ]: Started parsing
21:01:53.206176 [debug]: Finished parsing models/schema.yml [  0.00s]
21:01:53.207041 [debug]: Finished parsing models/sources.yml [  0.00s]
21:01:53.209626 [debug]: Finished parsing models/bronze/br_dim_currency.sql [  0.00s]
21:01:53.210037 [debug]: Finished parsing models/bronze/br_dim_game.sql [  0.00s]
21:01:53.210776 [debug]: Finished parsing models/bronze/br_fact_activity.sql [  0.00s]
21:01:53.211655 [debug]: Finished parsing models/gold/gl_activity.sql [  0.00s]
21:01:53.212657 [debug]: Finished parsing models/gold/gl_game.sql [  0.00s]
21:01:53.213769 [debug]: Finished parsing models/silver/slv_dim_currency.sql [  0.00s]
21:01:53.214566 [debug]: Finished parsing models/silver/slv_dim_game.sql [  0.00s]
21:01:53.215311 [debug]: Finished parsing models/silver/slv_fact_activity.sql [  0.00s]
21:01:53.219849 [debug]: Finished parsing tests/total_spins_not_zero.sql [  0.00s]
21:01:53.222918 [info ]: Finished parsing [  0.07s]
21:01:53.223392 [info ]: Cached model count updated: 8 models (estimate)
21:01:53.223417 [info ]: Cached model count updated: 8 models (accurate)
21:01:53.223439 [info ]: Started scheduling
21:01:53.223515 [info ]: Finished scheduling [  0.00s]
21:01:53.223527 [debug]: Compilation - 0 nodes selected: {}
21:01:53.223544 [warn ]: [NoNodesForSelectionCriteria (dbt1092)]: The selection criterion '' does not match any enabled nodes
21:01:53.223566 [warn ]: [NoNodesSelected (dbt1601)]: Nothing to do. Try checking your model configs and model specification args
21:01:53.223574 [info ]: Started scheduling
21:01:53.223645 [info ]: Finished scheduling [  0.00s]
21:01:53.224897 [debug]: License check failed: Feature not licensed: 'lineage'
21:01:53.225876 [info ]: Started building task graph
21:01:53.225897 [info ]: Finished building task graph [  0.00s]
21:01:53.233425 [info ]: Started scheduling
21:01:53.233472 [info ]: Finished scheduling [  0.00s]
21:01:53.238348 [info ]: Cached model count updated: 8 models (accurate)
21:01:54.952229 [info ]: Started loading project
21:01:54.953196 [info ]: Loading ~/.dbt/profiles.yml
21:01:54.987012 [info ]: Cached model count updated: 8 models (estimate)
21:01:54.987033 [info ]: Cached model count updated: 8 models (accurate)
21:01:54.987067 [info ]: Started scheduling
21:01:54.987161 [info ]: Finished scheduling [  0.00s]
21:01:54.987179 [debug]: Compilation - 11 nodes selected: {"model.casino_games_models.br_dim_currency", "model.casino_games_models.br_dim_game", "model.casino_games_models.br_fact_activity", "model.casino_games_models.gl_activity", "model.casino_games_models.gl_game", "model.casino_games_models.slv_dim_currency", "model.casino_games_models.slv_dim_game", "model.casino_games_models.slv_fact_activity", "seed.casino_games_models.dim_currency", "seed.casino_games_models.dim_game", "seed.casino_games_models.fact_activity"}
21:01:54.988463 [debug]: License check failed: Feature not licensed: 'lineage'
21:01:54.989154 [info ]: Started building task graph
21:01:54.989226 [info ]: Finished building task graph [  0.00s]
21:01:54.989367 [info ]: Finished loading project [  0.04s]
21:01:54.998194 [error]: Arrow error: Csv error: incorrect number of fields for line 3, expected 1 got 2
21:01:55.481781 [info ]: Started rendering (11 nodes)
21:01:55.481825 [info ]: Started seed main.fact_activity
21:01:55.481836 [debug]: Started rendering seed main.fact_activity
21:01:55.481857 [info ]: Started seed main.dim_game
21:01:55.481863 [debug]: Started rendering seed main.dim_game
21:01:55.481872 [info ]: Started seed main.dim_currency
21:01:55.481879 [debug]: Started rendering seed main.dim_currency
21:01:55.481888 [info ]: Started model main.gl_game
21:01:55.481892 [debug]: Started rendering model main.gl_game
21:01:55.481900 [info ]: Started model main.slv_dim_game
21:01:55.481903 [debug]: Started rendering model main.slv_dim_game
21:01:55.481927 [info ]: Started model main.gl_activity
21:01:55.481932 [debug]: Started rendering model main.gl_activity
21:01:55.481941 [info ]: Started model main.slv_fact_activity
21:01:55.481957 [debug]: Started rendering model main.slv_fact_activity
21:01:55.482409 [info ]: Started model main.slv_dim_currency
21:01:55.482430 [debug]: Started rendering model main.slv_dim_currency
21:01:55.482445 [info ]: Started model main.br_fact_activity
21:01:55.482451 [debug]: Started rendering model main.br_fact_activity
21:01:55.482462 [info ]: Started model main.br_dim_game
21:01:55.482469 [debug]: Started rendering model main.br_dim_game
21:01:55.482476 [info ]: Started model main.br_dim_currency
21:01:55.482482 [debug]: Started rendering model main.br_dim_currency
21:01:55.482511 [debug]: Finished rendering [  0.00s] seed main.fact_activity [success]
21:01:55.482527 [info ]:  Succeeded [-------] seed  main.fact_activity (table)
21:01:55.482545 [debug]: Finished rendering [  0.00s] seed main.dim_game [error]
21:01:55.482552 [info ]:     Failed [-------] seed  main.dim_game (table)
21:01:55.482564 [debug]: Finished rendering [  0.00s] seed main.dim_currency [success]
21:01:55.482568 [info ]:  Succeeded [-------] seed  main.dim_currency (table)
21:01:55.484450 [debug]: Compiled SQL for node model.casino_games_models.gl_activity at target\.lsp\compiled\casino_games_models\models\gold\gl_activity.sql
21:01:55.484503 [debug]: Compiled SQL for node model.casino_games_models.gl_game at target\.lsp\compiled\casino_games_models\models\gold\gl_game.sql
21:01:55.484897 [debug]: Finished rendering [  0.00s] model main.gl_activity [success]
21:01:55.484962 [info ]: Started analyzing (8 nodes)
21:01:55.485001 [debug]: Started analyzing model main.gl_activity
21:01:55.485042 [debug]: Finished rendering [  0.00s] model main.gl_game [success]
21:01:55.485059 [debug]: Started analyzing model main.gl_game
21:01:55.485189 [debug]: Compiled SQL for node model.casino_games_models.br_fact_activity at target\.lsp\compiled\casino_games_models\models\bronze\br_fact_activity.sql
21:01:55.485290 [debug]: Finished rendering [  0.00s] model main.br_fact_activity [success]
21:01:55.485323 [debug]: Started analyzing model main.br_fact_activity
21:01:55.485954 [debug]: Compiled SQL for node model.casino_games_models.br_dim_currency at target\.lsp\compiled\casino_games_models\models\bronze\br_dim_currency.sql
21:01:55.486122 [debug]: Finished rendering [  0.00s] model main.br_dim_currency [success]
21:01:55.486168 [debug]: Started analyzing model main.br_dim_currency
21:01:55.487434 [debug]: Compiled SQL for node model.casino_games_models.slv_fact_activity at target\.lsp\compiled\casino_games_models\models\silver\slv_fact_activity.sql
21:01:55.487588 [debug]: Started analyzing model main.slv_fact_activity
21:01:55.488064 [debug]: Finished rendering [  0.01s] model main.slv_fact_activity [success]
21:01:55.488132 [debug]: Compiled SQL for node model.casino_games_models.slv_dim_game at target\.lsp\compiled\casino_games_models\models\silver\slv_dim_game.sql
21:01:55.488236 [debug]: Finished rendering [  0.01s] model main.slv_dim_game [success]
21:01:55.488290 [debug]: Started analyzing model main.slv_dim_game
21:01:55.488295 [debug]: Compiled SQL for node model.casino_games_models.slv_dim_currency at target\.lsp\compiled\casino_games_models\models\silver\slv_dim_currency.sql
21:01:55.488502 [debug]: Finished rendering [  0.01s] model main.slv_dim_currency [success]
21:01:55.488531 [debug]: Started analyzing model main.slv_dim_currency
21:01:55.489014 [debug]: Finished analyzing [  0.00s] model main.gl_game [success]
21:01:55.489036 [info ]:  Succeeded [  0.01s] model main.gl_game (view)
21:01:55.489088 [debug]: Compiled SQL for node model.casino_games_models.br_dim_game at target\.lsp\compiled\casino_games_models\models\bronze\br_dim_game.sql
21:01:55.489419 [debug]: Finished rendering [  0.01s] model main.br_dim_game [success]
21:01:55.489437 [info ]: Finished rendering [  0.01s] (11 nodes, 0 skipped, 1 errors)
21:01:55.489904 [debug]: Started analyzing model main.br_dim_game
21:01:55.489933 [debug]: Finished analyzing [  0.00s] model main.slv_dim_game [success]
21:01:55.489949 [info ]:  Succeeded [  0.01s] model main.slv_dim_game (view)
21:01:55.489963 [debug]: Finished analyzing [  0.00s] model main.br_fact_activity [success]
21:01:55.489972 [info ]:  Succeeded [  0.01s] model main.br_fact_activity (view)
21:01:55.489982 [debug]: Finished analyzing [  0.00s] model main.slv_dim_currency [success]
21:01:55.489992 [info ]:  Succeeded [  0.01s] model main.slv_dim_currency (view)
21:01:55.490000 [debug]: Finished analyzing [  0.00s] model main.slv_fact_activity [success]
21:01:55.490007 [info ]:  Succeeded [  0.01s] model main.slv_fact_activity (view)
21:01:55.490227 [debug]: Finished analyzing [  0.01s] model main.gl_activity [success]
21:01:55.490243 [info ]:  Succeeded [  0.01s] model main.gl_activity (view)
21:01:55.490508 [debug]: Finished analyzing [  0.00s] model main.br_dim_currency [success]
21:01:55.490523 [info ]:  Succeeded [  0.01s] model main.br_dim_currency (view)
21:01:55.491001 [debug]: Finished analyzing [  0.00s] model main.br_dim_game [success]
21:01:55.491016 [info ]: Finished analyzing [  0.01s] (8 nodes, 0 skipped, 0 errors)
21:01:55.491026 [info ]:  Succeeded [  0.01s] model main.br_dim_game (view)
21:01:55.493209 [info ]: Started scheduling
21:01:55.493249 [info ]: Finished scheduling [  0.00s]
21:01:55.493611 [info ]: Cached model count updated: 8 models (accurate)
21:04:32.037685 [info ]: Started loading project
21:04:32.076180 [info ]: Loading ~/.dbt/profiles.yml
21:04:32.205505 [info ]: Started parsing
21:04:32.311505 [info ]: Finished loading project [  0.27s]
21:04:32.336916 [debug]: Finished parsing models/sources.yml [  0.01s]
21:04:32.369821 [info ]: Finished parsing [  0.16s]
21:04:32.385941 [info ]: Cached model count updated: 8 models (estimate)
21:04:32.386288 [info ]: Cached model count updated: 8 models (accurate)
21:04:32.390022 [info ]: Started scheduling
21:04:32.398190 [info ]: Finished scheduling [  0.01s]
21:04:32.398967 [debug]: Compilation - 0 nodes selected: {}
21:04:32.401265 [warn ]: [NoNodesForSelectionCriteria (dbt1092)]: The selection criterion '+source:casino_games_models.casino_activity_games.raw_dim_game +source:casino_games_models.casino_activity_games.fact_activity' does not match any enabled nodes
21:04:32.402287 [warn ]: [NoNodesSelected (dbt1601)]: Nothing to do. Try checking your model configs and model specification args
21:04:32.422845 [debug]: License check failed: Feature not licensed: 'lineage'
21:04:32.444341 [info ]: Started building task graph
21:04:32.447627 [info ]: Finished building task graph [  0.00s]
21:04:32.514079 [info ]: Started scheduling
21:04:32.514169 [info ]: Finished scheduling [  0.00s]
21:04:32.516592 [info ]: Cached model count updated: 8 models (accurate)
21:04:34.138018 [info ]: Started loading project
21:04:34.139220 [info ]: Loading ~/.dbt/profiles.yml
21:04:34.179409 [info ]: Cached model count updated: 8 models (estimate)
21:04:34.179453 [info ]: Cached model count updated: 8 models (accurate)
21:04:34.179537 [info ]: Started scheduling
21:04:34.180987 [info ]: Finished scheduling [  0.00s]
21:04:34.181010 [debug]: Compilation - 11 nodes selected: {"model.casino_games_models.br_dim_currency", "model.casino_games_models.br_dim_game", "model.casino_games_models.br_fact_activity", "model.casino_games_models.gl_activity", "model.casino_games_models.gl_game", "model.casino_games_models.slv_dim_currency", "model.casino_games_models.slv_dim_game", "model.casino_games_models.slv_fact_activity", "seed.casino_games_models.dim_currency", "seed.casino_games_models.dim_game", "seed.casino_games_models.fact_activity"}
21:04:34.182005 [debug]: License check failed: Feature not licensed: 'lineage'
21:04:34.185609 [info ]: Started building task graph
21:04:34.187861 [info ]: Finished building task graph [  0.00s]
21:04:34.188108 [info ]: Finished loading project [  0.05s]
21:04:34.262467 [error]: Arrow error: Csv error: incorrect number of fields for line 3, expected 1 got 2
21:04:34.934799 [info ]: Started rendering (11 nodes)
21:04:34.937214 [info ]: Started seed main.fact_activity
21:04:34.937767 [debug]: Started rendering seed main.fact_activity
21:04:34.938496 [info ]: Started seed main.dim_game
21:04:34.938518 [debug]: Started rendering seed main.dim_game
21:04:34.938534 [info ]: Started seed main.dim_currency
21:04:34.938544 [debug]: Started rendering seed main.dim_currency
21:04:34.938563 [info ]: Started model main.gl_game
21:04:34.938572 [debug]: Started rendering model main.gl_game
21:04:34.938585 [info ]: Started model main.slv_dim_game
21:04:34.938632 [debug]: Started rendering model main.slv_dim_game
21:04:34.938648 [info ]: Started model main.gl_activity
21:04:34.938674 [debug]: Started rendering model main.gl_activity
21:04:34.938704 [info ]: Started model main.slv_fact_activity
21:04:34.938731 [debug]: Started rendering model main.slv_fact_activity
21:04:34.938761 [info ]: Started model main.slv_dim_currency
21:04:34.938785 [debug]: Started rendering model main.slv_dim_currency
21:04:34.938802 [info ]: Started model main.br_fact_activity
21:04:34.938808 [debug]: Started rendering model main.br_fact_activity
21:04:34.938817 [info ]: Started model main.br_dim_game
21:04:34.938869 [debug]: Started rendering model main.br_dim_game
21:04:34.939382 [info ]: Started model main.br_dim_currency
21:04:34.939418 [debug]: Started rendering model main.br_dim_currency
21:04:34.947532 [debug]: Finished rendering [  0.01s] seed main.dim_currency [success]
21:04:34.948200 [info ]:  Succeeded [  0.01s] seed  main.dim_currency (table)
21:04:34.949677 [debug]: Finished rendering [  0.01s] seed main.dim_game [error]
21:04:34.949714 [info ]:     Failed [  0.01s] seed  main.dim_game (table)
21:04:34.949749 [debug]: Finished rendering [  0.01s] seed main.fact_activity [success]
21:04:34.949758 [info ]:  Succeeded [  0.01s] seed  main.fact_activity (table)
21:04:34.953919 [debug]: Compiled SQL for node model.casino_games_models.gl_activity at target\.lsp\compiled\casino_games_models\models\gold\gl_activity.sql
21:04:34.953919 [debug]: Compiled SQL for node model.casino_games_models.br_fact_activity at target\.lsp\compiled\casino_games_models\models\bronze\br_fact_activity.sql
21:04:34.953925 [debug]: Compiled SQL for node model.casino_games_models.gl_game at target\.lsp\compiled\casino_games_models\models\gold\gl_game.sql
21:04:34.953932 [debug]: Compiled SQL for node model.casino_games_models.br_dim_game at target\.lsp\compiled\casino_games_models\models\bronze\br_dim_game.sql
21:04:34.953930 [debug]: Compiled SQL for node model.casino_games_models.slv_dim_game at target\.lsp\compiled\casino_games_models\models\silver\slv_dim_game.sql
21:04:34.953919 [debug]: Compiled SQL for node model.casino_games_models.slv_fact_activity at target\.lsp\compiled\casino_games_models\models\silver\slv_fact_activity.sql
21:04:34.953950 [debug]: Compiled SQL for node model.casino_games_models.slv_dim_currency at target\.lsp\compiled\casino_games_models\models\silver\slv_dim_currency.sql
21:04:34.956840 [debug]: Compiled SQL for node model.casino_games_models.br_dim_currency at target\.lsp\compiled\casino_games_models\models\bronze\br_dim_currency.sql
21:04:34.957866 [debug]: Finished rendering [  0.02s] model main.gl_activity [success]
21:04:34.958598 [info ]: Started analyzing (8 nodes)
21:04:34.958879 [debug]: Started analyzing model main.gl_activity
21:04:34.959287 [debug]: Finished rendering [  0.02s] model main.br_fact_activity [success]
21:04:34.959308 [debug]: Started analyzing model main.br_fact_activity
21:04:34.959325 [debug]: Finished rendering [  0.02s] model main.br_dim_currency [success]
21:04:34.959336 [debug]: Started analyzing model main.br_dim_currency
21:04:34.959348 [debug]: Finished rendering [  0.02s] model main.gl_game [success]
21:04:34.959358 [debug]: Started analyzing model main.gl_game
21:04:34.959557 [debug]: Finished rendering [  0.02s] model main.br_dim_game [success]
21:04:34.959579 [debug]: Started analyzing model main.br_dim_game
21:04:34.959597 [debug]: Finished rendering [  0.02s] model main.slv_dim_currency [success]
21:04:34.959611 [debug]: Started analyzing model main.slv_dim_currency
21:04:34.959625 [debug]: Finished rendering [  0.02s] model main.slv_fact_activity [success]
21:04:34.959637 [debug]: Started analyzing model main.slv_fact_activity
21:04:34.959664 [debug]: Finished rendering [  0.02s] model main.slv_dim_game [success]
21:04:34.959674 [info ]: Finished rendering [  0.02s] (11 nodes, 0 skipped, 1 errors)
21:04:34.959683 [debug]: Started analyzing model main.slv_dim_game
21:04:34.992174 [debug]: Finished analyzing [  0.03s] model main.slv_dim_game [success]
21:04:34.992216 [info ]:  Succeeded [  0.05s] model main.slv_dim_game (view)
21:04:34.992248 [debug]: Finished analyzing [  0.03s] model main.br_dim_game [success]
21:04:34.992265 [info ]:  Succeeded [  0.05s] model main.br_dim_game (view)
21:04:34.992283 [debug]: Finished analyzing [  0.03s] model main.br_fact_activity [success]
21:04:34.992293 [info ]:  Succeeded [  0.05s] model main.br_fact_activity (view)
21:04:34.992313 [debug]: Finished analyzing [  0.03s] model main.slv_fact_activity [success]
21:04:34.992321 [info ]:  Succeeded [  0.05s] model main.slv_fact_activity (view)
21:04:34.992336 [debug]: Finished analyzing [  0.03s] model main.br_dim_currency [success]
21:04:34.992348 [info ]:  Succeeded [  0.05s] model main.br_dim_currency (view)
21:04:34.992666 [debug]: Finished analyzing [  0.03s] model main.slv_dim_currency [success]
21:04:34.992690 [info ]:  Succeeded [  0.05s] model main.slv_dim_currency (view)
21:04:34.992716 [debug]: Finished analyzing [  0.03s] model main.gl_activity [success]
21:04:34.992727 [info ]:  Succeeded [  0.05s] model main.gl_activity (view)
21:04:34.992916 [debug]: Finished analyzing [  0.03s] model main.gl_game [success]
21:04:34.992937 [info ]: Finished analyzing [  0.03s] (8 nodes, 0 skipped, 0 errors)
21:04:34.992946 [info ]:  Succeeded [  0.05s] model main.gl_game (view)
21:04:34.997661 [info ]: Started scheduling
21:04:34.997745 [info ]: Finished scheduling [  0.00s]
21:04:34.999565 [info ]: Cached model count updated: 8 models (accurate)
21:04:52.089315 [info ]: Started loading project
21:04:52.092232 [info ]: Loading ~/.dbt/profiles.yml
21:04:52.106159 [info ]: Started parsing
21:04:52.158667 [info ]: Finished loading project [  0.07s]
21:04:52.161230 [debug]: Finished parsing models/sources.yml [  0.00s]
21:04:52.171446 [info ]: Finished parsing [  0.07s]
21:04:52.177063 [info ]: Cached model count updated: 8 models (estimate)
21:04:52.177085 [info ]: Cached model count updated: 8 models (accurate)
21:04:52.177134 [info ]: Started scheduling
21:04:52.177260 [info ]: Finished scheduling [  0.00s]
21:04:52.177278 [debug]: Compilation - 0 nodes selected: {}
21:04:52.177325 [warn ]: [NoNodesForSelectionCriteria (dbt1092)]: The selection criterion '+source:casino_games_models.casino_activity_games.fact_activity +source:casino_games_models.casino_activity_games.raw_dim_currency +source:casino_games_models.casino_activity_games.raw_dim_game' does not match any enabled nodes
21:04:52.177351 [warn ]: [NoNodesSelected (dbt1601)]: Nothing to do. Try checking your model configs and model specification args
21:04:52.182331 [debug]: License check failed: Feature not licensed: 'lineage'
21:04:52.184313 [info ]: Started building task graph
21:04:52.184358 [info ]: Finished building task graph [  0.00s]
21:04:52.190210 [info ]: Started scheduling
21:04:52.190280 [info ]: Finished scheduling [  0.00s]
21:04:52.190966 [info ]: Cached model count updated: 8 models (accurate)
21:04:52.278558 [info ]: Waiting for lease on 'target' directory
21:04:52.626906 [info ]: Started loading project
21:04:52.627919 [info ]: Loading ~/.dbt/profiles.yml
21:04:52.664592 [info ]: Started parsing
21:04:52.749565 [info ]: Finished loading project [  0.12s]
21:04:52.750892 [debug]: Finished parsing models/sources.yml [  0.00s]
21:04:52.755392 [info ]: Finished parsing [  0.09s]
21:04:52.759580 [info ]: Cached model count updated: 8 models (estimate)
21:04:52.759596 [info ]: Cached model count updated: 8 models (accurate)
21:04:52.759621 [info ]: Started scheduling
21:04:52.759807 [info ]: Finished scheduling [  0.00s]
21:04:52.759820 [debug]: Compilation - 0 nodes selected: {}
21:04:52.759846 [warn ]: [NoNodesForSelectionCriteria (dbt1092)]: The selection criterion '+source:casino_games_models.casino_activity_games.fact_activity +source:casino_games_models.casino_activity_games.raw_dim_game +source:casino_games_models.casino_activity_games.raw_dim_currency' does not match any enabled nodes
21:04:52.759858 [warn ]: [NoNodesSelected (dbt1601)]: Nothing to do. Try checking your model configs and model specification args
21:04:52.764029 [debug]: License check failed: Feature not licensed: 'lineage'
21:04:52.764822 [info ]: Started building task graph
21:04:52.764856 [info ]: Finished building task graph [  0.00s]
21:04:52.773486 [info ]: Started scheduling
21:04:52.773561 [info ]: Finished scheduling [  0.00s]
21:04:52.774182 [info ]: Cached model count updated: 8 models (accurate)
21:04:54.382817 [info ]: Started loading project
21:04:54.385172 [info ]: Loading ~/.dbt/profiles.yml
21:04:54.453075 [info ]: Cached model count updated: 8 models (estimate)
21:04:54.453106 [info ]: Cached model count updated: 8 models (accurate)
21:04:54.453160 [info ]: Started scheduling
21:04:54.456428 [info ]: Finished scheduling [  0.00s]
21:04:54.456556 [debug]: Compilation - 11 nodes selected: {"model.casino_games_models.br_dim_currency", "model.casino_games_models.br_dim_game", "model.casino_games_models.br_fact_activity", "model.casino_games_models.gl_activity", "model.casino_games_models.gl_game", "model.casino_games_models.slv_dim_currency", "model.casino_games_models.slv_dim_game", "model.casino_games_models.slv_fact_activity", "seed.casino_games_models.dim_currency", "seed.casino_games_models.dim_game", "seed.casino_games_models.fact_activity"}
21:04:54.460924 [debug]: License check failed: Feature not licensed: 'lineage'
21:04:54.466596 [info ]: Started building task graph
21:04:54.468255 [info ]: Finished building task graph [  0.00s]
21:04:54.469707 [info ]: Finished loading project [  0.09s]
21:04:54.492155 [error]: Arrow error: Csv error: incorrect number of fields for line 3, expected 1 got 2
21:04:54.951629 [info ]: Started rendering (11 nodes)
21:04:54.952739 [info ]: Started seed main.fact_activity
21:04:54.953359 [debug]: Started rendering seed main.fact_activity
21:04:54.953560 [info ]: Started seed main.dim_game
21:04:54.953575 [debug]: Started rendering seed main.dim_game
21:04:54.953603 [info ]: Started seed main.dim_currency
21:04:54.953772 [debug]: Started rendering seed main.dim_currency
21:04:54.953798 [info ]: Started model main.gl_game
21:04:54.953809 [debug]: Started rendering model main.gl_game
21:04:54.953820 [info ]: Started model main.slv_dim_game
21:04:54.953838 [debug]: Started rendering model main.slv_dim_game
21:04:54.953859 [info ]: Started model main.gl_activity
21:04:54.953879 [debug]: Started rendering model main.gl_activity
21:04:54.953890 [info ]: Started model main.slv_fact_activity
21:04:54.953896 [debug]: Started rendering model main.slv_fact_activity
21:04:54.953915 [info ]: Started model main.slv_dim_currency
21:04:54.953923 [debug]: Started rendering model main.slv_dim_currency
21:04:54.954439 [info ]: Started model main.br_fact_activity
21:04:54.954450 [debug]: Started rendering model main.br_fact_activity
21:04:54.955058 [info ]: Started model main.br_dim_game
21:04:54.955072 [debug]: Started rendering model main.br_dim_game
21:04:54.955100 [info ]: Started model main.br_dim_currency
21:04:54.955113 [debug]: Started rendering model main.br_dim_currency
21:04:54.956862 [debug]: Finished rendering [  0.00s] seed main.fact_activity [success]
21:04:54.957329 [info ]:  Succeeded [  0.00s] seed  main.fact_activity (table)
21:04:54.958236 [debug]: Finished rendering [  0.00s] seed main.dim_currency [success]
21:04:54.959073 [info ]:  Succeeded [  0.00s] seed  main.dim_currency (table)
21:04:54.959125 [debug]: Finished rendering [  0.01s] seed main.dim_game [error]
21:04:54.959139 [info ]:     Failed [  0.01s] seed  main.dim_game (table)
21:04:54.960161 [debug]: Compiled SQL for node model.casino_games_models.br_dim_currency at target\.lsp\compiled\casino_games_models\models\bronze\br_dim_currency.sql
21:04:54.960165 [debug]: Compiled SQL for node model.casino_games_models.gl_game at target\.lsp\compiled\casino_games_models\models\gold\gl_game.sql
21:04:54.960170 [debug]: Compiled SQL for node model.casino_games_models.slv_dim_game at target\.lsp\compiled\casino_games_models\models\silver\slv_dim_game.sql
21:04:54.960192 [debug]: Compiled SQL for node model.casino_games_models.slv_dim_currency at target\.lsp\compiled\casino_games_models\models\silver\slv_dim_currency.sql
21:04:54.960202 [debug]: Compiled SQL for node model.casino_games_models.br_fact_activity at target\.lsp\compiled\casino_games_models\models\bronze\br_fact_activity.sql
21:04:54.960233 [debug]: Compiled SQL for node model.casino_games_models.slv_fact_activity at target\.lsp\compiled\casino_games_models\models\silver\slv_fact_activity.sql
21:04:54.960243 [debug]: Compiled SQL for node model.casino_games_models.br_dim_game at target\.lsp\compiled\casino_games_models\models\bronze\br_dim_game.sql
21:04:54.961038 [debug]: Compiled SQL for node model.casino_games_models.gl_activity at target\.lsp\compiled\casino_games_models\models\gold\gl_activity.sql
21:04:54.963448 [debug]: Finished rendering [  0.01s] model main.gl_activity [success]
21:04:54.963572 [info ]: Started analyzing (8 nodes)
21:04:54.963855 [debug]: Started analyzing model main.gl_activity
21:04:54.963926 [debug]: Finished rendering [  0.01s] model main.br_fact_activity [success]
21:04:54.963960 [debug]: Started analyzing model main.br_fact_activity
21:04:54.963988 [debug]: Finished rendering [  0.01s] model main.br_dim_game [success]
21:04:54.964286 [debug]: Started analyzing model main.br_dim_game
21:04:54.964380 [debug]: Finished rendering [  0.01s] model main.gl_game [success]
21:04:54.964417 [debug]: Started analyzing model main.gl_game
21:04:54.964448 [debug]: Finished rendering [  0.01s] model main.slv_dim_currency [success]
21:04:54.964470 [debug]: Started analyzing model main.slv_dim_currency
21:04:54.964495 [debug]: Finished rendering [  0.01s] model main.slv_fact_activity [success]
21:04:54.964513 [debug]: Started analyzing model main.slv_fact_activity
21:04:54.964534 [debug]: Finished rendering [  0.01s] model main.slv_dim_game [success]
21:04:54.964546 [debug]: Started analyzing model main.slv_dim_game
21:04:54.964564 [debug]: Finished rendering [  0.01s] model main.br_dim_currency [success]
21:04:54.964579 [info ]: Finished rendering [  0.01s] (11 nodes, 0 skipped, 1 errors)
21:04:54.964591 [debug]: Started analyzing model main.br_dim_currency
21:04:54.968467 [debug]: Finished analyzing [  0.00s] model main.br_dim_game [success]
21:04:54.968511 [info ]:  Succeeded [  0.01s] model main.br_dim_game (view)
21:04:54.968547 [debug]: Finished analyzing [  0.00s] model main.slv_dim_game [success]
21:04:54.968563 [info ]:  Succeeded [  0.01s] model main.slv_dim_game (view)
21:04:54.968582 [debug]: Finished analyzing [  0.00s] model main.br_fact_activity [success]
21:04:54.968596 [info ]:  Succeeded [  0.01s] model main.br_fact_activity (view)
21:04:54.968612 [debug]: Finished analyzing [  0.00s] model main.gl_game [success]
21:04:54.968626 [info ]:  Succeeded [  0.01s] model main.gl_game (view)
21:04:54.968642 [debug]: Finished analyzing [  0.00s] model main.slv_dim_currency [success]
21:04:54.968649 [info ]:  Succeeded [  0.01s] model main.slv_dim_currency (view)
21:04:54.968662 [debug]: Finished analyzing [  0.00s] model main.slv_fact_activity [success]
21:04:54.968670 [info ]:  Succeeded [  0.01s] model main.slv_fact_activity (view)
21:04:54.968685 [debug]: Finished analyzing [  0.00s] model main.br_dim_currency [success]
21:04:54.968699 [info ]:  Succeeded [  0.01s] model main.br_dim_currency (view)
21:04:54.969722 [debug]: Finished analyzing [  0.01s] model main.gl_activity [success]
21:04:54.969758 [info ]: Finished analyzing [  0.01s] (8 nodes, 0 skipped, 0 errors)
21:04:54.969774 [info ]:  Succeeded [  0.01s] model main.gl_activity (view)
21:04:54.973583 [info ]: Started scheduling
21:04:54.973655 [info ]: Finished scheduling [  0.00s]
21:04:54.974765 [info ]: Cached model count updated: 8 models (accurate)
21:12:15.370372 [debug]: License check failed: Feature not licensed: 'lineage'
21:12:19.573672 [debug]: License check failed: Feature not licensed: 'lineage'
21:13:03.259720 [debug]: License check failed: Feature not licensed: 'lineage'
21:14:24.914010 [info ]: Loading ~/.dbt/profiles.yml
21:14:25.152027 [info ]: Started loading project
21:14:25.173110 [info ]: Loading ~/.dbt/profiles.yml
21:14:25.351510 [info ]: Started loading project
21:14:25.352416 [info ]: Loading ~/.dbt/profiles.yml
21:14:25.354162 [info ]: Finished loading project [  0.20s]
21:14:25.392008 [debug]:    Started loading packages
21:14:25.401393 [debug]:     Loaded [  0.01s] packages
21:14:25.404204 [info ]: Finished loading project [  0.05s]
21:14:25.412510 [info ]: Started parsing
21:14:25.704716 [info ]: Finished parsing [  0.29s]
21:14:25.802008 [info ]: Waiting for lease on 'target' directory
21:14:25.951492 [info ]: Loading ~/.dbt/profiles.yml
21:14:26.161415 [info ]: Started loading project
21:14:26.162284 [info ]: Loading ~/.dbt/profiles.yml
21:14:26.168526 [debug]:    Started loading packages
21:14:26.178475 [debug]:     Loaded [  0.01s] packages
21:14:26.183403 [info ]: Finished loading project [  0.02s]
21:14:26.183729 [info ]: Started parsing
21:14:26.310961 [debug]: Finished parsing models/schema.yml [  0.02s]
21:14:26.313625 [debug]: Finished parsing models/sources.yml [  0.00s]
21:14:26.424017 [debug]: Finished parsing models/bronze/br_dim_currency.sql [  0.03s]
21:14:26.426170 [debug]: Finished parsing models/bronze/br_dim_game.sql [  0.00s]
21:14:26.426878 [debug]: Finished parsing models/bronze/br_fact_activity.sql [  0.00s]
21:14:26.435080 [debug]: Finished parsing models/gold/gl_activity.sql [  0.01s]
21:14:26.436803 [debug]: Finished parsing models/gold/gl_game.sql [  0.00s]
21:14:26.438088 [debug]: Finished parsing models/silver/slv_dim_currency.sql [  0.00s]
21:14:26.439380 [debug]: Finished parsing models/silver/slv_dim_game.sql [  0.00s]
21:14:26.440825 [debug]: Finished parsing models/silver/slv_fact_activity.sql [  0.00s]
21:14:26.461492 [debug]: Finished parsing tests/total_spins_not_zero.sql [  0.00s]
21:14:26.486514 [info ]: Finished parsing [  0.30s]
21:14:26.495108 [info ]: Cached model count updated: 8 models (estimate)
21:14:26.495139 [info ]: Cached model count updated: 8 models (accurate)
21:14:26.498479 [info ]: Started scheduling
21:14:26.505079 [info ]: Finished scheduling [  0.01s]
21:14:26.505539 [debug]: Compilation - 0 nodes selected: {}
21:14:26.507960 [warn ]: [NoNodesForSelectionCriteria (dbt1092)]: The selection criterion '' does not match any enabled nodes
21:14:26.509335 [warn ]: [NoNodesSelected (dbt1601)]: Nothing to do. Try checking your model configs and model specification args
21:14:26.510145 [info ]: Started scheduling
21:14:26.513468 [info ]: Finished scheduling [  0.00s]
21:14:26.541735 [debug]: License check failed: Feature not licensed: 'lineage'
21:14:26.559508 [info ]: Started building task graph
21:14:26.562266 [info ]: Finished building task graph [  0.00s]
21:14:26.685423 [info ]: Started scheduling
21:14:26.685522 [info ]: Finished scheduling [  0.00s]
21:14:26.687114 [info ]: Cached model count updated: 8 models (accurate)
21:14:28.278299 [info ]: Started loading project
21:14:28.280494 [info ]: Loading ~/.dbt/profiles.yml
21:14:28.330193 [info ]: Cached model count updated: 8 models (estimate)
21:14:28.330226 [info ]: Cached model count updated: 8 models (accurate)
21:14:28.330285 [info ]: Started scheduling
21:14:28.330440 [info ]: Finished scheduling [  0.00s]
21:14:28.330467 [debug]: Compilation - 11 nodes selected: {"model.casino_games_models.br_dim_currency", "model.casino_games_models.br_dim_game", "model.casino_games_models.br_fact_activity", "model.casino_games_models.gl_activity", "model.casino_games_models.gl_game", "model.casino_games_models.slv_dim_currency", "model.casino_games_models.slv_dim_game", "model.casino_games_models.slv_fact_activity", "seed.casino_games_models.dim_currency", "seed.casino_games_models.dim_game", "seed.casino_games_models.fact_activity"}
21:14:28.332865 [debug]: License check failed: Feature not licensed: 'lineage'
21:14:28.336186 [info ]: Started building task graph
21:14:28.339399 [info ]: Finished building task graph [  0.00s]
21:14:28.339535 [info ]: Finished loading project [  0.06s]
21:14:28.377319 [error]: Arrow error: Csv error: incorrect number of fields for line 3, expected 1 got 2
21:14:28.914834 [info ]: Started rendering (11 nodes)
21:14:28.916948 [info ]: Started seed main.fact_activity
21:14:28.918003 [debug]: Started rendering seed main.fact_activity
21:14:28.919152 [info ]: Started seed main.dim_game
21:14:28.919175 [debug]: Started rendering seed main.dim_game
21:14:28.919198 [info ]: Started seed main.dim_currency
21:14:28.919211 [debug]: Started rendering seed main.dim_currency
21:14:28.919227 [info ]: Started model main_gold.gl_game
21:14:28.919233 [debug]: Started rendering model main_gold.gl_game
21:14:28.919244 [info ]: Started model main_silver.slv_dim_game
21:14:28.919252 [debug]: Started rendering model main_silver.slv_dim_game
21:14:28.919260 [info ]: Started model main_gold.gl_activity
21:14:28.919266 [debug]: Started rendering model main_gold.gl_activity
21:14:28.919275 [info ]: Started model main_silver.slv_fact_activity
21:14:28.919282 [debug]: Started rendering model main_silver.slv_fact_activity
21:14:28.919293 [info ]: Started model main_silver.slv_dim_currency
21:14:28.919302 [debug]: Started rendering model main_silver.slv_dim_currency
21:14:28.919314 [info ]: Started model main_bronze.br_fact_activity
21:14:28.919319 [debug]: Started rendering model main_bronze.br_fact_activity
21:14:28.920650 [info ]: Started model main_bronze.br_dim_game
21:14:28.920959 [debug]: Started rendering model main_bronze.br_dim_game
21:14:28.920988 [info ]: Started model main_bronze.br_dim_currency
21:14:28.921001 [debug]: Started rendering model main_bronze.br_dim_currency
21:14:28.925925 [debug]: Finished rendering [  0.01s] seed main.dim_game [error]
21:14:28.926287 [info ]:     Failed [  0.01s] seed  main.dim_game (table)
21:14:28.927833 [debug]: Finished rendering [  0.01s] seed main.fact_activity [success]
21:14:28.927856 [info ]:  Succeeded [  0.01s] seed  main.fact_activity (table)
21:14:28.927892 [debug]: Finished rendering [  0.01s] seed main.dim_currency [success]
21:14:28.927903 [info ]:  Succeeded [  0.01s] seed  main.dim_currency (table)
21:14:28.943590 [debug]: Compiled SQL for node model.casino_games_models.gl_game at target\.lsp\compiled\casino_games_models\models\gold\gl_game.sql
21:14:28.943588 [debug]: Compiled SQL for node model.casino_games_models.br_dim_currency at target\.lsp\compiled\casino_games_models\models\bronze\br_dim_currency.sql
21:14:28.943590 [debug]: Compiled SQL for node model.casino_games_models.br_dim_game at target\.lsp\compiled\casino_games_models\models\bronze\br_dim_game.sql
21:14:28.943665 [debug]: Compiled SQL for node model.casino_games_models.gl_activity at target\.lsp\compiled\casino_games_models\models\gold\gl_activity.sql
21:14:28.944968 [debug]: Compiled SQL for node model.casino_games_models.br_fact_activity at target\.lsp\compiled\casino_games_models\models\bronze\br_fact_activity.sql
21:14:28.945108 [debug]: Compiled SQL for node model.casino_games_models.slv_dim_currency at target\.lsp\compiled\casino_games_models\models\silver\slv_dim_currency.sql
21:14:28.945205 [debug]: Compiled SQL for node model.casino_games_models.slv_dim_game at target\.lsp\compiled\casino_games_models\models\silver\slv_dim_game.sql
21:14:28.945957 [debug]: Finished rendering [  0.02s] model main_bronze.br_dim_currency [success]
21:14:28.947167 [info ]: Started analyzing (8 nodes)
21:14:28.947419 [debug]: Started analyzing model main_bronze.br_dim_currency
21:14:28.948070 [debug]: Finished rendering [  0.03s] model main_gold.gl_game [success]
21:14:28.948097 [debug]: Started analyzing model main_gold.gl_game
21:14:28.948118 [debug]: Finished rendering [  0.03s] model main_bronze.br_fact_activity [success]
21:14:28.948131 [debug]: Started analyzing model main_bronze.br_fact_activity
21:14:28.948148 [debug]: Finished rendering [  0.03s] model main_gold.gl_activity [success]
21:14:28.948159 [debug]: Started analyzing model main_gold.gl_activity
21:14:28.948186 [debug]: Finished rendering [  0.03s] model main_silver.slv_dim_game [success]
21:14:28.948197 [debug]: Started analyzing model main_silver.slv_dim_game
21:14:28.948213 [debug]: Finished rendering [  0.03s] model main_silver.slv_dim_currency [success]
21:14:28.948226 [debug]: Started analyzing model main_silver.slv_dim_currency
21:14:28.948244 [debug]: Finished rendering [  0.03s] model main_bronze.br_dim_game [success]
21:14:28.948258 [debug]: Started analyzing model main_bronze.br_dim_game
21:14:28.949643 [debug]: Compiled SQL for node model.casino_games_models.slv_fact_activity at target\.lsp\compiled\casino_games_models\models\silver\slv_fact_activity.sql
21:14:28.949846 [debug]: Started analyzing model main_silver.slv_fact_activity
21:14:28.950112 [debug]: Finished rendering [  0.03s] model main_silver.slv_fact_activity [success]
21:14:28.950130 [info ]: Finished rendering [  0.04s] (11 nodes, 0 skipped, 1 errors)
21:14:28.980386 [debug]: Finished analyzing [  0.03s] model main_silver.slv_dim_currency [success]
21:14:28.980429 [info ]:  Succeeded [  0.06s] model main_silver.slv_dim_currency (view)
21:14:28.980460 [debug]: Finished analyzing [  0.03s] model main_bronze.br_dim_currency [success]
21:14:28.980468 [info ]:  Succeeded [  0.06s] model main_bronze.br_dim_currency (view)
21:14:28.980485 [debug]: Finished analyzing [  0.03s] model main_bronze.br_fact_activity [success]
21:14:28.980715 [info ]:  Succeeded [  0.06s] model main_bronze.br_fact_activity (view)
21:14:28.980746 [debug]: Finished analyzing [  0.03s] model main_bronze.br_dim_game [success]
21:14:28.980759 [info ]:  Succeeded [  0.06s] model main_bronze.br_dim_game (view)
21:14:28.980774 [debug]: Finished analyzing [  0.03s] model main_silver.slv_fact_activity [success]
21:14:28.980785 [info ]:  Succeeded [  0.06s] model main_silver.slv_fact_activity (view)
21:14:28.980796 [debug]: Finished analyzing [  0.03s] model main_gold.gl_game [success]
21:14:28.980802 [info ]:  Succeeded [  0.06s] model main_gold.gl_game (table)
21:14:28.980812 [debug]: Finished analyzing [  0.03s] model main_silver.slv_dim_game [success]
21:14:28.980822 [info ]:  Succeeded [  0.06s] model main_silver.slv_dim_game (view)
21:14:28.980837 [debug]: Finished analyzing [  0.03s] model main_gold.gl_activity [success]
21:14:28.980845 [info ]: Finished analyzing [  0.03s] (8 nodes, 0 skipped, 0 errors)
21:14:28.980852 [info ]:  Succeeded [  0.06s] model main_gold.gl_activity (table)
21:14:28.986426 [info ]: Started scheduling
21:14:28.986508 [info ]: Finished scheduling [  0.00s]
21:14:28.987194 [info ]: Cached model count updated: 8 models (accurate)
21:14:47.835889 [info ]: Started loading project
21:14:47.839525 [info ]: Loading ~/.dbt/profiles.yml
21:14:47.868032 [info ]: Started parsing
21:14:47.926191 [info ]: Finished loading project [  0.09s]
21:14:47.927614 [debug]: Finished parsing models/sources.yml [  0.00s]
21:14:47.939512 [info ]: Finished parsing [  0.07s]
21:14:47.947576 [info ]: Cached model count updated: 8 models (estimate)
21:14:47.947606 [info ]: Cached model count updated: 8 models (accurate)
21:14:47.948486 [info ]: Started scheduling
21:14:47.950968 [info ]: Finished scheduling [  0.00s]
21:14:47.951005 [debug]: Compilation - 0 nodes selected: {}
21:14:47.951768 [warn ]: [NoNodesForSelectionCriteria (dbt1092)]: The selection criterion '+source:casino_games_models.casino_activity_games.raw_dim_game +source:casino_games_models.casino_activity_games.raw_dim_currency +source:casino_games_models.casino_activity_games.fact_activity +source:casino_games_models.casino_activity_games.raw_fact_activity' does not match any enabled nodes
21:14:47.951800 [warn ]: [NoNodesSelected (dbt1601)]: Nothing to do. Try checking your model configs and model specification args
21:14:47.959381 [info ]: Cached model count updated: 8 models (accurate)
21:14:47.960181 [info ]: Waiting for lease on 'target' directory
21:14:48.434909 [info ]: Started loading project
21:14:48.437462 [info ]: Loading ~/.dbt/profiles.yml
21:14:48.455347 [info ]: Started parsing
21:14:48.504895 [info ]: Finished loading project [  0.07s]
21:14:48.507898 [debug]: Finished parsing models/sources.yml [  0.00s]
21:14:48.514689 [info ]: Finished parsing [  0.06s]
21:14:48.520599 [info ]: Cached model count updated: 8 models (estimate)
21:14:48.520628 [info ]: Cached model count updated: 8 models (accurate)
21:14:48.520670 [info ]: Started scheduling
21:14:48.520747 [info ]: Finished scheduling [  0.00s]
21:14:48.520762 [debug]: Compilation - 0 nodes selected: {}
21:14:48.520791 [warn ]: [NoNodesForSelectionCriteria (dbt1092)]: The selection criterion '+source:casino_games_models.casino_activity_games.raw_dim_game +source:casino_games_models.casino_activity_games.raw_fact_activity +source:casino_games_models.casino_activity_games.raw_dim_currency +source:casino_games_models.casino_activity_games.fact_activity' does not match any enabled nodes
21:14:48.520806 [warn ]: [NoNodesSelected (dbt1601)]: Nothing to do. Try checking your model configs and model specification args
21:14:48.524450 [debug]: License check failed: Feature not licensed: 'lineage'
21:14:48.528017 [info ]: Started building task graph
21:14:48.528055 [info ]: Finished building task graph [  0.00s]
21:14:48.540086 [info ]: Started scheduling
21:14:48.540189 [info ]: Finished scheduling [  0.00s]
21:14:48.541104 [info ]: Cached model count updated: 8 models (accurate)
21:14:50.200499 [info ]: Started loading project
21:14:50.200930 [info ]: Loading ~/.dbt/profiles.yml
21:14:50.224781 [info ]: Cached model count updated: 8 models (estimate)
21:14:50.224803 [info ]: Cached model count updated: 8 models (accurate)
21:14:50.224827 [info ]: Started scheduling
21:14:50.224923 [info ]: Finished scheduling [  0.00s]
21:14:50.224940 [debug]: Compilation - 11 nodes selected: {"model.casino_games_models.br_dim_currency", "model.casino_games_models.br_dim_game", "model.casino_games_models.br_fact_activity", "model.casino_games_models.gl_activity", "model.casino_games_models.gl_game", "model.casino_games_models.slv_dim_currency", "model.casino_games_models.slv_dim_game", "model.casino_games_models.slv_fact_activity", "seed.casino_games_models.dim_currency", "seed.casino_games_models.dim_game", "seed.casino_games_models.fact_activity"}
21:14:50.225420 [debug]: License check failed: Feature not licensed: 'lineage'
21:14:50.225890 [info ]: Started building task graph
21:14:50.225955 [info ]: Finished building task graph [  0.00s]
21:14:50.226059 [info ]: Finished loading project [  0.03s]
21:14:50.234250 [error]: Arrow error: Csv error: incorrect number of fields for line 3, expected 1 got 2
21:14:50.809885 [info ]: Started rendering (11 nodes)
21:14:50.809928 [info ]: Started seed main.fact_activity
21:14:50.810091 [debug]: Started rendering seed main.fact_activity
21:14:50.810120 [info ]: Started seed main.dim_game
21:14:50.810128 [debug]: Started rendering seed main.dim_game
21:14:50.810298 [info ]: Started seed main.dim_currency
21:14:50.810456 [debug]: Started rendering seed main.dim_currency
21:14:50.810480 [info ]: Started model main_gold.gl_game
21:14:50.810488 [debug]: Started rendering model main_gold.gl_game
21:14:50.810497 [info ]: Started model main_silver.slv_dim_game
21:14:50.810502 [debug]: Started rendering model main_silver.slv_dim_game
21:14:50.810509 [info ]: Started model main_gold.gl_activity
21:14:50.810658 [debug]: Started rendering model main_gold.gl_activity
21:14:50.810682 [info ]: Started model main_silver.slv_fact_activity
21:14:50.810698 [debug]: Started rendering model main_silver.slv_fact_activity
21:14:50.810710 [info ]: Started model main_silver.slv_dim_currency
21:14:50.810717 [debug]: Started rendering model main_silver.slv_dim_currency
21:14:50.810726 [info ]: Started model main_bronze.br_fact_activity
21:14:50.810730 [debug]: Started rendering model main_bronze.br_fact_activity
21:14:50.810747 [info ]: Started model main_bronze.br_dim_game
21:14:50.810975 [debug]: Started rendering model main_bronze.br_dim_game
21:14:50.811132 [info ]: Started model main_bronze.br_dim_currency
21:14:50.811148 [debug]: Started rendering model main_bronze.br_dim_currency
21:14:50.811834 [debug]: Finished rendering [  0.00s] seed main.dim_currency [success]
21:14:50.811871 [info ]:  Succeeded [  0.00s] seed  main.dim_currency (table)
21:14:50.811935 [debug]: Finished rendering [  0.00s] seed main.dim_game [error]
21:14:50.811957 [info ]:     Failed [  0.00s] seed  main.dim_game (table)
21:14:50.812003 [debug]: Finished rendering [  0.00s] seed main.fact_activity [success]
21:14:50.812018 [info ]:  Succeeded [  0.00s] seed  main.fact_activity (table)
21:14:50.812893 [debug]: Compiled SQL for node model.casino_games_models.slv_dim_game at target\.lsp\compiled\casino_games_models\models\silver\slv_dim_game.sql
21:14:50.812910 [debug]: Compiled SQL for node model.casino_games_models.slv_fact_activity at target\.lsp\compiled\casino_games_models\models\silver\slv_fact_activity.sql
21:14:50.812985 [debug]: Compiled SQL for node model.casino_games_models.br_fact_activity at target\.lsp\compiled\casino_games_models\models\bronze\br_fact_activity.sql
21:14:50.813604 [debug]: Finished rendering [  0.00s] model main_silver.slv_dim_game [success]
21:14:50.813943 [info ]: Started analyzing (8 nodes)
21:14:50.813980 [debug]: Started analyzing model main_silver.slv_dim_game
21:14:50.814011 [debug]: Finished rendering [  0.00s] model main_silver.slv_fact_activity [success]
21:14:50.814030 [debug]: Started analyzing model main_silver.slv_fact_activity
21:14:50.814024 [debug]: Compiled SQL for node model.casino_games_models.gl_game at target\.lsp\compiled\casino_games_models\models\gold\gl_game.sql
21:14:50.814053 [debug]: Finished rendering [  0.00s] model main_bronze.br_fact_activity [success]
21:14:50.814062 [debug]: Started analyzing model main_bronze.br_fact_activity
21:14:50.814098 [debug]: Finished rendering [  0.00s] model main_gold.gl_game [success]
21:14:50.814111 [debug]: Started analyzing model main_gold.gl_game
21:14:50.814110 [debug]: Compiled SQL for node model.casino_games_models.br_dim_currency at target\.lsp\compiled\casino_games_models\models\bronze\br_dim_currency.sql
21:14:50.814230 [debug]: Finished rendering [  0.00s] model main_bronze.br_dim_currency [success]
21:14:50.814262 [debug]: Started analyzing model main_bronze.br_dim_currency
21:14:50.814315 [debug]: Compiled SQL for node model.casino_games_models.gl_activity at target\.lsp\compiled\casino_games_models\models\gold\gl_activity.sql
21:14:50.814359 [debug]: Compiled SQL for node model.casino_games_models.br_dim_game at target\.lsp\compiled\casino_games_models\models\bronze\br_dim_game.sql
21:14:50.814465 [debug]: Finished rendering [  0.00s] model main_gold.gl_activity [success]
21:14:50.814530 [debug]: Started analyzing model main_gold.gl_activity
21:14:50.814551 [debug]: Finished rendering [  0.00s] model main_bronze.br_dim_game [success]
21:14:50.814559 [debug]: Started analyzing model main_bronze.br_dim_game
21:14:50.815440 [debug]: Compiled SQL for node model.casino_games_models.slv_dim_currency at target\.lsp\compiled\casino_games_models\models\silver\slv_dim_currency.sql
21:14:50.815917 [debug]: Finished rendering [  0.01s] model main_silver.slv_dim_currency [success]
21:14:50.815941 [info ]: Finished rendering [  0.01s] (11 nodes, 0 skipped, 1 errors)
21:14:50.815958 [debug]: Started analyzing model main_silver.slv_dim_currency
21:14:50.818898 [debug]: Finished analyzing [  0.00s] model main_bronze.br_fact_activity [success]
21:14:50.818930 [info ]:  Succeeded [  0.01s] model main_bronze.br_fact_activity (view)
21:14:50.818951 [debug]: Finished analyzing [  0.00s] model main_bronze.br_dim_game [success]
21:14:50.818960 [info ]:  Succeeded [  0.01s] model main_bronze.br_dim_game (view)
21:14:50.818971 [debug]: Finished analyzing [  0.00s] model main_gold.gl_game [success]
21:14:50.818976 [info ]:  Succeeded [  0.01s] model main_gold.gl_game (table)
21:14:50.818985 [debug]: Finished analyzing [  0.00s] model main_silver.slv_fact_activity [success]
21:14:50.818989 [info ]:  Succeeded [  0.01s] model main_silver.slv_fact_activity (view)
21:14:50.819000 [debug]: Finished analyzing [  0.00s] model main_silver.slv_dim_currency [success]
21:14:50.819005 [info ]:  Succeeded [  0.01s] model main_silver.slv_dim_currency (view)
21:14:50.819014 [debug]: Finished analyzing [  0.00s] model main_bronze.br_dim_currency [success]
21:14:50.819019 [info ]:  Succeeded [  0.01s] model main_bronze.br_dim_currency (view)
21:14:50.819027 [debug]: Finished analyzing [  0.01s] model main_silver.slv_dim_game [success]
21:14:50.819032 [info ]:  Succeeded [  0.01s] model main_silver.slv_dim_game (view)
21:14:50.821060 [debug]: Finished analyzing [  0.01s] model main_gold.gl_activity [success]
21:14:50.821077 [info ]: Finished analyzing [  0.01s] (8 nodes, 0 skipped, 0 errors)
21:14:50.821087 [info ]:  Succeeded [  0.01s] model main_gold.gl_activity (table)
21:14:50.823264 [info ]: Started scheduling
21:14:50.823308 [info ]: Finished scheduling [  0.00s]
21:14:50.824183 [info ]: Cached model count updated: 8 models (accurate)
21:14:59.121520 [info ]: Started loading project
21:14:59.122138 [info ]: Loading ~/.dbt/profiles.yml
21:14:59.130207 [info ]: Started parsing
21:14:59.170412 [info ]: Finished loading project [  0.05s]
21:14:59.198890 [debug]: Finished parsing models/bronze/br_dim_currency.sql [  0.02s]
21:14:59.215050 [error]: [DependencyNotFound (dbt1048)]: Source 'casino_games_models.raw_dim_currency' not found in project. Searched for 'raw_dim_currency'
  --> models/bronze/br_dim_currency.sql:4:9
21:14:59.220546 [info ]: Cached model count updated: 8 models (estimate)
21:14:59.220565 [info ]: Cached model count updated: 8 models (accurate)
21:14:59.220596 [info ]: Started scheduling
21:14:59.221046 [info ]: Finished scheduling [  0.00s]
21:14:59.221064 [debug]: Compilation - 1 nodes selected: {"model.casino_games_models.br_dim_currency"}
21:14:59.222377 [debug]: License check failed: Feature not licensed: 'lineage'
21:14:59.223526 [info ]: Started building task graph
21:14:59.223565 [info ]: Finished building task graph [  0.00s]
21:14:59.225848 [info ]: Started rendering (1 nodes)
21:14:59.225873 [info ]: Started model main_bronze.br_dim_currency
21:14:59.225884 [debug]: Started rendering model main_bronze.br_dim_currency
21:14:59.226938 [info ]: Finished parsing [  0.10s]
21:14:59.237190 [error]: [JinjaError (dbt1501)]: Failed to render SQL not a key type: Source not found for source name: casino_games_models, table name: raw_dim_currency
(in models/bronze/br_dim_currency.sql:4:9)
  --> models/bronze/br_dim_currency.sql:4:9
21:14:59.237744 [info ]: Started analyzing (1 nodes)
21:14:59.237762 [debug]: Started analyzing model main_bronze.br_dim_currency
21:14:59.238263 [debug]: Finished analyzing [  0.00s] model main_bronze.br_dim_currency [skipped]
21:14:59.238282 [info ]: Finished analyzing [  0.00s] (1 nodes, 1 skipped, 0 errors)
21:14:59.238291 [info ]:     Failed [  0.01s] model main_bronze.br_dim_currency (view)
21:14:59.241756 [info ]: Started scheduling
21:14:59.241839 [info ]: Finished scheduling [  0.00s]
21:14:59.243306 [info ]: Cached model count updated: 8 models (accurate)
21:14:59.243356 [debug]: Finished rendering [  0.02s] model main_bronze.br_dim_currency [error]
21:14:59.243368 [info ]: Finished rendering [  0.02s] (1 nodes, 0 skipped, 1 errors)
21:14:59.514830 [debug]: License check failed: Feature not licensed: 'lineage'
21:15:00.816220 [info ]: Started loading project
21:15:00.816995 [info ]: Loading ~/.dbt/profiles.yml
21:15:00.871780 [info ]: Cached model count updated: 8 models (estimate)
21:15:00.871802 [info ]: Cached model count updated: 8 models (accurate)
21:15:00.871840 [info ]: Started scheduling
21:15:00.871964 [info ]: Finished scheduling [  0.00s]
21:15:00.871983 [debug]: Compilation - 11 nodes selected: {"model.casino_games_models.br_dim_currency", "model.casino_games_models.br_dim_game", "model.casino_games_models.br_fact_activity", "model.casino_games_models.gl_activity", "model.casino_games_models.gl_game", "model.casino_games_models.slv_dim_currency", "model.casino_games_models.slv_dim_game", "model.casino_games_models.slv_fact_activity", "seed.casino_games_models.dim_currency", "seed.casino_games_models.dim_game", "seed.casino_games_models.fact_activity"}
21:15:00.874032 [debug]: License check failed: Feature not licensed: 'lineage'
21:15:00.875033 [info ]: Started building task graph
21:15:00.875146 [info ]: Finished building task graph [  0.00s]
21:15:00.875235 [info ]: Finished loading project [  0.06s]
21:15:00.885641 [error]: Arrow error: Csv error: incorrect number of fields for line 3, expected 1 got 2
21:15:01.377402 [info ]: Started rendering (11 nodes)
21:15:01.377431 [info ]: Started seed main.fact_activity
21:15:01.377443 [debug]: Started rendering seed main.fact_activity
21:15:01.377473 [info ]: Started seed main.dim_game
21:15:01.377481 [debug]: Started rendering seed main.dim_game
21:15:01.377490 [info ]: Started seed main.dim_currency
21:15:01.377495 [debug]: Started rendering seed main.dim_currency
21:15:01.377503 [info ]: Started model main_gold.gl_game
21:15:01.377714 [debug]: Started rendering model main_gold.gl_game
21:15:01.377738 [info ]: Started model main_silver.slv_dim_game
21:15:01.377749 [debug]: Started rendering model main_silver.slv_dim_game
21:15:01.377762 [info ]: Started model main_gold.gl_activity
21:15:01.377770 [debug]: Started rendering model main_gold.gl_activity
21:15:01.377779 [info ]: Started model main_silver.slv_fact_activity
21:15:01.377788 [debug]: Started rendering model main_silver.slv_fact_activity
21:15:01.377796 [info ]: Started model main_silver.slv_dim_currency
21:15:01.377802 [debug]: Started rendering model main_silver.slv_dim_currency
21:15:01.377810 [info ]: Started model main_bronze.br_fact_activity
21:15:01.377819 [debug]: Started rendering model main_bronze.br_fact_activity
21:15:01.377830 [info ]: Started model main_bronze.br_dim_game
21:15:01.377839 [debug]: Started rendering model main_bronze.br_dim_game
21:15:01.377867 [info ]: Started model main_bronze.br_dim_currency
21:15:01.377877 [debug]: Started rendering model main_bronze.br_dim_currency
21:15:01.377902 [debug]: Finished rendering [  0.00s] seed main.fact_activity [success]
21:15:01.377916 [info ]:  Succeeded [-------] seed  main.fact_activity (table)
21:15:01.377935 [debug]: Finished rendering [  0.00s] seed main.dim_game [error]
21:15:01.377943 [info ]:     Failed [-------] seed  main.dim_game (table)
21:15:01.377957 [debug]: Finished rendering [  0.00s] seed main.dim_currency [success]
21:15:01.377961 [info ]:  Succeeded [-------] seed  main.dim_currency (table)
21:15:01.378938 [debug]: Compiled SQL for node model.casino_games_models.slv_dim_game at target\.lsp\compiled\casino_games_models\models\silver\slv_dim_game.sql
21:15:01.379128 [debug]: Finished rendering [  0.00s] model main_silver.slv_dim_game [success]
21:15:01.379163 [info ]: Started analyzing (8 nodes)
21:15:01.379171 [debug]: Started analyzing model main_silver.slv_dim_game
21:15:01.379365 [debug]: Compiled SQL for node model.casino_games_models.gl_game at target\.lsp\compiled\casino_games_models\models\gold\gl_game.sql
21:15:01.379640 [debug]: Finished rendering [  0.00s] model main_gold.gl_game [success]
21:15:01.379675 [debug]: Started analyzing model main_gold.gl_game
21:15:01.379701 [debug]: Finished analyzing [  0.00s] model main_silver.slv_dim_game [success]
21:15:01.379720 [info ]:  Succeeded [  0.00s] model main_silver.slv_dim_game (view)
21:15:01.379967 [debug]: Finished analyzing [  0.00s] model main_gold.gl_game [success]
21:15:01.379990 [info ]:  Succeeded [  0.00s] model main_gold.gl_game (table)
21:15:01.380558 [debug]: Compiled SQL for node model.casino_games_models.slv_dim_currency at target\.lsp\compiled\casino_games_models\models\silver\slv_dim_currency.sql
21:15:01.380642 [debug]: Finished rendering [  0.00s] model main_silver.slv_dim_currency [success]
21:15:01.380666 [debug]: Started analyzing model main_silver.slv_dim_currency
21:15:01.381144 [debug]: Compiled SQL for node model.casino_games_models.br_dim_game at target\.lsp\compiled\casino_games_models\models\bronze\br_dim_game.sql
21:15:01.381194 [debug]: Finished analyzing [  0.00s] model main_silver.slv_dim_currency [success]
21:15:01.381218 [info ]:  Succeeded [  0.00s] model main_silver.slv_dim_currency (view)
21:15:01.381247 [debug]: Finished rendering [  0.00s] model main_bronze.br_dim_game [success]
21:15:01.381266 [debug]: Started analyzing model main_bronze.br_dim_game
21:15:01.381271 [debug]: Compiled SQL for node model.casino_games_models.gl_activity at target\.lsp\compiled\casino_games_models\models\gold\gl_activity.sql
21:15:01.381340 [debug]: Finished rendering [  0.00s] model main_gold.gl_activity [success]
21:15:01.381371 [debug]: Started analyzing model main_gold.gl_activity
21:15:01.381652 [error]: [JinjaError (dbt1501)]: Failed to render SQL not a key type: Source not found for source name: casino_games_models, table name: raw_dim_currency
(in models/bronze/br_dim_currency.sql:4:9)
  --> models/bronze/br_dim_currency.sql:4:9
21:15:01.381702 [debug]: Started analyzing model main_bronze.br_dim_currency
21:15:01.381721 [debug]: Finished analyzing [  0.00s] model main_bronze.br_dim_currency [skipped]
21:15:01.381748 [info ]:     Failed [  0.00s] model main_bronze.br_dim_currency (view)
21:15:01.381769 [debug]: Finished analyzing [  0.00s] model main_bronze.br_dim_game [success]
21:15:01.381778 [info ]:  Succeeded [  0.00s] model main_bronze.br_dim_game (view)
21:15:01.381809 [debug]: Finished rendering [  0.00s] model main_bronze.br_dim_currency [error]
21:15:01.382324 [debug]: Finished analyzing [  0.00s] model main_gold.gl_activity [success]
21:15:01.382341 [info ]:  Succeeded [  0.00s] model main_gold.gl_activity (table)
21:15:01.384012 [debug]: Compiled SQL for node model.casino_games_models.br_fact_activity at target\.lsp\compiled\casino_games_models\models\bronze\br_fact_activity.sql
21:15:01.384029 [debug]: Compiled SQL for node model.casino_games_models.slv_fact_activity at target\.lsp\compiled\casino_games_models\models\silver\slv_fact_activity.sql
21:15:01.384083 [debug]: Finished rendering [  0.01s] model main_bronze.br_fact_activity [success]
21:15:01.384106 [debug]: Started analyzing model main_bronze.br_fact_activity
21:15:01.384126 [debug]: Finished rendering [  0.01s] model main_silver.slv_fact_activity [success]
21:15:01.384141 [info ]: Finished rendering [  0.01s] (11 nodes, 0 skipped, 2 errors)
21:15:01.384149 [debug]: Started analyzing model main_silver.slv_fact_activity
21:15:01.384407 [debug]: Finished analyzing [  0.00s] model main_bronze.br_fact_activity [success]
21:15:01.384425 [info ]:  Succeeded [  0.01s] model main_bronze.br_fact_activity (view)
21:15:01.385284 [debug]: Finished analyzing [  0.00s] model main_silver.slv_fact_activity [success]
21:15:01.385300 [info ]: Finished analyzing [  0.01s] (8 nodes, 1 skipped, 0 errors)
21:15:01.385307 [info ]:  Succeeded [  0.01s] model main_silver.slv_fact_activity (view)
21:15:01.389818 [info ]: Started scheduling
21:15:01.389865 [info ]: Finished scheduling [  0.00s]
21:15:01.390296 [info ]: Cached model count updated: 8 models (accurate)
21:15:01.645037 [debug]: License check failed: Feature not licensed: 'lineage'
21:15:21.185483 [debug]: License check failed: Feature not licensed: 'lineage'
21:15:26.799071 [info ]: Started loading project
21:15:26.800695 [info ]: Loading ~/.dbt/profiles.yml
21:15:26.833579 [info ]: Started parsing
21:15:26.904181 [info ]: Finished loading project [  0.11s]
21:15:26.910070 [debug]: Finished parsing models/bronze/br_dim_currency.sql [  0.00s]
21:15:26.914605 [info ]: Finished parsing [  0.08s]
21:15:26.917172 [info ]: Cached model count updated: 8 models (estimate)
21:15:26.917191 [info ]: Cached model count updated: 8 models (accurate)
21:15:26.917227 [info ]: Started scheduling
21:15:26.917718 [info ]: Finished scheduling [  0.00s]
21:15:26.917754 [debug]: Compilation - 1 nodes selected: {"model.casino_games_models.br_dim_currency"}
21:15:26.919018 [debug]: License check failed: Feature not licensed: 'lineage'
21:15:26.919873 [info ]: Started building task graph
21:15:26.919916 [info ]: Finished building task graph [  0.00s]
21:15:26.922411 [info ]: Started rendering (1 nodes)
21:15:26.922439 [info ]: Started model main_bronze.br_dim_currency
21:15:26.922460 [debug]: Started rendering model main_bronze.br_dim_currency
21:15:26.927459 [debug]: Compiled SQL for node model.casino_games_models.br_dim_currency at target\.lsp\compiled\casino_games_models\models\bronze\br_dim_currency.sql
21:15:26.928070 [debug]: Finished rendering [  0.01s] model main_bronze.br_dim_currency [success]
21:15:26.928136 [info ]: Finished rendering [  0.01s] (1 nodes, 0 skipped, 0 errors)
21:15:26.928162 [info ]: Started analyzing (1 nodes)
21:15:26.928188 [debug]: Started analyzing model main_bronze.br_dim_currency
21:15:26.935638 [debug]: Finished analyzing [  0.01s] model main_bronze.br_dim_currency [success]
21:15:26.935664 [info ]: Finished analyzing [  0.01s] (1 nodes, 0 skipped, 0 errors)
21:15:26.935684 [info ]:  Succeeded [  0.01s] model main_bronze.br_dim_currency (view)
21:15:26.938193 [info ]: Started scheduling
21:15:26.938309 [info ]: Finished scheduling [  0.00s]
21:15:26.939180 [info ]: Cached model count updated: 8 models (accurate)
21:15:27.196440 [debug]: License check failed: Feature not licensed: 'lineage'
21:15:28.567609 [info ]: Started loading project
21:15:28.568196 [info ]: Loading ~/.dbt/profiles.yml
21:15:28.591517 [info ]: Cached model count updated: 8 models (estimate)
21:15:28.591538 [info ]: Cached model count updated: 8 models (accurate)
21:15:28.591573 [info ]: Started scheduling
21:15:28.591676 [info ]: Finished scheduling [  0.00s]
21:15:28.591695 [debug]: Compilation - 11 nodes selected: {"model.casino_games_models.br_dim_currency", "model.casino_games_models.br_dim_game", "model.casino_games_models.br_fact_activity", "model.casino_games_models.gl_activity", "model.casino_games_models.gl_game", "model.casino_games_models.slv_dim_currency", "model.casino_games_models.slv_dim_game", "model.casino_games_models.slv_fact_activity", "seed.casino_games_models.dim_currency", "seed.casino_games_models.dim_game", "seed.casino_games_models.fact_activity"}
21:15:28.592498 [debug]: License check failed: Feature not licensed: 'lineage'
21:15:28.593509 [info ]: Started building task graph
21:15:28.593580 [info ]: Finished building task graph [  0.00s]
21:15:28.593695 [info ]: Finished loading project [  0.03s]
21:15:28.604428 [error]: Arrow error: Csv error: incorrect number of fields for line 3, expected 1 got 2
21:15:29.074522 [info ]: Started rendering (11 nodes)
21:15:29.074556 [info ]: Started seed main.fact_activity
21:15:29.074566 [debug]: Started rendering seed main.fact_activity
21:15:29.074584 [info ]: Started seed main.dim_game
21:15:29.074603 [debug]: Started rendering seed main.dim_game
21:15:29.074612 [info ]: Started seed main.dim_currency
21:15:29.074626 [debug]: Started rendering seed main.dim_currency
21:15:29.074644 [info ]: Started model main_gold.gl_game
21:15:29.074681 [debug]: Started rendering model main_gold.gl_game
21:15:29.074692 [info ]: Started model main_silver.slv_dim_game
21:15:29.074696 [debug]: Started rendering model main_silver.slv_dim_game
21:15:29.074706 [info ]: Started model main_gold.gl_activity
21:15:29.074715 [debug]: Started rendering model main_gold.gl_activity
21:15:29.074741 [info ]: Started model main_silver.slv_fact_activity
21:15:29.074770 [debug]: Started rendering model main_silver.slv_fact_activity
21:15:29.074905 [info ]: Started model main_silver.slv_dim_currency
21:15:29.074924 [debug]: Started rendering model main_silver.slv_dim_currency
21:15:29.074949 [info ]: Started model main_bronze.br_fact_activity
21:15:29.075008 [debug]: Started rendering model main_bronze.br_fact_activity
21:15:29.075070 [info ]: Started model main_bronze.br_dim_game
21:15:29.075086 [debug]: Started rendering model main_bronze.br_dim_game
21:15:29.075096 [info ]: Started model main_bronze.br_dim_currency
21:15:29.075107 [debug]: Started rendering model main_bronze.br_dim_currency
21:15:29.075130 [debug]: Compiled SQL for node model.casino_games_models.gl_game at target\.lsp\compiled\casino_games_models\models\gold\gl_game.sql
21:15:29.075138 [debug]: Finished rendering [  0.00s] seed main.dim_game [error]
21:15:29.075153 [info ]:     Failed [-------] seed  main.dim_game (table)
21:15:29.075183 [debug]: Finished rendering [  0.00s] seed main.fact_activity [success]
21:15:29.075192 [info ]:  Succeeded [-------] seed  main.fact_activity (table)
21:15:29.075202 [debug]: Finished rendering [  0.00s] seed main.dim_currency [success]
21:15:29.075207 [info ]:  Succeeded [-------] seed  main.dim_currency (table)
21:15:29.075218 [debug]: Finished rendering [  0.00s] model main_gold.gl_game [success]
21:15:29.075232 [info ]: Started analyzing (8 nodes)
21:15:29.075242 [debug]: Started analyzing model main_gold.gl_game
21:15:29.075323 [debug]: Compiled SQL for node model.casino_games_models.gl_activity at target\.lsp\compiled\casino_games_models\models\gold\gl_activity.sql
21:15:29.075362 [debug]: Finished rendering [  0.00s] model main_gold.gl_activity [success]
21:15:29.075408 [debug]: Started analyzing model main_gold.gl_activity
21:15:29.075510 [debug]: Compiled SQL for node model.casino_games_models.slv_dim_game at target\.lsp\compiled\casino_games_models\models\silver\slv_dim_game.sql
21:15:29.075575 [debug]: Finished rendering [  0.00s] model main_silver.slv_dim_game [success]
21:15:29.075597 [debug]: Started analyzing model main_silver.slv_dim_game
21:15:29.075874 [debug]: Compiled SQL for node model.casino_games_models.br_dim_currency at target\.lsp\compiled\casino_games_models\models\bronze\br_dim_currency.sql
21:15:29.075910 [debug]: Compiled SQL for node model.casino_games_models.br_fact_activity at target\.lsp\compiled\casino_games_models\models\bronze\br_fact_activity.sql
21:15:29.075937 [debug]: Finished rendering [  0.00s] model main_bronze.br_dim_currency [success]
21:15:29.075963 [debug]: Started analyzing model main_bronze.br_dim_currency
21:15:29.075982 [debug]: Finished rendering [  0.00s] model main_bronze.br_fact_activity [success]
21:15:29.075993 [debug]: Started analyzing model main_bronze.br_fact_activity
21:15:29.076015 [debug]: Compiled SQL for node model.casino_games_models.br_dim_game at target\.lsp\compiled\casino_games_models\models\bronze\br_dim_game.sql
21:15:29.076018 [debug]: Compiled SQL for node model.casino_games_models.slv_fact_activity at target\.lsp\compiled\casino_games_models\models\silver\slv_fact_activity.sql
21:15:29.076125 [debug]: Finished rendering [  0.00s] model main_bronze.br_dim_game [success]
21:15:29.076148 [debug]: Started analyzing model main_bronze.br_dim_game
21:15:29.076160 [debug]: Finished rendering [  0.00s] model main_silver.slv_fact_activity [success]
21:15:29.076168 [debug]: Started analyzing model main_silver.slv_fact_activity
21:15:29.076348 [debug]: Compiled SQL for node model.casino_games_models.slv_dim_currency at target\.lsp\compiled\casino_games_models\models\silver\slv_dim_currency.sql
21:15:29.076535 [debug]: Finished rendering [  0.00s] model main_silver.slv_dim_currency [success]
21:15:29.076567 [info ]: Finished rendering [  0.00s] (11 nodes, 0 skipped, 1 errors)
21:15:29.076632 [debug]: Started analyzing model main_silver.slv_dim_currency
21:15:29.077084 [debug]: Finished analyzing [  0.00s] model main_gold.gl_game [success]
21:15:29.077137 [info ]:  Succeeded [  0.00s] model main_gold.gl_game (table)
21:15:29.078031 [debug]: Finished analyzing [  0.00s] model main_silver.slv_dim_currency [success]
21:15:29.078063 [info ]:  Succeeded [  0.00s] model main_silver.slv_dim_currency (view)
21:15:29.078098 [debug]: Finished analyzing [  0.00s] model main_bronze.br_fact_activity [success]
21:15:29.078113 [info ]:  Succeeded [  0.00s] model main_bronze.br_fact_activity (view)
21:15:29.078131 [debug]: Finished analyzing [  0.00s] model main_bronze.br_dim_game [success]
21:15:29.078144 [info ]:  Succeeded [  0.00s] model main_bronze.br_dim_game (view)
21:15:29.078158 [debug]: Finished analyzing [  0.00s] model main_silver.slv_fact_activity [success]
21:15:29.078166 [info ]:  Succeeded [  0.00s] model main_silver.slv_fact_activity (view)
21:15:29.078253 [debug]: Finished analyzing [  0.00s] model main_silver.slv_dim_game [success]
21:15:29.078288 [info ]:  Succeeded [  0.00s] model main_silver.slv_dim_game (view)
21:15:29.078317 [debug]: Finished analyzing [  0.00s] model main_bronze.br_dim_currency [success]
21:15:29.078331 [info ]:  Succeeded [  0.00s] model main_bronze.br_dim_currency (view)
21:15:29.080494 [debug]: Finished analyzing [  0.01s] model main_gold.gl_activity [success]
21:15:29.080532 [info ]: Finished analyzing [  0.01s] (8 nodes, 0 skipped, 0 errors)
21:15:29.080549 [info ]:  Succeeded [  0.01s] model main_gold.gl_activity (table)
21:15:29.085391 [info ]: Started scheduling
21:15:29.085482 [info ]: Finished scheduling [  0.00s]
21:15:29.086268 [info ]: Cached model count updated: 8 models (accurate)
21:15:29.346967 [debug]: License check failed: Feature not licensed: 'lineage'
21:15:35.665791 [debug]: License check failed: Feature not licensed: 'lineage'
21:15:37.024158 [debug]: License check failed: Feature not licensed: 'lineage'
21:15:54.006617 [info ]: Started loading project
21:15:54.016348 [info ]: Loading ~/.dbt/profiles.yml
21:15:54.076469 [info ]: Started parsing
21:15:54.142064 [info ]: Finished loading project [  0.14s]
21:15:54.151929 [debug]: Finished parsing models/bronze/br_dim_game.sql [  0.01s]
21:15:54.156839 [info ]: Finished parsing [  0.08s]
21:15:54.160754 [info ]: Cached model count updated: 8 models (estimate)
21:15:54.160770 [info ]: Cached model count updated: 8 models (accurate)
21:15:54.162178 [info ]: Started scheduling
21:15:54.163439 [info ]: Finished scheduling [  0.00s]
21:15:54.163462 [debug]: Compilation - 1 nodes selected: {"model.casino_games_models.br_dim_game"}
21:15:54.167559 [debug]: License check failed: Feature not licensed: 'lineage'
21:15:54.172762 [info ]: Started building task graph
21:15:54.174611 [info ]: Finished building task graph [  0.00s]
21:15:54.184465 [info ]: Started rendering (1 nodes)
21:15:54.184933 [info ]: Started model main_bronze.br_dim_game
21:15:54.185522 [debug]: Started rendering model main_bronze.br_dim_game
21:15:54.191232 [debug]: Compiled SQL for node model.casino_games_models.br_dim_game at target\.lsp\compiled\casino_games_models\models\bronze\br_dim_game.sql
21:15:54.191832 [debug]: Finished rendering [  0.01s] model main_bronze.br_dim_game [success]
21:15:54.192068 [info ]: Finished rendering [  0.01s] (1 nodes, 0 skipped, 0 errors)
21:15:54.192547 [info ]: Started analyzing (1 nodes)
21:15:54.192569 [debug]: Started analyzing model main_bronze.br_dim_game
21:15:54.198384 [debug]: Finished analyzing [  0.01s] model main_bronze.br_dim_game [success]
21:15:54.198409 [info ]: Finished analyzing [  0.01s] (1 nodes, 0 skipped, 0 errors)
21:15:54.198418 [info ]:  Succeeded [  0.01s] model main_bronze.br_dim_game (view)
21:15:54.203154 [info ]: Started scheduling
21:15:54.203240 [info ]: Finished scheduling [  0.00s]
21:15:54.205000 [info ]: Cached model count updated: 8 models (accurate)
21:15:54.456842 [debug]: License check failed: Feature not licensed: 'lineage'
21:15:55.784900 [debug]: License check failed: Feature not licensed: 'lineage'
21:15:55.809449 [info ]: Started loading project
21:15:55.811318 [info ]: Loading ~/.dbt/profiles.yml
21:15:55.842145 [info ]: Cached model count updated: 8 models (estimate)
21:15:55.842164 [info ]: Cached model count updated: 8 models (accurate)
21:15:55.842192 [info ]: Started scheduling
21:15:55.842443 [info ]: Finished scheduling [  0.00s]
21:15:55.842463 [debug]: Compilation - 11 nodes selected: {"model.casino_games_models.br_dim_currency", "model.casino_games_models.br_dim_game", "model.casino_games_models.br_fact_activity", "model.casino_games_models.gl_activity", "model.casino_games_models.gl_game", "model.casino_games_models.slv_dim_currency", "model.casino_games_models.slv_dim_game", "model.casino_games_models.slv_fact_activity", "seed.casino_games_models.dim_currency", "seed.casino_games_models.dim_game", "seed.casino_games_models.fact_activity"}
21:15:55.842965 [debug]: License check failed: Feature not licensed: 'lineage'
21:15:55.843462 [info ]: Started building task graph
21:15:55.843533 [info ]: Finished building task graph [  0.00s]
21:15:55.843873 [info ]: Finished loading project [  0.03s]
21:15:55.854652 [error]: Arrow error: Csv error: incorrect number of fields for line 3, expected 1 got 2
21:15:56.384666 [info ]: Started rendering (11 nodes)
21:15:56.384712 [info ]: Started seed main.fact_activity
21:15:56.384849 [debug]: Started rendering seed main.fact_activity
21:15:56.385081 [info ]: Started seed main.dim_game
21:15:56.385114 [debug]: Started rendering seed main.dim_game
21:15:56.385132 [info ]: Started seed main.dim_currency
21:15:56.385138 [debug]: Started rendering seed main.dim_currency
21:15:56.385163 [info ]: Started model main_gold.gl_game
21:15:56.385172 [debug]: Started rendering model main_gold.gl_game
21:15:56.385198 [info ]: Started model main_silver.slv_dim_game
21:15:56.385208 [debug]: Started rendering model main_silver.slv_dim_game
21:15:56.385218 [info ]: Started model main_gold.gl_activity
21:15:56.385223 [debug]: Started rendering model main_gold.gl_activity
21:15:56.385234 [info ]: Started model main_silver.slv_fact_activity
21:15:56.385240 [debug]: Started rendering model main_silver.slv_fact_activity
21:15:56.385744 [info ]: Started model main_silver.slv_dim_currency
21:15:56.385765 [debug]: Started rendering model main_silver.slv_dim_currency
21:15:56.385783 [info ]: Started model main_bronze.br_fact_activity
21:15:56.385814 [debug]: Started rendering model main_bronze.br_fact_activity
21:15:56.385824 [info ]: Started model main_bronze.br_dim_game
21:15:56.385830 [debug]: Started rendering model main_bronze.br_dim_game
21:15:56.385841 [info ]: Started model main_bronze.br_dim_currency
21:15:56.385846 [debug]: Started rendering model main_bronze.br_dim_currency
21:15:56.385899 [debug]: Finished rendering [  0.00s] seed main.fact_activity [success]
21:15:56.385930 [info ]:  Succeeded [  0.00s] seed  main.fact_activity (table)
21:15:56.385955 [debug]: Finished rendering [  0.00s] seed main.dim_game [error]
21:15:56.385961 [info ]:     Failed [-------] seed  main.dim_game (table)
21:15:56.385977 [debug]: Finished rendering [  0.00s] seed main.dim_currency [success]
21:15:56.385982 [info ]:  Succeeded [-------] seed  main.dim_currency (table)
21:15:56.387313 [debug]: Compiled SQL for node model.casino_games_models.br_fact_activity at target\.lsp\compiled\casino_games_models\models\bronze\br_fact_activity.sql
21:15:56.387449 [debug]: Compiled SQL for node model.casino_games_models.br_dim_game at target\.lsp\compiled\casino_games_models\models\bronze\br_dim_game.sql
21:15:56.387780 [debug]: Compiled SQL for node model.casino_games_models.gl_game at target\.lsp\compiled\casino_games_models\models\gold\gl_game.sql
21:15:56.387787 [debug]: Compiled SQL for node model.casino_games_models.slv_fact_activity at target\.lsp\compiled\casino_games_models\models\silver\slv_fact_activity.sql
21:15:56.388093 [debug]: Finished rendering [  0.00s] model main_bronze.br_dim_game [success]
21:15:56.388184 [info ]: Started analyzing (8 nodes)
21:15:56.388235 [debug]: Started analyzing model main_bronze.br_dim_game
21:15:56.388580 [debug]: Compiled SQL for node model.casino_games_models.br_dim_currency at target\.lsp\compiled\casino_games_models\models\bronze\br_dim_currency.sql
21:15:56.388730 [debug]: Finished rendering [  0.00s] model main_bronze.br_fact_activity [success]
21:15:56.389061 [debug]: Started analyzing model main_bronze.br_fact_activity
21:15:56.389117 [debug]: Finished rendering [  0.00s] model main_gold.gl_game [success]
21:15:56.389147 [debug]: Started analyzing model main_gold.gl_game
21:15:56.389351 [debug]: Finished rendering [  0.00s] model main_silver.slv_fact_activity [success]
21:15:56.389378 [debug]: Started analyzing model main_silver.slv_fact_activity
21:15:56.389408 [debug]: Finished rendering [  0.00s] model main_bronze.br_dim_currency [success]
21:15:56.389433 [debug]: Started analyzing model main_bronze.br_dim_currency
21:15:56.389532 [debug]: Compiled SQL for node model.casino_games_models.slv_dim_currency at target\.lsp\compiled\casino_games_models\models\silver\slv_dim_currency.sql
21:15:56.389655 [debug]: Compiled SQL for node model.casino_games_models.gl_activity at target\.lsp\compiled\casino_games_models\models\gold\gl_activity.sql
21:15:56.389869 [debug]: Finished analyzing [  0.00s] model main_bronze.br_dim_game [success]
21:15:56.389899 [info ]:  Succeeded [  0.00s] model main_bronze.br_dim_game (view)
21:15:56.389931 [debug]: Finished rendering [  0.00s] model main_silver.slv_dim_currency [success]
21:15:56.389957 [debug]: Started analyzing model main_silver.slv_dim_currency
21:15:56.389984 [debug]: Finished rendering [  0.00s] model main_gold.gl_activity [success]
21:15:56.389996 [debug]: Compiled SQL for node model.casino_games_models.slv_dim_game at target\.lsp\compiled\casino_games_models\models\silver\slv_dim_game.sql
21:15:56.389999 [debug]: Started analyzing model main_gold.gl_activity
21:15:56.390134 [debug]: Finished rendering [  0.00s] model main_silver.slv_dim_game [success]
21:15:56.390158 [info ]: Finished rendering [  0.01s] (11 nodes, 0 skipped, 1 errors)
21:15:56.390206 [debug]: Started analyzing model main_silver.slv_dim_game
21:15:56.390404 [debug]: Finished analyzing [  0.00s] model main_gold.gl_game [success]
21:15:56.390435 [info ]:  Succeeded [  0.00s] model main_gold.gl_game (table)
21:15:56.390841 [debug]: Finished analyzing [  0.00s] model main_silver.slv_dim_currency [success]
21:15:56.390865 [info ]:  Succeeded [  0.00s] model main_silver.slv_dim_currency (view)
21:15:56.391155 [debug]: Finished analyzing [  0.00s] model main_bronze.br_dim_currency [success]
21:15:56.391175 [info ]:  Succeeded [  0.00s] model main_bronze.br_dim_currency (view)
21:15:56.391196 [debug]: Finished analyzing [  0.00s] model main_silver.slv_fact_activity [success]
21:15:56.391203 [info ]:  Succeeded [  0.01s] model main_silver.slv_fact_activity (view)
21:15:56.391241 [debug]: Finished analyzing [  0.00s] model main_bronze.br_fact_activity [success]
21:15:56.391251 [info ]:  Succeeded [  0.00s] model main_bronze.br_fact_activity (view)
21:15:56.392254 [debug]: Finished analyzing [  0.00s] model main_silver.slv_dim_game [success]
21:15:56.392274 [info ]:  Succeeded [  0.01s] model main_silver.slv_dim_game (view)
21:15:56.394498 [debug]: Finished analyzing [  0.00s] model main_gold.gl_activity [success]
21:15:56.394525 [info ]: Finished analyzing [  0.01s] (8 nodes, 0 skipped, 0 errors)
21:15:56.394538 [info ]:  Succeeded [  0.01s] model main_gold.gl_activity (table)
21:15:56.399161 [info ]: Started scheduling
21:15:56.399467 [info ]: Finished scheduling [  0.00s]
21:15:56.399954 [info ]: Cached model count updated: 8 models (accurate)
21:15:56.653164 [debug]: License check failed: Feature not licensed: 'lineage'
21:16:03.187577 [info ]: Started loading project
21:16:03.188395 [info ]: Loading ~/.dbt/profiles.yml
21:16:03.204596 [info ]: Started parsing
21:16:03.265283 [info ]: Finished loading project [  0.08s]
21:16:03.268056 [debug]: Finished parsing models/bronze/br_fact_activity.sql [  0.00s]
21:16:03.270582 [info ]: Finished parsing [  0.07s]
21:16:03.272162 [info ]: Cached model count updated: 8 models (estimate)
21:16:03.272178 [info ]: Cached model count updated: 8 models (accurate)
21:16:03.272210 [info ]: Started scheduling
21:16:03.272290 [info ]: Finished scheduling [  0.00s]
21:16:03.272301 [debug]: Compilation - 1 nodes selected: {"model.casino_games_models.br_fact_activity"}
21:16:03.272758 [debug]: License check failed: Feature not licensed: 'lineage'
21:16:03.273244 [info ]: Started building task graph
21:16:03.273282 [info ]: Finished building task graph [  0.00s]
21:16:03.276024 [info ]: Started rendering (1 nodes)
21:16:03.276046 [info ]: Started model main_bronze.br_fact_activity
21:16:03.276068 [debug]: Started rendering model main_bronze.br_fact_activity
21:16:03.279957 [debug]: Compiled SQL for node model.casino_games_models.br_fact_activity at target\.lsp\compiled\casino_games_models\models\bronze\br_fact_activity.sql
21:16:03.280143 [debug]: Finished rendering [  0.00s] model main_bronze.br_fact_activity [success]
21:16:03.280168 [info ]: Finished rendering [  0.00s] (1 nodes, 0 skipped, 0 errors)
21:16:03.280191 [info ]: Started analyzing (1 nodes)
21:16:03.280199 [debug]: Started analyzing model main_bronze.br_fact_activity
21:16:03.280509 [debug]: Finished analyzing [  0.00s] model main_bronze.br_fact_activity [success]
21:16:03.280529 [info ]: Finished analyzing [  0.00s] (1 nodes, 0 skipped, 0 errors)
21:16:03.280539 [info ]:  Succeeded [  0.00s] model main_bronze.br_fact_activity (view)
21:16:03.283187 [info ]: Started scheduling
21:16:03.283300 [info ]: Finished scheduling [  0.00s]
21:16:03.283996 [info ]: Cached model count updated: 8 models (accurate)
21:16:03.545730 [debug]: License check failed: Feature not licensed: 'lineage'
21:16:04.031401 [info ]: Started loading project
21:16:04.032194 [info ]: Loading ~/.dbt/profiles.yml
21:16:04.041055 [info ]: Started parsing
21:16:04.098548 [info ]: Finished loading project [  0.07s]
21:16:04.100136 [debug]: Finished parsing models/bronze/br_fact_activity.sql [  0.00s]
21:16:04.102568 [info ]: Finished parsing [  0.06s]
21:16:04.104206 [info ]: Cached model count updated: 8 models (estimate)
21:16:04.104220 [info ]: Cached model count updated: 8 models (accurate)
21:16:04.104244 [info ]: Started scheduling
21:16:04.104309 [info ]: Finished scheduling [  0.00s]
21:16:04.104320 [debug]: Compilation - 1 nodes selected: {"model.casino_games_models.br_fact_activity"}
21:16:04.104924 [debug]: License check failed: Feature not licensed: 'lineage'
21:16:04.105352 [info ]: Started building task graph
21:16:04.105380 [info ]: Finished building task graph [  0.00s]
21:16:04.107220 [info ]: Started rendering (1 nodes)
21:16:04.107240 [info ]: Started model main_bronze.br_fact_activity
21:16:04.107249 [debug]: Started rendering model main_bronze.br_fact_activity
21:16:04.108461 [debug]: Compiled SQL for node model.casino_games_models.br_fact_activity at target\.lsp\compiled\casino_games_models\models\bronze\br_fact_activity.sql
21:16:04.108547 [debug]: Finished rendering [  0.00s] model main_bronze.br_fact_activity [success]
21:16:04.108564 [info ]: Finished rendering [  0.00s] (1 nodes, 0 skipped, 0 errors)
21:16:04.108577 [info ]: Started analyzing (1 nodes)
21:16:04.108583 [debug]: Started analyzing model main_bronze.br_fact_activity
21:16:04.109315 [debug]: Finished analyzing [  0.00s] model main_bronze.br_fact_activity [success]
21:16:04.109336 [info ]: Finished analyzing [  0.00s] (1 nodes, 0 skipped, 0 errors)
21:16:04.109353 [info ]:  Succeeded [  0.00s] model main_bronze.br_fact_activity (view)
21:16:04.111367 [info ]: Started scheduling
21:16:04.111539 [info ]: Finished scheduling [  0.00s]
21:16:04.112566 [info ]: Cached model count updated: 8 models (accurate)
21:16:04.366816 [debug]: License check failed: Feature not licensed: 'lineage'
21:16:05.720896 [info ]: Started loading project
21:16:05.721811 [info ]: Loading ~/.dbt/profiles.yml
21:16:05.761411 [info ]: Cached model count updated: 8 models (estimate)
21:16:05.761434 [info ]: Cached model count updated: 8 models (accurate)
21:16:05.761458 [info ]: Started scheduling
21:16:05.761545 [info ]: Finished scheduling [  0.00s]
21:16:05.761561 [debug]: Compilation - 11 nodes selected: {"model.casino_games_models.br_dim_currency", "model.casino_games_models.br_dim_game", "model.casino_games_models.br_fact_activity", "model.casino_games_models.gl_activity", "model.casino_games_models.gl_game", "model.casino_games_models.slv_dim_currency", "model.casino_games_models.slv_dim_game", "model.casino_games_models.slv_fact_activity", "seed.casino_games_models.dim_currency", "seed.casino_games_models.dim_game", "seed.casino_games_models.fact_activity"}
21:16:05.763260 [debug]: License check failed: Feature not licensed: 'lineage'
21:16:05.764744 [info ]: Started building task graph
21:16:05.764822 [info ]: Finished building task graph [  0.00s]
21:16:05.764874 [info ]: Finished loading project [  0.04s]
21:16:05.774788 [error]: Arrow error: Csv error: incorrect number of fields for line 3, expected 1 got 2
21:16:06.226427 [info ]: Started rendering (11 nodes)
21:16:06.226454 [info ]: Started seed main.fact_activity
21:16:06.226463 [debug]: Started rendering seed main.fact_activity
21:16:06.226480 [info ]: Started seed main.dim_game
21:16:06.226486 [debug]: Started rendering seed main.dim_game
21:16:06.226492 [info ]: Started seed main.dim_currency
21:16:06.226496 [debug]: Started rendering seed main.dim_currency
21:16:06.226503 [info ]: Started model main_gold.gl_game
21:16:06.226658 [debug]: Started rendering model main_gold.gl_game
21:16:06.226683 [info ]: Started model main_silver.slv_dim_game
21:16:06.226692 [debug]: Started rendering model main_silver.slv_dim_game
21:16:06.226715 [info ]: Started model main_gold.gl_activity
21:16:06.226723 [debug]: Started rendering model main_gold.gl_activity
21:16:06.226733 [info ]: Started model main_silver.slv_fact_activity
21:16:06.226737 [debug]: Started rendering model main_silver.slv_fact_activity
21:16:06.226743 [info ]: Started model main_silver.slv_dim_currency
21:16:06.226749 [debug]: Started rendering model main_silver.slv_dim_currency
21:16:06.226758 [info ]: Started model main_bronze.br_fact_activity
21:16:06.226764 [debug]: Started rendering model main_bronze.br_fact_activity
21:16:06.226771 [info ]: Started model main_bronze.br_dim_game
21:16:06.226774 [debug]: Started rendering model main_bronze.br_dim_game
21:16:06.226780 [info ]: Started model main_bronze.br_dim_currency
21:16:06.226785 [debug]: Started rendering model main_bronze.br_dim_currency
21:16:06.226801 [debug]: Finished rendering [  0.00s] seed main.fact_activity [success]
21:16:06.226812 [info ]:  Succeeded [-------] seed  main.fact_activity (table)
21:16:06.226829 [debug]: Finished rendering [  0.00s] seed main.dim_game [error]
21:16:06.226833 [info ]:     Failed [-------] seed  main.dim_game (table)
21:16:06.226843 [debug]: Finished rendering [  0.00s] seed main.dim_currency [success]
21:16:06.226846 [info ]:  Succeeded [-------] seed  main.dim_currency (table)
21:16:06.227004 [debug]: Compiled SQL for node model.casino_games_models.gl_activity at target\.lsp\compiled\casino_games_models\models\gold\gl_activity.sql
21:16:06.227004 [debug]: Compiled SQL for node model.casino_games_models.slv_dim_game at target\.lsp\compiled\casino_games_models\models\silver\slv_dim_game.sql
21:16:06.227007 [debug]: Compiled SQL for node model.casino_games_models.gl_game at target\.lsp\compiled\casino_games_models\models\gold\gl_game.sql
21:16:06.227072 [debug]: Finished rendering [  0.00s] model main_gold.gl_game [success]
21:16:06.227106 [info ]: Started analyzing (8 nodes)
21:16:06.227124 [debug]: Started analyzing model main_gold.gl_game
21:16:06.227132 [debug]: Compiled SQL for node model.casino_games_models.slv_dim_currency at target\.lsp\compiled\casino_games_models\models\silver\slv_dim_currency.sql
21:16:06.227149 [debug]: Finished rendering [  0.00s] model main_silver.slv_dim_game [success]
21:16:06.227162 [debug]: Started analyzing model main_silver.slv_dim_game
21:16:06.227185 [debug]: Finished rendering [  0.00s] model main_gold.gl_activity [success]
21:16:06.227196 [debug]: Started analyzing model main_gold.gl_activity
21:16:06.227217 [debug]: Finished rendering [  0.00s] model main_silver.slv_dim_currency [success]
21:16:06.227229 [debug]: Started analyzing model main_silver.slv_dim_currency
21:16:06.227316 [debug]: Compiled SQL for node model.casino_games_models.br_dim_game at target\.lsp\compiled\casino_games_models\models\bronze\br_dim_game.sql
21:16:06.227346 [debug]: Finished analyzing [  0.00s] model main_gold.gl_game [success]
21:16:06.227367 [info ]:  Succeeded [-------] model main_gold.gl_game (table)
21:16:06.227386 [debug]: Finished rendering [  0.00s] model main_bronze.br_dim_game [success]
21:16:06.227397 [debug]: Started analyzing model main_bronze.br_dim_game
21:16:06.227476 [debug]: Finished analyzing [  0.00s] model main_silver.slv_dim_game [success]
21:16:06.227510 [info ]:  Succeeded [-------] model main_silver.slv_dim_game (view)
21:16:06.227527 [debug]: Finished analyzing [  0.00s] model main_bronze.br_dim_game [success]
21:16:06.227533 [info ]:  Succeeded [-------] model main_bronze.br_dim_game (view)
21:16:06.227333 [debug]: Compiled SQL for node model.casino_games_models.br_fact_activity at target\.lsp\compiled\casino_games_models\models\bronze\br_fact_activity.sql
21:16:06.227602 [debug]: Finished rendering [  0.00s] model main_bronze.br_fact_activity [success]
21:16:06.227615 [debug]: Started analyzing model main_bronze.br_fact_activity
21:16:06.227677 [debug]: Finished analyzing [  0.00s] model main_silver.slv_dim_currency [success]
21:16:06.227701 [info ]:  Succeeded [-------] model main_silver.slv_dim_currency (view)
21:16:06.227844 [debug]: Finished analyzing [  0.00s] model main_bronze.br_fact_activity [success]
21:16:06.227859 [info ]:  Succeeded [-------] model main_bronze.br_fact_activity (view)
21:16:06.228235 [debug]: Finished analyzing [  0.00s] model main_gold.gl_activity [success]
21:16:06.228251 [info ]:  Succeeded [  0.00s] model main_gold.gl_activity (table)
21:16:06.228458 [debug]: Compiled SQL for node model.casino_games_models.slv_fact_activity at target\.lsp\compiled\casino_games_models\models\silver\slv_fact_activity.sql
21:16:06.228507 [debug]: Finished rendering [  0.00s] model main_silver.slv_fact_activity [success]
21:16:06.228525 [debug]: Started analyzing model main_silver.slv_fact_activity
21:16:06.229256 [debug]: Compiled SQL for node model.casino_games_models.br_dim_currency at target\.lsp\compiled\casino_games_models\models\bronze\br_dim_currency.sql
21:16:06.229334 [debug]: Finished rendering [  0.00s] model main_bronze.br_dim_currency [success]
21:16:06.229355 [info ]: Finished rendering [  0.00s] (11 nodes, 0 skipped, 1 errors)
21:16:06.229375 [debug]: Started analyzing model main_bronze.br_dim_currency
21:16:06.229545 [debug]: Finished analyzing [  0.00s] model main_silver.slv_fact_activity [success]
21:16:06.229570 [info ]:  Succeeded [  0.00s] model main_silver.slv_fact_activity (view)
21:16:06.229596 [debug]: Finished analyzing [  0.00s] model main_bronze.br_dim_currency [success]
21:16:06.229605 [info ]: Finished analyzing [  0.00s] (8 nodes, 0 skipped, 0 errors)
21:16:06.229614 [info ]:  Succeeded [  0.00s] model main_bronze.br_dim_currency (view)
21:16:06.233413 [info ]: Started scheduling
21:16:06.233483 [info ]: Finished scheduling [  0.00s]
21:16:06.233944 [info ]: Cached model count updated: 8 models (accurate)
21:16:06.499311 [debug]: License check failed: Feature not licensed: 'lineage'
21:16:39.667566 [debug]: License check failed: Feature not licensed: 'lineage'
21:17:03.838329 [debug]: License check failed: Feature not licensed: 'lineage'
21:17:11.002100 [info ]: Started loading project
21:17:11.002902 [info ]: Loading ~/.dbt/profiles.yml
21:17:11.022483 [info ]: Started parsing
21:17:11.093715 [info ]: Finished loading project [  0.09s]
21:17:11.099654 [debug]: Finished parsing models/silver/slv_dim_currency.sql [  0.00s]
21:17:11.104239 [info ]: Finished parsing [  0.08s]
21:17:11.106953 [info ]: Cached model count updated: 8 models (estimate)
21:17:11.106970 [info ]: Cached model count updated: 8 models (accurate)
21:17:11.107006 [info ]: Started scheduling
21:17:11.107102 [info ]: Finished scheduling [  0.00s]
21:17:11.107118 [debug]: Compilation - 2 nodes selected: {"model.casino_games_models.br_dim_currency", "model.casino_games_models.slv_dim_currency"}
21:17:11.107969 [debug]: License check failed: Feature not licensed: 'lineage'
21:17:11.108612 [info ]: Started building task graph
21:17:11.108661 [info ]: Finished building task graph [  0.00s]
21:17:11.111120 [info ]: Started rendering (2 nodes)
21:17:11.111141 [info ]: Started model main_silver.slv_dim_currency
21:17:11.111149 [debug]: Started rendering model main_silver.slv_dim_currency
21:17:11.111171 [info ]: Started model main_bronze.br_dim_currency
21:17:11.111270 [debug]: Started rendering model main_bronze.br_dim_currency
21:17:11.112320 [debug]: Compiled SQL for node model.casino_games_models.br_dim_currency at target\.lsp\compiled\casino_games_models\models\bronze\br_dim_currency.sql
21:17:11.112426 [debug]: Finished rendering [  0.00s] model main_bronze.br_dim_currency [success]
21:17:11.112475 [info ]: Started analyzing (2 nodes)
21:17:11.112519 [debug]: Started analyzing model main_bronze.br_dim_currency
21:17:11.113431 [debug]: Finished analyzing [  0.00s] model main_bronze.br_dim_currency [success]
21:17:11.113469 [info ]:  Succeeded [  0.00s] model main_bronze.br_dim_currency (view)
21:17:11.114778 [debug]: Compiled SQL for node model.casino_games_models.slv_dim_currency at target\.lsp\compiled\casino_games_models\models\silver\slv_dim_currency.sql
21:17:11.114898 [debug]: Finished rendering [  0.00s] model main_silver.slv_dim_currency [success]
21:17:11.114925 [info ]: Finished rendering [  0.00s] (2 nodes, 0 skipped, 0 errors)
21:17:11.114945 [debug]: Started analyzing model main_silver.slv_dim_currency
21:17:11.120280 [debug]: Finished analyzing [  0.01s] model main_silver.slv_dim_currency [success]
21:17:11.120299 [info ]: Finished analyzing [  0.01s] (2 nodes, 0 skipped, 0 errors)
21:17:11.120306 [info ]:  Succeeded [  0.01s] model main_silver.slv_dim_currency (view)
21:17:11.122909 [info ]: Started scheduling
21:17:11.122999 [info ]: Finished scheduling [  0.00s]
21:17:11.123759 [info ]: Cached model count updated: 8 models (accurate)
21:17:11.376199 [debug]: License check failed: Feature not licensed: 'lineage'
21:17:12.784163 [info ]: Started loading project
21:17:12.785261 [info ]: Loading ~/.dbt/profiles.yml
21:17:12.819356 [info ]: Cached model count updated: 8 models (estimate)
21:17:12.819389 [info ]: Cached model count updated: 8 models (accurate)
21:17:12.819444 [info ]: Started scheduling
21:17:12.819637 [info ]: Finished scheduling [  0.00s]
21:17:12.819664 [debug]: Compilation - 11 nodes selected: {"model.casino_games_models.br_dim_currency", "model.casino_games_models.br_dim_game", "model.casino_games_models.br_fact_activity", "model.casino_games_models.gl_activity", "model.casino_games_models.gl_game", "model.casino_games_models.slv_dim_currency", "model.casino_games_models.slv_dim_game", "model.casino_games_models.slv_fact_activity", "seed.casino_games_models.dim_currency", "seed.casino_games_models.dim_game", "seed.casino_games_models.fact_activity"}
21:17:12.820619 [debug]: License check failed: Feature not licensed: 'lineage'
21:17:12.822328 [info ]: Started building task graph
21:17:12.822733 [info ]: Finished building task graph [  0.00s]
21:17:12.822939 [info ]: Finished loading project [  0.04s]
21:17:12.835436 [error]: Arrow error: Csv error: incorrect number of fields for line 3, expected 1 got 2
21:17:13.083596 [debug]: License check failed: Feature not licensed: 'lineage'
21:17:13.414855 [info ]: Started rendering (11 nodes)
21:17:13.414921 [info ]: Started seed main.fact_activity
21:17:13.415334 [debug]: Started rendering seed main.fact_activity
21:17:13.415382 [info ]: Started seed main.dim_game
21:17:13.415399 [debug]: Started rendering seed main.dim_game
21:17:13.415415 [info ]: Started seed main.dim_currency
21:17:13.415422 [debug]: Started rendering seed main.dim_currency
21:17:13.415433 [info ]: Started model main_gold.gl_game
21:17:13.415446 [debug]: Started rendering model main_gold.gl_game
21:17:13.415457 [info ]: Started model main_silver.slv_dim_game
21:17:13.415463 [debug]: Started rendering model main_silver.slv_dim_game
21:17:13.415474 [info ]: Started model main_gold.gl_activity
21:17:13.415478 [debug]: Started rendering model main_gold.gl_activity
21:17:13.415492 [info ]: Started model main_silver.slv_fact_activity
21:17:13.415501 [debug]: Started rendering model main_silver.slv_fact_activity
21:17:13.415509 [info ]: Started model main_silver.slv_dim_currency
21:17:13.415513 [debug]: Started rendering model main_silver.slv_dim_currency
21:17:13.415522 [info ]: Started model main_bronze.br_fact_activity
21:17:13.415527 [debug]: Started rendering model main_bronze.br_fact_activity
21:17:13.415536 [info ]: Started model main_bronze.br_dim_game
21:17:13.415542 [debug]: Started rendering model main_bronze.br_dim_game
21:17:13.415550 [info ]: Started model main_bronze.br_dim_currency
21:17:13.415555 [debug]: Started rendering model main_bronze.br_dim_currency
21:17:13.415582 [debug]: Finished rendering [  0.00s] seed main.fact_activity [success]
21:17:13.415599 [info ]:  Succeeded [-------] seed  main.fact_activity (table)
21:17:13.415614 [debug]: Finished rendering [  0.00s] seed main.dim_game [error]
21:17:13.415618 [info ]:     Failed [-------] seed  main.dim_game (table)
21:17:13.415637 [debug]: Finished rendering [  0.00s] seed main.dim_currency [success]
21:17:13.415640 [info ]:  Succeeded [-------] seed  main.dim_currency (table)
21:17:13.415957 [debug]: Compiled SQL for node model.casino_games_models.gl_game at target\.lsp\compiled\casino_games_models\models\gold\gl_game.sql
21:17:13.416038 [debug]: Finished rendering [  0.00s] model main_gold.gl_game [success]
21:17:13.416079 [info ]: Started analyzing (8 nodes)
21:17:13.416099 [debug]: Started analyzing model main_gold.gl_game
21:17:13.416329 [debug]: Compiled SQL for node model.casino_games_models.slv_dim_game at target\.lsp\compiled\casino_games_models\models\silver\slv_dim_game.sql
21:17:13.416413 [debug]: Finished rendering [  0.00s] model main_silver.slv_dim_game [success]
21:17:13.416461 [debug]: Started analyzing model main_silver.slv_dim_game
21:17:13.416726 [debug]: Compiled SQL for node model.casino_games_models.gl_activity at target\.lsp\compiled\casino_games_models\models\gold\gl_activity.sql
21:17:13.416771 [debug]: Compiled SQL for node model.casino_games_models.br_fact_activity at target\.lsp\compiled\casino_games_models\models\bronze\br_fact_activity.sql
21:17:13.416792 [debug]: Finished analyzing [  0.00s] model main_gold.gl_game [success]
21:17:13.416808 [info ]:  Succeeded [-------] model main_gold.gl_game (table)
21:17:13.416828 [debug]: Finished rendering [  0.00s] model main_gold.gl_activity [success]
21:17:13.416840 [debug]: Started analyzing model main_gold.gl_activity
21:17:13.416860 [debug]: Finished rendering [  0.00s] model main_bronze.br_fact_activity [success]
21:17:13.416870 [debug]: Started analyzing model main_bronze.br_fact_activity
21:17:13.416970 [debug]: Finished analyzing [  0.00s] model main_bronze.br_fact_activity [success]
21:17:13.416981 [info ]:  Succeeded [  0.00s] model main_bronze.br_fact_activity (view)
21:17:13.416990 [debug]: Compiled SQL for node model.casino_games_models.slv_fact_activity at target\.lsp\compiled\casino_games_models\models\silver\slv_fact_activity.sql
21:17:13.417066 [debug]: Compiled SQL for node model.casino_games_models.br_dim_currency at target\.lsp\compiled\casino_games_models\models\bronze\br_dim_currency.sql
21:17:13.417077 [debug]: Finished rendering [  0.00s] model main_silver.slv_fact_activity [success]
21:17:13.417099 [debug]: Started analyzing model main_silver.slv_fact_activity
21:17:13.417160 [debug]: Finished rendering [  0.00s] model main_bronze.br_dim_currency [success]
21:17:13.417212 [debug]: Started analyzing model main_bronze.br_dim_currency
21:17:13.417265 [debug]: Compiled SQL for node model.casino_games_models.slv_dim_currency at target\.lsp\compiled\casino_games_models\models\silver\slv_dim_currency.sql
21:17:13.417358 [debug]: Finished rendering [  0.00s] model main_silver.slv_dim_currency [success]
21:17:13.417400 [debug]: Started analyzing model main_silver.slv_dim_currency
21:17:13.417692 [debug]: Finished analyzing [  0.00s] model main_silver.slv_fact_activity [success]
21:17:13.417712 [info ]:  Succeeded [  0.00s] model main_silver.slv_fact_activity (view)
21:17:13.417904 [debug]: Finished analyzing [  0.00s] model main_bronze.br_dim_currency [success]
21:17:13.417920 [info ]:  Succeeded [  0.00s] model main_bronze.br_dim_currency (view)
21:17:13.418029 [debug]: Compiled SQL for node model.casino_games_models.br_dim_game at target\.lsp\compiled\casino_games_models\models\bronze\br_dim_game.sql
21:17:13.418085 [debug]: Finished rendering [  0.00s] model main_bronze.br_dim_game [success]
21:17:13.418098 [info ]: Finished rendering [  0.00s] (11 nodes, 0 skipped, 1 errors)
21:17:13.418115 [debug]: Started analyzing model main_bronze.br_dim_game
21:17:13.418228 [debug]: Finished analyzing [  0.00s] model main_bronze.br_dim_game [success]
21:17:13.418239 [info ]:  Succeeded [  0.00s] model main_bronze.br_dim_game (view)
21:17:13.418398 [debug]: Finished analyzing [  0.00s] model main_silver.slv_dim_currency [success]
21:17:13.418436 [info ]:  Succeeded [  0.00s] model main_silver.slv_dim_currency (view)
21:17:13.419837 [debug]: Finished analyzing [  0.00s] model main_silver.slv_dim_game [success]
21:17:13.419861 [info ]:  Succeeded [  0.00s] model main_silver.slv_dim_game (view)
21:17:13.421599 [debug]: Finished analyzing [  0.00s] model main_gold.gl_activity [success]
21:17:13.421620 [info ]: Finished analyzing [  0.01s] (8 nodes, 0 skipped, 0 errors)
21:17:13.421628 [info ]:  Succeeded [  0.01s] model main_gold.gl_activity (table)
21:17:13.424616 [info ]: Started scheduling
21:17:13.424682 [info ]: Finished scheduling [  0.00s]
21:17:13.425110 [info ]: Cached model count updated: 8 models (accurate)
21:17:13.677696 [debug]: License check failed: Feature not licensed: 'lineage'
21:17:23.455371 [debug]: License check failed: Feature not licensed: 'lineage'
21:18:07.157249 [info ]: Started loading project
21:18:07.159811 [info ]: Loading ~/.dbt/profiles.yml
21:18:07.222396 [info ]: Started parsing
21:18:07.319564 [info ]: Finished loading project [  0.16s]
21:18:07.333732 [debug]: Finished parsing models/schema.yml [  0.01s]
21:18:07.346792 [debug]: Finished parsing models/silver/slv_dim_game.sql [  0.00s]
21:18:07.349395 [debug]: Finished parsing models/silver/slv_fact_activity.sql [  0.00s]
21:18:07.355377 [info ]: Finished parsing [  0.13s]
21:18:07.357220 [info ]: Cached model count updated: 8 models (estimate)
21:18:07.357239 [info ]: Cached model count updated: 8 models (accurate)
21:18:07.357293 [info ]: Started scheduling
21:18:07.357455 [info ]: Finished scheduling [  0.00s]
21:18:07.357471 [debug]: Compilation - 2 nodes selected: {"model.casino_games_models.br_dim_game", "model.casino_games_models.slv_dim_game"}
21:18:07.358111 [debug]: License check failed: Feature not licensed: 'lineage'
21:18:07.358811 [info ]: Started building task graph
21:18:07.358889 [info ]: Finished building task graph [  0.00s]
21:18:07.362596 [info ]: Started rendering (2 nodes)
21:18:07.362635 [info ]: Started model main_silver.slv_dim_game
21:18:07.362654 [debug]: Started rendering model main_silver.slv_dim_game
21:18:07.362680 [info ]: Started model main_bronze.br_dim_game
21:18:07.362687 [debug]: Started rendering model main_bronze.br_dim_game
21:18:07.363859 [debug]: Compiled SQL for node model.casino_games_models.br_dim_game at target\.lsp\compiled\casino_games_models\models\bronze\br_dim_game.sql
21:18:07.363996 [debug]: Finished rendering [  0.00s] model main_bronze.br_dim_game [success]
21:18:07.364057 [info ]: Started analyzing (2 nodes)
21:18:07.364067 [debug]: Started analyzing model main_bronze.br_dim_game
21:18:07.366426 [debug]: Finished analyzing [  0.00s] model main_bronze.br_dim_game [success]
21:18:07.366470 [info ]:  Succeeded [  0.00s] model main_bronze.br_dim_game (view)
21:18:07.368390 [debug]: Compiled SQL for node model.casino_games_models.slv_dim_game at target\.lsp\compiled\casino_games_models\models\silver\slv_dim_game.sql
21:18:07.368481 [debug]: Finished rendering [  0.01s] model main_silver.slv_dim_game [success]
21:18:07.368502 [info ]: Finished rendering [  0.01s] (2 nodes, 0 skipped, 0 errors)
21:18:07.368518 [debug]: Started analyzing model main_silver.slv_dim_game
21:18:07.376458 [debug]: Finished analyzing [  0.01s] model main_silver.slv_dim_game [success]
21:18:07.376474 [info ]: Finished analyzing [  0.01s] (2 nodes, 0 skipped, 0 errors)
21:18:07.376481 [info ]:  Succeeded [  0.01s] model main_silver.slv_dim_game (view)
21:18:07.379538 [info ]: Started scheduling
21:18:07.379640 [info ]: Finished scheduling [  0.00s]
21:18:07.380906 [info ]: Cached model count updated: 8 models (accurate)
21:18:07.646712 [debug]: License check failed: Feature not licensed: 'lineage'
21:18:09.035620 [info ]: Started loading project
21:18:09.037763 [info ]: Loading ~/.dbt/profiles.yml
21:18:09.067971 [info ]: Cached model count updated: 8 models (estimate)
21:18:09.067994 [info ]: Cached model count updated: 8 models (accurate)
21:18:09.068028 [info ]: Started scheduling
21:18:09.068141 [info ]: Finished scheduling [  0.00s]
21:18:09.068160 [debug]: Compilation - 11 nodes selected: {"model.casino_games_models.br_dim_currency", "model.casino_games_models.br_dim_game", "model.casino_games_models.br_fact_activity", "model.casino_games_models.gl_activity", "model.casino_games_models.gl_game", "model.casino_games_models.slv_dim_currency", "model.casino_games_models.slv_dim_game", "model.casino_games_models.slv_fact_activity", "seed.casino_games_models.dim_currency", "seed.casino_games_models.dim_game", "seed.casino_games_models.fact_activity"}
21:18:09.068780 [debug]: License check failed: Feature not licensed: 'lineage'
21:18:09.069423 [info ]: Started building task graph
21:18:09.069508 [info ]: Finished building task graph [  0.00s]
21:18:09.069636 [info ]: Finished loading project [  0.03s]
21:18:09.076950 [error]: Arrow error: Csv error: incorrect number of fields for line 3, expected 1 got 2
21:18:09.679061 [info ]: Started rendering (11 nodes)
21:18:09.679124 [info ]: Started seed main.fact_activity
21:18:09.679160 [debug]: Started rendering seed main.fact_activity
21:18:09.679187 [info ]: Started seed main.dim_game
21:18:09.679199 [debug]: Started rendering seed main.dim_game
21:18:09.679209 [info ]: Started seed main.dim_currency
21:18:09.679397 [debug]: Started rendering seed main.dim_currency
21:18:09.679435 [info ]: Started model main_gold.gl_game
21:18:09.679448 [debug]: Started rendering model main_gold.gl_game
21:18:09.679465 [info ]: Started model main_silver.slv_dim_game
21:18:09.679476 [debug]: Started rendering model main_silver.slv_dim_game
21:18:09.679489 [info ]: Started model main_gold.gl_activity
21:18:09.679497 [debug]: Started rendering model main_gold.gl_activity
21:18:09.679510 [info ]: Started model main_silver.slv_fact_activity
21:18:09.679517 [debug]: Started rendering model main_silver.slv_fact_activity
21:18:09.679527 [info ]: Started model main_silver.slv_dim_currency
21:18:09.679534 [debug]: Started rendering model main_silver.slv_dim_currency
21:18:09.679544 [info ]: Started model main_bronze.br_fact_activity
21:18:09.679550 [debug]: Started rendering model main_bronze.br_fact_activity
21:18:09.679559 [info ]: Started model main_bronze.br_dim_game
21:18:09.679566 [debug]: Started rendering model main_bronze.br_dim_game
21:18:09.679574 [info ]: Started model main_bronze.br_dim_currency
21:18:09.679579 [debug]: Started rendering model main_bronze.br_dim_currency
21:18:09.680415 [debug]: Compiled SQL for node model.casino_games_models.slv_dim_game at target\.lsp\compiled\casino_games_models\models\silver\slv_dim_game.sql
21:18:09.680501 [debug]: Compiled SQL for node model.casino_games_models.gl_game at target\.lsp\compiled\casino_games_models\models\gold\gl_game.sql
21:18:09.680913 [debug]: Compiled SQL for node model.casino_games_models.br_dim_game at target\.lsp\compiled\casino_games_models\models\bronze\br_dim_game.sql
21:18:09.681464 [debug]: Finished rendering [  0.00s] model main_silver.slv_dim_game [success]
21:18:09.681523 [debug]: Compiled SQL for node model.casino_games_models.slv_fact_activity at target\.lsp\compiled\casino_games_models\models\silver\slv_fact_activity.sql
21:18:09.681531 [info ]: Started analyzing (8 nodes)
21:18:09.681619 [debug]: Compiled SQL for node model.casino_games_models.br_fact_activity at target\.lsp\compiled\casino_games_models\models\bronze\br_fact_activity.sql
21:18:09.681815 [debug]: Started analyzing model main_silver.slv_dim_game
21:18:09.681856 [debug]: Finished rendering [  0.00s] model main_gold.gl_game [success]
21:18:09.682068 [debug]: Started analyzing model main_gold.gl_game
21:18:09.682096 [debug]: Compiled SQL for node model.casino_games_models.gl_activity at target\.lsp\compiled\casino_games_models\models\gold\gl_activity.sql
21:18:09.682139 [debug]: Finished rendering [  0.00s] model main_bronze.br_dim_game [success]
21:18:09.682163 [debug]: Started analyzing model main_bronze.br_dim_game
21:18:09.682186 [debug]: Finished rendering [  0.00s] model main_silver.slv_fact_activity [success]
21:18:09.682197 [debug]: Started analyzing model main_silver.slv_fact_activity
21:18:09.682210 [debug]: Finished rendering [  0.00s] model main_bronze.br_fact_activity [success]
21:18:09.682216 [debug]: Started analyzing model main_bronze.br_fact_activity
21:18:09.682244 [debug]: Finished rendering [  0.00s] model main_gold.gl_activity [success]
21:18:09.682252 [debug]: Started analyzing model main_gold.gl_activity
21:18:09.682275 [debug]: Finished rendering [  0.00s] seed main.dim_currency [success]
21:18:09.682273 [debug]: Compiled SQL for node model.casino_games_models.slv_dim_currency at target\.lsp\compiled\casino_games_models\models\silver\slv_dim_currency.sql
21:18:09.682284 [info ]:  Succeeded [  0.00s] seed  main.dim_currency (table)
21:18:09.682316 [debug]: Finished rendering [  0.00s] seed main.dim_game [error]
21:18:09.682332 [info ]:     Failed [  0.00s] seed  main.dim_game (table)
21:18:09.682418 [debug]: Compiled SQL for node model.casino_games_models.br_dim_currency at target\.lsp\compiled\casino_games_models\models\bronze\br_dim_currency.sql
21:18:09.682550 [debug]: Finished rendering [  0.00s] seed main.fact_activity [success]
21:18:09.682565 [info ]:  Succeeded [  0.00s] seed  main.fact_activity (table)
21:18:09.682579 [debug]: Finished rendering [  0.00s] model main_silver.slv_dim_currency [success]
21:18:09.682601 [debug]: Started analyzing model main_silver.slv_dim_currency
21:18:09.682637 [debug]: Finished analyzing [  0.00s] model main_silver.slv_fact_activity [success]
21:18:09.682650 [info ]:  Succeeded [  0.00s] model main_silver.slv_fact_activity (view)
21:18:09.682666 [debug]: Finished analyzing [  0.00s] model main_gold.gl_game [success]
21:18:09.682672 [info ]:  Succeeded [  0.00s] model main_gold.gl_game (table)
21:18:09.682683 [debug]: Finished rendering [  0.00s] model main_bronze.br_dim_currency [success]
21:18:09.682689 [info ]: Finished rendering [  0.00s] (11 nodes, 0 skipped, 1 errors)
21:18:09.682701 [debug]: Started analyzing model main_bronze.br_dim_currency
21:18:09.682884 [debug]: Finished analyzing [  0.00s] model main_bronze.br_fact_activity [success]
21:18:09.682900 [info ]:  Succeeded [  0.00s] model main_bronze.br_fact_activity (view)
21:18:09.682931 [debug]: Finished analyzing [  0.00s] model main_silver.slv_dim_currency [success]
21:18:09.682938 [info ]:  Succeeded [  0.00s] model main_silver.slv_dim_currency (view)
21:18:09.682961 [debug]: Finished analyzing [  0.00s] model main_bronze.br_dim_currency [success]
21:18:09.682971 [info ]:  Succeeded [  0.00s] model main_bronze.br_dim_currency (view)
21:18:09.683243 [debug]: Finished analyzing [  0.00s] model main_bronze.br_dim_game [success]
21:18:09.683260 [info ]:  Succeeded [  0.00s] model main_bronze.br_dim_game (view)
21:18:09.683575 [debug]: Finished analyzing [  0.00s] model main_silver.slv_dim_game [success]
21:18:09.683585 [info ]:  Succeeded [  0.00s] model main_silver.slv_dim_game (view)
21:18:09.684749 [debug]: Finished analyzing [  0.00s] model main_gold.gl_activity [success]
21:18:09.684759 [info ]: Finished analyzing [  0.00s] (8 nodes, 0 skipped, 0 errors)
21:18:09.684766 [info ]:  Succeeded [  0.00s] model main_gold.gl_activity (table)
21:18:09.688043 [info ]: Started scheduling
21:18:09.688128 [info ]: Finished scheduling [  0.00s]
21:18:09.688554 [info ]: Cached model count updated: 8 models (accurate)
21:18:09.965552 [debug]: License check failed: Feature not licensed: 'lineage'
21:18:13.169408 [debug]: License check failed: Feature not licensed: 'lineage'
21:18:14.450907 [debug]: License check failed: Feature not licensed: 'lineage'
21:18:43.014481 [info ]: Started loading project
21:18:43.015535 [info ]: Loading ~/.dbt/profiles.yml
21:18:43.032150 [info ]: Started parsing
21:18:43.122631 [info ]: Finished loading project [  0.11s]
21:18:43.124611 [debug]: Finished parsing models/schema.yml [  0.00s]
21:18:43.125953 [debug]: Finished parsing models/silver/slv_dim_game.sql [  0.00s]
21:18:43.126314 [debug]: Finished parsing models/silver/slv_fact_activity.sql [  0.00s]
21:18:43.131297 [info ]: Finished parsing [  0.10s]
21:18:43.135966 [info ]: Cached model count updated: 8 models (estimate)
21:18:43.135993 [info ]: Cached model count updated: 8 models (accurate)
21:18:43.139644 [info ]: Cached model count updated: 8 models (accurate)
21:18:43.140024 [info ]: Waiting for lease on 'target' directory
21:18:43.591616 [info ]: Started loading project
21:18:43.592263 [info ]: Loading ~/.dbt/profiles.yml
21:18:43.609656 [info ]: Started parsing
21:18:43.689803 [info ]: Finished loading project [  0.10s]
21:18:43.690875 [debug]: Finished parsing models/schema.yml [  0.00s]
21:18:43.692280 [debug]: Finished parsing models/silver/slv_dim_game.sql [  0.00s]
21:18:43.692573 [debug]: Finished parsing models/silver/slv_fact_activity.sql [  0.00s]
21:18:43.696208 [info ]: Finished parsing [  0.09s]
21:18:43.698509 [info ]: Cached model count updated: 8 models (estimate)
21:18:43.698528 [info ]: Cached model count updated: 8 models (accurate)
21:18:43.698564 [info ]: Started scheduling
21:18:43.698659 [info ]: Finished scheduling [  0.00s]
21:18:43.698674 [debug]: Compilation - 2 nodes selected: {"model.casino_games_models.br_fact_activity", "model.casino_games_models.slv_fact_activity"}
21:18:43.700702 [debug]: License check failed: Feature not licensed: 'lineage'
21:18:43.701872 [info ]: Started building task graph
21:18:43.701926 [info ]: Finished building task graph [  0.00s]
21:18:43.705080 [info ]: Started rendering (2 nodes)
21:18:43.705106 [info ]: Started model main_silver.slv_fact_activity
21:18:43.705115 [debug]: Started rendering model main_silver.slv_fact_activity
21:18:43.705136 [info ]: Started model main_bronze.br_fact_activity
21:18:43.705345 [debug]: Started rendering model main_bronze.br_fact_activity
21:18:43.706459 [debug]: Compiled SQL for node model.casino_games_models.br_fact_activity at target\.lsp\compiled\casino_games_models\models\bronze\br_fact_activity.sql
21:18:43.706574 [debug]: Compiled SQL for node model.casino_games_models.slv_fact_activity at target\.lsp\compiled\casino_games_models\models\silver\slv_fact_activity.sql
21:18:43.706749 [debug]: Finished rendering [  0.00s] model main_bronze.br_fact_activity [success]
21:18:43.706773 [info ]: Started analyzing (2 nodes)
21:18:43.706782 [debug]: Started analyzing model main_bronze.br_fact_activity
21:18:43.706800 [debug]: Finished rendering [  0.00s] model main_silver.slv_fact_activity [success]
21:18:43.706805 [info ]: Finished rendering [  0.00s] (2 nodes, 0 skipped, 0 errors)
21:18:43.706811 [debug]: Started analyzing model main_silver.slv_fact_activity
21:18:43.707066 [debug]: Finished analyzing [  0.00s] model main_bronze.br_fact_activity [success]
21:18:43.707082 [info ]:  Succeeded [  0.00s] model main_bronze.br_fact_activity (view)
21:18:43.714740 [debug]: Finished analyzing [  0.01s] model main_silver.slv_fact_activity [success]
21:18:43.714765 [info ]: Finished analyzing [  0.01s] (2 nodes, 0 skipped, 0 errors)
21:18:43.714774 [info ]:  Succeeded [  0.01s] model main_silver.slv_fact_activity (view)
21:18:43.717210 [info ]: Started scheduling
21:18:43.717305 [info ]: Finished scheduling [  0.00s]
21:18:43.717961 [info ]: Cached model count updated: 8 models (accurate)
21:18:43.980802 [debug]: License check failed: Feature not licensed: 'lineage'
21:18:45.354143 [info ]: Started loading project
21:18:45.355025 [info ]: Loading ~/.dbt/profiles.yml
21:18:45.387436 [info ]: Cached model count updated: 8 models (estimate)
21:18:45.387460 [info ]: Cached model count updated: 8 models (accurate)
21:18:45.387487 [info ]: Started scheduling
21:18:45.387609 [info ]: Finished scheduling [  0.00s]
21:18:45.387628 [debug]: Compilation - 11 nodes selected: {"model.casino_games_models.br_dim_currency", "model.casino_games_models.br_dim_game", "model.casino_games_models.br_fact_activity", "model.casino_games_models.gl_activity", "model.casino_games_models.gl_game", "model.casino_games_models.slv_dim_currency", "model.casino_games_models.slv_dim_game", "model.casino_games_models.slv_fact_activity", "seed.casino_games_models.dim_currency", "seed.casino_games_models.dim_game", "seed.casino_games_models.fact_activity"}
21:18:45.389018 [debug]: License check failed: Feature not licensed: 'lineage'
21:18:45.389711 [info ]: Started building task graph
21:18:45.389793 [info ]: Finished building task graph [  0.00s]
21:18:45.389961 [info ]: Finished loading project [  0.04s]
21:18:45.398107 [error]: Arrow error: Csv error: incorrect number of fields for line 3, expected 1 got 2
21:18:45.933658 [info ]: Started rendering (11 nodes)
21:18:45.933732 [info ]: Started seed main.fact_activity
21:18:45.933760 [debug]: Started rendering seed main.fact_activity
21:18:45.934000 [info ]: Started seed main.dim_game
21:18:45.934017 [debug]: Started rendering seed main.dim_game
21:18:45.934031 [info ]: Started seed main.dim_currency
21:18:45.934054 [debug]: Started rendering seed main.dim_currency
21:18:45.934266 [info ]: Started model main_gold.gl_game
21:18:45.934278 [debug]: Started rendering model main_gold.gl_game
21:18:45.934297 [info ]: Started model main_silver.slv_dim_game
21:18:45.934330 [debug]: Started rendering model main_silver.slv_dim_game
21:18:45.934360 [info ]: Started model main_gold.gl_activity
21:18:45.934689 [debug]: Started rendering model main_gold.gl_activity
21:18:45.934786 [info ]: Started model main_silver.slv_fact_activity
21:18:45.934814 [debug]: Started rendering model main_silver.slv_fact_activity
21:18:45.934841 [info ]: Started model main_silver.slv_dim_currency
21:18:45.934876 [debug]: Started rendering model main_silver.slv_dim_currency
21:18:45.934888 [debug]: Compiled SQL for node model.casino_games_models.slv_dim_game at target\.lsp\compiled\casino_games_models\models\silver\slv_dim_game.sql
21:18:45.934926 [info ]: Started model main_bronze.br_fact_activity
21:18:45.934945 [debug]: Started rendering model main_bronze.br_fact_activity
21:18:45.934965 [info ]: Started model main_bronze.br_dim_game
21:18:45.934977 [debug]: Started rendering model main_bronze.br_dim_game
21:18:45.935020 [info ]: Started model main_bronze.br_dim_currency
21:18:45.935356 [debug]: Started rendering model main_bronze.br_dim_currency
21:18:45.935405 [debug]: Finished rendering [  0.00s] seed main.fact_activity [success]
21:18:45.935514 [info ]:  Succeeded [  0.00s] seed  main.fact_activity (table)
21:18:45.935545 [debug]: Compiled SQL for node model.casino_games_models.gl_game at target\.lsp\compiled\casino_games_models\models\gold\gl_game.sql
21:18:45.935567 [debug]: Finished rendering [  0.00s] seed main.dim_game [error]
21:18:45.935582 [info ]:     Failed [  0.00s] seed  main.dim_game (table)
21:18:45.935623 [debug]: Finished rendering [  0.00s] seed main.dim_currency [success]
21:18:45.935642 [info ]:  Succeeded [  0.00s] seed  main.dim_currency (table)
21:18:45.935667 [debug]: Finished rendering [  0.00s] model main_silver.slv_dim_game [success]
21:18:45.935694 [info ]: Started analyzing (8 nodes)
21:18:45.935710 [debug]: Started analyzing model main_silver.slv_dim_game
21:18:45.935725 [debug]: Compiled SQL for node model.casino_games_models.br_fact_activity at target\.lsp\compiled\casino_games_models\models\bronze\br_fact_activity.sql
21:18:45.935727 [debug]: Compiled SQL for node model.casino_games_models.gl_activity at target\.lsp\compiled\casino_games_models\models\gold\gl_activity.sql
21:18:45.935737 [debug]: Finished rendering [  0.00s] model main_gold.gl_game [success]
21:18:45.935752 [debug]: Started analyzing model main_gold.gl_game
21:18:45.935772 [debug]: Finished rendering [  0.00s] model main_bronze.br_fact_activity [success]
21:18:45.935787 [debug]: Started analyzing model main_bronze.br_fact_activity
21:18:45.935802 [debug]: Finished rendering [  0.00s] model main_gold.gl_activity [success]
21:18:45.935817 [debug]: Started analyzing model main_gold.gl_activity
21:18:45.935973 [debug]: Compiled SQL for node model.casino_games_models.slv_dim_currency at target\.lsp\compiled\casino_games_models\models\silver\slv_dim_currency.sql
21:18:45.936061 [debug]: Started analyzing model main_silver.slv_dim_currency
21:18:45.936087 [debug]: Compiled SQL for node model.casino_games_models.slv_fact_activity at target\.lsp\compiled\casino_games_models\models\silver\slv_fact_activity.sql
21:18:45.936274 [debug]: Compiled SQL for node model.casino_games_models.br_dim_game at target\.lsp\compiled\casino_games_models\models\bronze\br_dim_game.sql
21:18:45.936298 [debug]: Finished rendering [  0.00s] model main_silver.slv_fact_activity [success]
21:18:45.936326 [debug]: Finished rendering [  0.00s] model main_silver.slv_dim_currency [success]
21:18:45.936358 [debug]: Started analyzing model main_silver.slv_fact_activity
21:18:45.936387 [debug]: Finished analyzing [  0.00s] model main_bronze.br_fact_activity [success]
21:18:45.936402 [info ]:  Succeeded [-------] model main_bronze.br_fact_activity (view)
21:18:45.936417 [debug]: Finished analyzing [  0.00s] model main_gold.gl_game [success]
21:18:45.936424 [info ]:  Succeeded [  0.00s] model main_gold.gl_game (table)
21:18:45.936437 [debug]: Finished rendering [  0.00s] model main_bronze.br_dim_game [success]
21:18:45.936450 [debug]: Started analyzing model main_bronze.br_dim_game
21:18:45.936478 [debug]: Finished analyzing [  0.00s] model main_silver.slv_dim_currency [success]
21:18:45.936488 [info ]:  Succeeded [  0.00s] model main_silver.slv_dim_currency (view)
21:18:45.936629 [debug]: Finished analyzing [  0.00s] model main_silver.slv_fact_activity [success]
21:18:45.936655 [info ]:  Succeeded [  0.00s] model main_silver.slv_fact_activity (view)
21:18:45.936802 [debug]: Finished analyzing [  0.00s] model main_silver.slv_dim_game [success]
21:18:45.936822 [info ]:  Succeeded [  0.00s] model main_silver.slv_dim_game (view)
21:18:45.937449 [debug]: Finished analyzing [  0.00s] model main_bronze.br_dim_game [success]
21:18:45.937467 [info ]:  Succeeded [  0.00s] model main_bronze.br_dim_game (view)
21:18:45.938130 [debug]: Compiled SQL for node model.casino_games_models.br_dim_currency at target\.lsp\compiled\casino_games_models\models\bronze\br_dim_currency.sql
21:18:45.938205 [debug]: Finished rendering [  0.00s] model main_bronze.br_dim_currency [success]
21:18:45.938225 [info ]: Finished rendering [  0.00s] (11 nodes, 0 skipped, 1 errors)
21:18:45.938245 [debug]: Started analyzing model main_bronze.br_dim_currency
21:18:45.938410 [debug]: Finished analyzing [  0.00s] model main_bronze.br_dim_currency [success]
21:18:45.938433 [info ]:  Succeeded [  0.00s] model main_bronze.br_dim_currency (view)
21:18:45.939953 [debug]: Finished analyzing [  0.00s] model main_gold.gl_activity [success]
21:18:45.939969 [info ]: Finished analyzing [  0.00s] (8 nodes, 0 skipped, 0 errors)
21:18:45.939976 [info ]:  Succeeded [  0.01s] model main_gold.gl_activity (table)
21:18:45.942914 [info ]: Started scheduling
21:18:45.942979 [info ]: Finished scheduling [  0.00s]
21:18:45.943382 [info ]: Cached model count updated: 8 models (accurate)
21:18:46.196836 [debug]: License check failed: Feature not licensed: 'lineage'
21:19:50.301090 [debug]: License check failed: Feature not licensed: 'lineage'
21:19:52.801666 [info ]: Started loading project
21:19:52.831907 [info ]: Loading ~/.dbt/profiles.yml
21:19:53.019838 [info ]: Started parsing
21:19:53.205578 [info ]: Finished loading project [  0.40s]
21:19:53.233396 [debug]: Finished parsing models/schema.yml [  0.01s]
21:19:53.269388 [debug]: Finished parsing models/silver/slv_dim_game.sql [  0.02s]
21:19:53.270245 [debug]: Finished parsing models/silver/slv_fact_activity.sql [  0.00s]
21:19:53.295714 [info ]: Finished parsing [  0.28s]
21:19:53.312545 [info ]: Cached model count updated: 8 models (estimate)
21:19:53.312590 [info ]: Cached model count updated: 8 models (accurate)
21:19:53.315321 [info ]: Started scheduling
21:19:53.322567 [info ]: Finished scheduling [  0.01s]
21:19:53.322968 [debug]: Compilation - 2 nodes selected: {"model.casino_games_models.br_fact_activity", "model.casino_games_models.slv_fact_activity"}
21:19:53.339297 [debug]: License check failed: Feature not licensed: 'lineage'
21:19:53.356352 [info ]: Started building task graph
21:19:53.361543 [info ]: Finished building task graph [  0.01s]
21:19:53.409615 [info ]: Started rendering (2 nodes)
21:19:53.411089 [info ]: Started model main_silver.slv_fact_activity
21:19:53.411326 [debug]: Started rendering model main_silver.slv_fact_activity
21:19:53.411836 [info ]: Started model main_bronze.br_fact_activity
21:19:53.411858 [debug]: Started rendering model main_bronze.br_fact_activity
21:19:53.421732 [debug]: Compiled SQL for node model.casino_games_models.br_fact_activity at target\.lsp\compiled\casino_games_models\models\bronze\br_fact_activity.sql
21:19:53.426008 [debug]: Finished rendering [  0.01s] model main_bronze.br_fact_activity [success]
21:19:53.427229 [info ]: Started analyzing (2 nodes)
21:19:53.427258 [debug]: Started analyzing model main_bronze.br_fact_activity
21:19:53.433865 [debug]: Compiled SQL for node model.casino_games_models.slv_fact_activity at target\.lsp\compiled\casino_games_models\models\silver\slv_fact_activity.sql
21:19:53.433993 [debug]: Finished rendering [  0.02s] model main_silver.slv_fact_activity [success]
21:19:53.434015 [info ]: Finished rendering [  0.02s] (2 nodes, 0 skipped, 0 errors)
21:19:53.434045 [debug]: Started analyzing model main_silver.slv_fact_activity
21:19:53.457445 [debug]: Finished analyzing [  0.02s] model main_silver.slv_fact_activity [success]
21:19:53.457486 [info ]:  Succeeded [  0.04s] model main_silver.slv_fact_activity (view)
21:19:53.457801 [debug]: Finished analyzing [  0.03s] model main_bronze.br_fact_activity [success]
21:19:53.457812 [info ]: Finished analyzing [  0.03s] (2 nodes, 0 skipped, 0 errors)
21:19:53.457818 [info ]:  Succeeded [  0.04s] model main_bronze.br_fact_activity (view)
21:19:53.476913 [info ]: Started scheduling
21:19:53.477037 [info ]: Finished scheduling [  0.00s]
21:19:53.481838 [info ]: Cached model count updated: 8 models (accurate)
21:19:53.735147 [debug]: License check failed: Feature not licensed: 'lineage'
21:19:55.123981 [info ]: Started loading project
21:19:55.125034 [info ]: Loading ~/.dbt/profiles.yml
21:19:55.161535 [info ]: Cached model count updated: 8 models (estimate)
21:19:55.161556 [info ]: Cached model count updated: 8 models (accurate)
21:19:55.161581 [info ]: Started scheduling
21:19:55.161852 [info ]: Finished scheduling [  0.00s]
21:19:55.161872 [debug]: Compilation - 11 nodes selected: {"model.casino_games_models.br_dim_currency", "model.casino_games_models.br_dim_game", "model.casino_games_models.br_fact_activity", "model.casino_games_models.gl_activity", "model.casino_games_models.gl_game", "model.casino_games_models.slv_dim_currency", "model.casino_games_models.slv_dim_game", "model.casino_games_models.slv_fact_activity", "seed.casino_games_models.dim_currency", "seed.casino_games_models.dim_game", "seed.casino_games_models.fact_activity"}
21:19:55.162908 [debug]: License check failed: Feature not licensed: 'lineage'
21:19:55.163995 [info ]: Started building task graph
21:19:55.164092 [info ]: Finished building task graph [  0.00s]
21:19:55.164531 [info ]: Finished loading project [  0.04s]
21:19:55.195091 [error]: Arrow error: Csv error: incorrect number of fields for line 3, expected 1 got 2
21:19:55.916881 [info ]: Started rendering (11 nodes)
21:19:55.917318 [info ]: Started seed main.fact_activity
21:19:55.917330 [debug]: Started rendering seed main.fact_activity
21:19:55.917476 [info ]: Started seed main.dim_game
21:19:55.917486 [debug]: Started rendering seed main.dim_game
21:19:55.917494 [info ]: Started seed main.dim_currency
21:19:55.917785 [debug]: Started rendering seed main.dim_currency
21:19:55.917802 [info ]: Started model main_gold.gl_game
21:19:55.917810 [debug]: Started rendering model main_gold.gl_game
21:19:55.917832 [info ]: Started model main_silver.slv_dim_game
21:19:55.917839 [debug]: Started rendering model main_silver.slv_dim_game
21:19:55.917849 [info ]: Started model main_gold.gl_activity
21:19:55.917873 [debug]: Started rendering model main_gold.gl_activity
21:19:55.918030 [info ]: Started model main_silver.slv_fact_activity
21:19:55.918052 [debug]: Started rendering model main_silver.slv_fact_activity
21:19:55.918062 [info ]: Started model main_silver.slv_dim_currency
21:19:55.918067 [debug]: Started rendering model main_silver.slv_dim_currency
21:19:55.918256 [info ]: Started model main_bronze.br_fact_activity
21:19:55.918282 [debug]: Started rendering model main_bronze.br_fact_activity
21:19:55.918462 [info ]: Started model main_bronze.br_dim_game
21:19:55.918475 [debug]: Started rendering model main_bronze.br_dim_game
21:19:55.918505 [info ]: Started model main_bronze.br_dim_currency
21:19:55.918527 [debug]: Started rendering model main_bronze.br_dim_currency
21:19:55.919225 [debug]: Finished rendering [  0.00s] seed main.dim_game [error]
21:19:55.919252 [info ]:     Failed [  0.00s] seed  main.dim_game (table)
21:19:55.919327 [debug]: Compiled SQL for node model.casino_games_models.slv_fact_activity at target\.lsp\compiled\casino_games_models\models\silver\slv_fact_activity.sql
21:19:55.919460 [debug]: Finished rendering [  0.00s] seed main.dim_currency [success]
21:19:55.919473 [info ]:  Succeeded [  0.00s] seed  main.dim_currency (table)
21:19:55.919485 [debug]: Finished rendering [  0.00s] seed main.fact_activity [success]
21:19:55.919492 [info ]:  Succeeded [  0.00s] seed  main.fact_activity (table)
21:19:55.919502 [debug]: Finished rendering [  0.00s] model main_silver.slv_fact_activity [success]
21:19:55.919523 [info ]: Started analyzing (8 nodes)
21:19:55.919532 [debug]: Started analyzing model main_silver.slv_fact_activity
21:19:55.919963 [debug]: Compiled SQL for node model.casino_games_models.br_fact_activity at target\.lsp\compiled\casino_games_models\models\bronze\br_fact_activity.sql
21:19:55.920378 [debug]: Compiled SQL for node model.casino_games_models.gl_game at target\.lsp\compiled\casino_games_models\models\gold\gl_game.sql
21:19:55.920407 [debug]: Finished rendering [  0.00s] model main_bronze.br_fact_activity [success]
21:19:55.920446 [debug]: Started analyzing model main_bronze.br_fact_activity
21:19:55.920506 [debug]: Finished rendering [  0.00s] model main_gold.gl_game [success]
21:19:55.920526 [debug]: Started analyzing model main_gold.gl_game
21:19:55.920819 [debug]: Finished analyzing [  0.00s] model main_bronze.br_fact_activity [success]
21:19:55.920853 [info ]:  Succeeded [  0.00s] model main_bronze.br_fact_activity (view)
21:19:55.921375 [debug]: Compiled SQL for node model.casino_games_models.br_dim_currency at target\.lsp\compiled\casino_games_models\models\bronze\br_dim_currency.sql
21:19:55.921446 [debug]: Finished rendering [  0.00s] model main_bronze.br_dim_currency [success]
21:19:55.921472 [debug]: Started analyzing model main_bronze.br_dim_currency
21:19:55.921552 [debug]: Compiled SQL for node model.casino_games_models.gl_activity at target\.lsp\compiled\casino_games_models\models\gold\gl_activity.sql
21:19:55.921616 [debug]: Finished rendering [  0.00s] model main_gold.gl_activity [success]
21:19:55.921646 [debug]: Started analyzing model main_gold.gl_activity
21:19:55.922023 [debug]: Finished analyzing [  0.00s] model main_silver.slv_fact_activity [success]
21:19:55.922069 [info ]:  Succeeded [  0.00s] model main_silver.slv_fact_activity (view)
21:19:55.922255 [debug]: Compiled SQL for node model.casino_games_models.slv_dim_game at target\.lsp\compiled\casino_games_models\models\silver\slv_dim_game.sql
21:19:55.922919 [debug]: Finished rendering [  0.01s] model main_silver.slv_dim_game [success]
21:19:55.922982 [debug]: Started analyzing model main_silver.slv_dim_game
21:19:55.923039 [debug]: Compiled SQL for node model.casino_games_models.slv_dim_currency at target\.lsp\compiled\casino_games_models\models\silver\slv_dim_currency.sql
21:19:55.923281 [debug]: Finished analyzing [  0.00s] model main_gold.gl_game [success]
21:19:55.923312 [info ]:  Succeeded [  0.00s] model main_gold.gl_game (table)
21:19:55.923345 [debug]: Finished analyzing [  0.00s] model main_bronze.br_dim_currency [success]
21:19:55.923357 [info ]:  Succeeded [  0.00s] model main_bronze.br_dim_currency (view)
21:19:55.923377 [debug]: Finished rendering [  0.01s] model main_silver.slv_dim_currency [success]
21:19:55.923399 [debug]: Started analyzing model main_silver.slv_dim_currency
21:19:55.923445 [debug]: Compiled SQL for node model.casino_games_models.br_dim_game at target\.lsp\compiled\casino_games_models\models\bronze\br_dim_game.sql
21:19:55.923507 [debug]: Finished rendering [  0.01s] model main_bronze.br_dim_game [success]
21:19:55.923529 [info ]: Finished rendering [  0.01s] (11 nodes, 0 skipped, 1 errors)
21:19:55.923544 [debug]: Started analyzing model main_bronze.br_dim_game
21:19:55.924388 [debug]: Finished analyzing [  0.00s] model main_silver.slv_dim_currency [success]
21:19:55.924411 [info ]:  Succeeded [  0.01s] model main_silver.slv_dim_currency (view)
21:19:55.924492 [debug]: Finished analyzing [  0.00s] model main_bronze.br_dim_game [success]
21:19:55.924512 [info ]:  Succeeded [  0.01s] model main_bronze.br_dim_game (view)
21:19:55.925823 [debug]: Finished analyzing [  0.00s] model main_silver.slv_dim_game [success]
21:19:55.925837 [info ]:  Succeeded [  0.01s] model main_silver.slv_dim_game (view)
21:19:55.927721 [debug]: Finished analyzing [  0.01s] model main_gold.gl_activity [success]
21:19:55.927735 [info ]: Finished analyzing [  0.01s] (8 nodes, 0 skipped, 0 errors)
21:19:55.927742 [info ]:  Succeeded [  0.01s] model main_gold.gl_activity (table)
21:19:55.932664 [info ]: Started scheduling
21:19:55.932731 [info ]: Finished scheduling [  0.00s]
21:19:55.933127 [info ]: Cached model count updated: 8 models (accurate)
21:19:56.187979 [debug]: License check failed: Feature not licensed: 'lineage'
21:19:59.350047 [debug]: License check failed: Feature not licensed: 'lineage'
21:46:42.532287 [debug]: License check failed: Feature not licensed: 'lineage'
21:49:06.456541 [debug]: License check failed: Feature not licensed: 'lineage'
21:49:10.855145 [debug]: License check failed: Feature not licensed: 'lineage'
21:49:15.670930 [debug]: License check failed: Feature not licensed: 'lineage'
21:49:42.849801 [info ]: Started loading project
21:49:42.889603 [info ]: Loading ~/.dbt/profiles.yml
21:49:43.056298 [info ]: Started loading project
21:49:43.056735 [info ]: Loading ~/.dbt/profiles.yml
21:49:43.057124 [info ]: Finished loading project [  0.21s]
21:49:43.085964 [debug]:    Started loading packages
21:49:43.091411 [debug]:     Loaded [  0.01s] packages
21:49:43.094443 [info ]: Finished loading project [  0.04s]
21:49:43.102762 [info ]: Started parsing
21:49:43.230203 [info ]: Finished parsing [  0.13s]
21:49:43.289892 [info ]: Waiting for lease on 'target' directory
21:49:43.421135 [info ]: Waiting for lease on 'target' directory
21:49:44.017899 [info ]: Started loading project
21:49:44.019985 [info ]: Loading ~/.dbt/profiles.yml
21:49:44.025337 [debug]:    Started loading packages
21:49:44.031267 [debug]:     Loaded [  0.01s] packages
21:49:44.033484 [info ]: Finished loading project [  0.02s]
21:49:44.033922 [info ]: Started parsing
21:49:44.095633 [debug]: Finished parsing models/schema.yml [  0.01s]
21:49:44.097677 [debug]: Finished parsing models/sources.yml [  0.00s]
21:49:44.146208 [debug]: Finished parsing models/bronze/br_dim_currency.sql [  0.02s]
21:49:44.147659 [debug]: Finished parsing models/bronze/br_dim_game.sql [  0.00s]
21:49:44.148763 [debug]: Finished parsing models/bronze/br_fact_activity.sql [  0.00s]
21:49:44.151869 [debug]: Finished parsing models/gold/gl_activity.sql [  0.00s]
21:49:44.153032 [debug]: Finished parsing models/gold/gl_game.sql [  0.00s]
21:49:44.154415 [debug]: Finished parsing models/silver/slv_dim_currency.sql [  0.00s]
21:49:44.155709 [debug]: Finished parsing models/silver/slv_dim_game.sql [  0.00s]
21:49:44.157200 [debug]: Finished parsing models/silver/slv_fact_activity.sql [  0.00s]
21:49:44.170707 [debug]: Finished parsing tests/total_spins_not_zero.sql [  0.00s]
21:49:44.185884 [info ]: Finished parsing [  0.15s]
21:49:44.191496 [info ]: Cached model count updated: 8 models (estimate)
21:49:44.191515 [info ]: Cached model count updated: 8 models (accurate)
21:49:44.194285 [info ]: Started scheduling
21:49:44.203648 [info ]: Finished scheduling [  0.01s]
21:49:44.203985 [debug]: Compilation - 2 nodes selected: {"model.casino_games_models.br_fact_activity", "model.casino_games_models.slv_fact_activity"}
21:49:44.205224 [info ]: Started scheduling
21:49:44.205938 [info ]: Finished scheduling [  0.00s]
21:49:44.211942 [debug]: Initializing schema store with entry: Frontier(CanonicalFqn { catalog: "CASINO_GAMES_DB", schema: "RAW", table: "RAW_DIM_CURRENCY" }) and interval: None
21:49:44.212865 [debug]: Initializing schema store with entry: Frontier(CanonicalFqn { catalog: "CASINO_GAMES_DB", schema: "RAW", table: "RAW_FACT_ACTIVITY" }) and interval: None
21:49:44.212900 [debug]: Initializing schema store with entry: Frontier(CanonicalFqn { catalog: "CASINO_GAMES_DB", schema: "RAW", table: "RAW_DIM_GAME" }) and interval: None
21:49:44.227904 [debug]: License check failed: Feature not licensed: 'lineage'
21:49:44.242478 [info ]: Started building task graph
21:49:44.247657 [info ]: Finished building task graph [  0.01s]
21:49:44.309161 [info ]: Started rendering (2 nodes)
21:49:44.310659 [info ]: Started model public_silver.slv_fact_activity
21:49:44.311398 [debug]: Started rendering model public_silver.slv_fact_activity
21:49:44.312098 [info ]: Started model public_bronze.br_fact_activity
21:49:44.312110 [debug]: Started rendering model public_bronze.br_fact_activity
21:49:44.325315 [debug]: Compiled SQL for node model.casino_games_models.slv_fact_activity at target\.lsp\compiled\casino_games_models\models\silver\slv_fact_activity.sql
21:49:44.325748 [debug]: Compiled SQL for node model.casino_games_models.br_fact_activity at target\.lsp\compiled\casino_games_models\models\bronze\br_fact_activity.sql
21:49:44.328127 [debug]: Finished rendering [  0.02s] model public_bronze.br_fact_activity [success]
21:49:44.329080 [info ]: Started analyzing (2 nodes)
21:49:44.329102 [debug]: Started analyzing model public_bronze.br_fact_activity
21:49:44.329849 [debug]: Finished rendering [  0.02s] model public_silver.slv_fact_activity [success]
21:49:44.329864 [info ]: Finished rendering [  0.02s] (2 nodes, 0 skipped, 0 errors)
21:49:44.329875 [debug]: Started analyzing model public_silver.slv_fact_activity
21:49:44.391840 [debug]: Finished analyzing [  0.06s] model public_bronze.br_fact_activity [success]
21:49:44.391873 [info ]:  Succeeded [  0.08s] model public_bronze.br_fact_activity (view)
21:49:44.394379 [debug]: Finished analyzing [  0.06s] model public_silver.slv_fact_activity [success]
21:49:44.394398 [info ]: Finished analyzing [  0.07s] (2 nodes, 0 skipped, 0 errors)
21:49:44.394405 [info ]:  Succeeded [  0.08s] model public_silver.slv_fact_activity (view)
21:49:44.405037 [info ]: Started scheduling
21:49:44.405112 [info ]: Finished scheduling [  0.00s]
21:49:44.406044 [info ]: Cached model count updated: 8 models (accurate)
21:49:44.669502 [debug]: License check failed: Feature not licensed: 'lineage'
21:49:46.058041 [info ]: Started loading project
21:49:46.060264 [info ]: Loading ~/.dbt/profiles.yml
21:49:46.096027 [info ]: Cached model count updated: 8 models (estimate)
21:49:46.096046 [info ]: Cached model count updated: 8 models (accurate)
21:49:46.096080 [info ]: Started scheduling
21:49:46.096193 [info ]: Finished scheduling [  0.00s]
21:49:46.096210 [debug]: Compilation - 11 nodes selected: {"model.casino_games_models.br_dim_currency", "model.casino_games_models.br_dim_game", "model.casino_games_models.br_fact_activity", "model.casino_games_models.gl_activity", "model.casino_games_models.gl_game", "model.casino_games_models.slv_dim_currency", "model.casino_games_models.slv_dim_game", "model.casino_games_models.slv_fact_activity", "seed.casino_games_models.dim_currency", "seed.casino_games_models.dim_game", "seed.casino_games_models.fact_activity"}
21:49:46.097810 [debug]: License check failed: Feature not licensed: 'lineage'
21:49:46.098392 [info ]: Started building task graph
21:49:46.098480 [info ]: Finished building task graph [  0.00s]
21:49:46.098619 [info ]: Finished loading project [  0.04s]
21:49:46.164141 [error]: Arrow error: Csv error: incorrect number of fields for line 3, expected 1 got 2
21:49:46.649339 [info ]: Started rendering (11 nodes)
21:49:46.649389 [info ]: Started seed public.fact_activity
21:49:46.649403 [debug]: Started rendering seed public.fact_activity
21:49:46.649442 [info ]: Started seed public.dim_game
21:49:46.649452 [debug]: Started rendering seed public.dim_game
21:49:46.649580 [info ]: Started seed public.dim_currency
21:49:46.649604 [debug]: Started rendering seed public.dim_currency
21:49:46.649628 [info ]: Started model public_gold.gl_game
21:49:46.649638 [debug]: Started rendering model public_gold.gl_game
21:49:46.649651 [info ]: Started model public_silver.slv_dim_game
21:49:46.649865 [debug]: Started rendering model public_silver.slv_dim_game
21:49:46.650100 [info ]: Started model public_gold.gl_activity
21:49:46.650122 [debug]: Started rendering model public_gold.gl_activity
21:49:46.650144 [info ]: Started model public_silver.slv_fact_activity
21:49:46.650153 [debug]: Started rendering model public_silver.slv_fact_activity
21:49:46.650176 [info ]: Started model public_silver.slv_dim_currency
21:49:46.650189 [debug]: Started rendering model public_silver.slv_dim_currency
21:49:46.650205 [info ]: Started model public_bronze.br_fact_activity
21:49:46.650220 [debug]: Started rendering model public_bronze.br_fact_activity
21:49:46.650236 [info ]: Started model public_bronze.br_dim_game
21:49:46.650243 [debug]: Started rendering model public_bronze.br_dim_game
21:49:46.650517 [info ]: Started model public_bronze.br_dim_currency
21:49:46.650535 [debug]: Started rendering model public_bronze.br_dim_currency
21:49:46.650623 [debug]: Finished rendering [  0.00s] seed public.dim_game [error]
21:49:46.650648 [info ]:     Failed [  0.00s] seed  public.dim_game (table)
21:49:46.651126 [debug]: Finished rendering [  0.00s] seed public.fact_activity [success]
21:49:46.651166 [info ]:  Succeeded [  0.00s] seed  public.fact_activity (table)
21:49:46.651804 [debug]: Finished rendering [  0.00s] seed public.dim_currency [success]
21:49:46.651822 [info ]:  Succeeded [  0.00s] seed  public.dim_currency (table)
21:49:46.653535 [debug]: Compiled SQL for node model.casino_games_models.slv_fact_activity at target\.lsp\compiled\casino_games_models\models\silver\slv_fact_activity.sql
21:49:46.653560 [debug]: Compiled SQL for node model.casino_games_models.br_fact_activity at target\.lsp\compiled\casino_games_models\models\bronze\br_fact_activity.sql
21:49:46.654370 [debug]: Finished rendering [  0.00s] model public_silver.slv_fact_activity [success]
21:49:46.654435 [info ]: Started analyzing (8 nodes)
21:49:46.654462 [debug]: Started analyzing model public_silver.slv_fact_activity
21:49:46.654535 [debug]: Finished rendering [  0.00s] model public_bronze.br_fact_activity [success]
21:49:46.654560 [debug]: Started analyzing model public_bronze.br_fact_activity
21:49:46.657481 [debug]: Finished analyzing [  0.00s] model public_bronze.br_fact_activity [success]
21:49:46.657511 [info ]:  Succeeded [  0.01s] model public_bronze.br_fact_activity (view)
21:49:46.657859 [debug]: Finished analyzing [  0.00s] model public_silver.slv_fact_activity [success]
21:49:46.657894 [info ]:  Succeeded [  0.01s] model public_silver.slv_fact_activity (view)
21:49:46.658285 [debug]: Compiled SQL for node model.casino_games_models.br_dim_currency at target\.lsp\compiled\casino_games_models\models\bronze\br_dim_currency.sql
21:49:46.658399 [debug]: Finished rendering [  0.01s] model public_bronze.br_dim_currency [success]
21:49:46.658434 [debug]: Started analyzing model public_bronze.br_dim_currency
21:49:46.658687 [debug]: Finished analyzing [  0.00s] model public_bronze.br_dim_currency [success]
21:49:46.658705 [info ]:  Succeeded [  0.01s] model public_bronze.br_dim_currency (view)
21:49:46.658997 [debug]: Compiled SQL for node model.casino_games_models.gl_activity at target\.lsp\compiled\casino_games_models\models\gold\gl_activity.sql
21:49:46.659136 [debug]: Finished rendering [  0.01s] model public_gold.gl_activity [success]
21:49:46.659162 [debug]: Started analyzing model public_gold.gl_activity
21:49:46.660432 [debug]: Compiled SQL for node model.casino_games_models.slv_dim_game at target\.lsp\compiled\casino_games_models\models\silver\slv_dim_game.sql
21:49:46.660569 [debug]: Compiled SQL for node model.casino_games_models.br_dim_game at target\.lsp\compiled\casino_games_models\models\bronze\br_dim_game.sql
21:49:46.660655 [debug]: Finished rendering [  0.01s] model public_silver.slv_dim_game [success]
21:49:46.660718 [debug]: Started analyzing model public_silver.slv_dim_game
21:49:46.660767 [debug]: Compiled SQL for node model.casino_games_models.gl_game at target\.lsp\compiled\casino_games_models\models\gold\gl_game.sql
21:49:46.661081 [debug]: Finished rendering [  0.01s] model public_bronze.br_dim_game [success]
21:49:46.661114 [debug]: Started analyzing model public_bronze.br_dim_game
21:49:46.661427 [debug]: Finished rendering [  0.01s] model public_gold.gl_game [success]
21:49:46.661485 [debug]: Started analyzing model public_gold.gl_game
21:49:46.662319 [debug]: Finished analyzing [  0.00s] model public_gold.gl_game [success]
21:49:46.662350 [info ]:  Succeeded [  0.01s] model public_gold.gl_game (table)
21:49:46.664194 [debug]: Finished analyzing [  0.00s] model public_bronze.br_dim_game [success]
21:49:46.664220 [info ]:  Succeeded [  0.01s] model public_bronze.br_dim_game (view)
21:49:46.664476 [debug]: Compiled SQL for node model.casino_games_models.slv_dim_currency at target\.lsp\compiled\casino_games_models\models\silver\slv_dim_currency.sql
21:49:46.664586 [debug]: Finished rendering [  0.01s] model public_silver.slv_dim_currency [success]
21:49:46.664609 [info ]: Finished rendering [  0.02s] (11 nodes, 0 skipped, 1 errors)
21:49:46.664628 [debug]: Started analyzing model public_silver.slv_dim_currency
21:49:46.664846 [debug]: Finished analyzing [  0.00s] model public_silver.slv_dim_currency [success]
21:49:46.664862 [info ]:  Succeeded [  0.01s] model public_silver.slv_dim_currency (view)
21:49:46.668744 [debug]: Finished analyzing [  0.01s] model public_silver.slv_dim_game [success]
21:49:46.668781 [info ]:  Succeeded [  0.02s] model public_silver.slv_dim_game (view)
21:49:46.676951 [debug]: Finished analyzing [  0.02s] model public_gold.gl_activity [success]
21:49:46.676975 [info ]: Finished analyzing [  0.02s] (8 nodes, 0 skipped, 0 errors)
21:49:46.676984 [info ]:  Succeeded [  0.03s] model public_gold.gl_activity (table)
21:49:46.680449 [info ]: Started scheduling
21:49:46.680912 [info ]: Finished scheduling [  0.00s]
21:49:46.681329 [info ]: Cached model count updated: 8 models (accurate)
21:49:46.936481 [debug]: License check failed: Feature not licensed: 'lineage'
21:54:00.584991 [debug]: License check failed: Feature not licensed: 'lineage'
21:55:36.725962 [debug]: License check failed: Feature not licensed: 'lineage'
21:56:42.902869 [debug]: License check failed: Feature not licensed: 'lineage'
21:56:44.821817 [debug]: License check failed: Feature not licensed: 'lineage'
21:56:51.440456 [debug]: License check failed: Feature not licensed: 'lineage'
21:57:00.215214 [debug]: License check failed: Feature not licensed: 'lineage'
21:57:15.704533 [info ]: Started loading project
21:57:15.743403 [info ]: Loading ~/.dbt/profiles.yml
21:57:15.964428 [info ]: Started parsing
21:57:16.155522 [info ]: Finished loading project [  0.45s]
21:57:16.185205 [info ]: Cached model count updated: 8 models (accurate)
21:57:16.187209 [info ]: Waiting for lease on 'target' directory
21:57:16.215041 [info ]: Finished parsing [  0.25s]
21:57:16.790745 [info ]: Started loading project
21:57:16.792571 [info ]: Loading ~/.dbt/profiles.yml
21:57:16.809053 [info ]: Started parsing
21:57:16.859450 [info ]: Finished loading project [  0.07s]
21:57:16.874181 [debug]: Finished parsing models/schema.yml [  0.01s]
21:57:16.904360 [debug]: Finished parsing models/gold/gl_activity.sql [  0.02s]
21:57:16.905429 [debug]: Finished parsing models/silver/slv_dim_game.sql [  0.00s]
21:57:16.906663 [debug]: Finished parsing models/silver/slv_fact_activity.sql [  0.00s]
21:57:16.934736 [info ]: Finished parsing [  0.13s]
21:57:16.955229 [info ]: Cached model count updated: 8 models (estimate)
21:57:16.955254 [info ]: Cached model count updated: 8 models (accurate)
21:57:16.958130 [info ]: Started scheduling
21:57:16.965214 [info ]: Finished scheduling [  0.01s]
21:57:16.965540 [debug]: Compilation - 7 nodes selected: {"model.casino_games_models.br_dim_currency", "model.casino_games_models.br_dim_game", "model.casino_games_models.br_fact_activity", "model.casino_games_models.gl_activity", "model.casino_games_models.slv_dim_currency", "model.casino_games_models.slv_dim_game", "model.casino_games_models.slv_fact_activity"}
21:57:16.981621 [debug]: License check failed: Feature not licensed: 'lineage'
21:57:16.997979 [info ]: Started building task graph
21:57:17.004018 [info ]: Finished building task graph [  0.01s]
21:57:17.067283 [info ]: Started rendering (7 nodes)
21:57:17.068455 [info ]: Started model public_silver.slv_dim_game
21:57:17.068995 [debug]: Started rendering model public_silver.slv_dim_game
21:57:17.069495 [info ]: Started model public_gold.gl_activity
21:57:17.069507 [debug]: Started rendering model public_gold.gl_activity
21:57:17.069538 [info ]: Started model public_silver.slv_fact_activity
21:57:17.069559 [debug]: Started rendering model public_silver.slv_fact_activity
21:57:17.069568 [info ]: Started model public_silver.slv_dim_currency
21:57:17.069573 [debug]: Started rendering model public_silver.slv_dim_currency
21:57:17.069603 [info ]: Started model public_bronze.br_fact_activity
21:57:17.069617 [debug]: Started rendering model public_bronze.br_fact_activity
21:57:17.069625 [info ]: Started model public_bronze.br_dim_game
21:57:17.069632 [debug]: Started rendering model public_bronze.br_dim_game
21:57:17.069642 [info ]: Started model public_bronze.br_dim_currency
21:57:17.069648 [debug]: Started rendering model public_bronze.br_dim_currency
21:57:17.075392 [debug]: Compiled SQL for node model.casino_games_models.slv_dim_currency at target\.lsp\compiled\casino_games_models\models\silver\slv_dim_currency.sql
21:57:17.075411 [debug]: Compiled SQL for node model.casino_games_models.br_dim_game at target\.lsp\compiled\casino_games_models\models\bronze\br_dim_game.sql
21:57:17.075398 [debug]: Compiled SQL for node model.casino_games_models.br_fact_activity at target\.lsp\compiled\casino_games_models\models\bronze\br_fact_activity.sql
21:57:17.076794 [debug]: Compiled SQL for node model.casino_games_models.br_dim_currency at target\.lsp\compiled\casino_games_models\models\bronze\br_dim_currency.sql
21:57:17.079044 [debug]: Finished rendering [  0.01s] model public_bronze.br_fact_activity [success]
21:57:17.080514 [info ]: Started analyzing (7 nodes)
21:57:17.080537 [debug]: Started analyzing model public_bronze.br_fact_activity
21:57:17.080786 [debug]: Finished rendering [  0.01s] model public_bronze.br_dim_currency [success]
21:57:17.080806 [debug]: Started analyzing model public_bronze.br_dim_currency
21:57:17.080820 [debug]: Finished rendering [  0.01s] model public_silver.slv_dim_currency [success]
21:57:17.080827 [debug]: Started analyzing model public_silver.slv_dim_currency
21:57:17.080840 [debug]: Finished rendering [  0.01s] model public_bronze.br_dim_game [success]
21:57:17.080847 [debug]: Started analyzing model public_bronze.br_dim_game
21:57:17.084202 [debug]: Compiled SQL for node model.casino_games_models.slv_fact_activity at target\.lsp\compiled\casino_games_models\models\silver\slv_fact_activity.sql
21:57:17.085185 [debug]: Finished rendering [  0.02s] model public_silver.slv_fact_activity [success]
21:57:17.086072 [debug]: Started analyzing model public_silver.slv_fact_activity
21:57:17.087442 [debug]: Compiled SQL for node model.casino_games_models.gl_activity at target\.lsp\compiled\casino_games_models\models\gold\gl_activity.sql
21:57:17.087650 [debug]: Finished rendering [  0.02s] model public_gold.gl_activity [success]
21:57:17.087704 [debug]: Started analyzing model public_gold.gl_activity
21:57:17.096720 [debug]: Compiled SQL for node model.casino_games_models.slv_dim_game at target\.lsp\compiled\casino_games_models\models\silver\slv_dim_game.sql
21:57:17.096883 [debug]: Finished rendering [  0.03s] model public_silver.slv_dim_game [success]
21:57:17.096915 [info ]: Finished rendering [  0.03s] (7 nodes, 0 skipped, 0 errors)
21:57:17.096938 [debug]: Started analyzing model public_silver.slv_dim_game
21:57:17.109409 [debug]: Finished analyzing [  0.02s] model public_gold.gl_activity [success]
21:57:17.109558 [info ]:  Succeeded [  0.04s] model public_gold.gl_activity (table)
21:57:17.109739 [debug]: Finished analyzing [  0.01s] model public_silver.slv_dim_game [success]
21:57:17.109751 [info ]:  Succeeded [  0.04s] model public_silver.slv_dim_game (view)
21:57:17.109783 [debug]: Finished analyzing [  0.03s] model public_bronze.br_dim_currency [success]
21:57:17.109793 [info ]:  Succeeded [  0.04s] model public_bronze.br_dim_currency (view)
21:57:17.109802 [debug]: Finished analyzing [  0.03s] model public_bronze.br_dim_game [success]
21:57:17.109809 [info ]:  Succeeded [  0.04s] model public_bronze.br_dim_game (view)
21:57:17.109817 [debug]: Finished analyzing [  0.02s] model public_silver.slv_fact_activity [success]
21:57:17.109824 [info ]:  Succeeded [  0.04s] model public_silver.slv_fact_activity (view)
21:57:17.109834 [debug]: Finished analyzing [  0.03s] model public_silver.slv_dim_currency [success]
21:57:17.109840 [info ]:  Succeeded [  0.04s] model public_silver.slv_dim_currency (view)
21:57:17.109854 [debug]: Finished analyzing [  0.03s] model public_bronze.br_fact_activity [success]
21:57:17.109861 [info ]: Finished analyzing [  0.03s] (7 nodes, 0 skipped, 0 errors)
21:57:17.109865 [info ]:  Succeeded [  0.04s] model public_bronze.br_fact_activity (view)
21:57:17.121177 [info ]: Started scheduling
21:57:17.121230 [info ]: Finished scheduling [  0.00s]
21:57:17.123259 [info ]: Cached model count updated: 8 models (accurate)
21:57:18.677969 [info ]: Started loading project
21:57:18.678722 [info ]: Loading ~/.dbt/profiles.yml
21:57:18.706645 [info ]: Cached model count updated: 8 models (estimate)
21:57:18.706666 [info ]: Cached model count updated: 8 models (accurate)
21:57:18.706691 [info ]: Started scheduling
21:57:18.707204 [info ]: Finished scheduling [  0.00s]
21:57:18.707225 [debug]: Compilation - 11 nodes selected: {"model.casino_games_models.br_dim_currency", "model.casino_games_models.br_dim_game", "model.casino_games_models.br_fact_activity", "model.casino_games_models.gl_activity", "model.casino_games_models.gl_game", "model.casino_games_models.slv_dim_currency", "model.casino_games_models.slv_dim_game", "model.casino_games_models.slv_fact_activity", "seed.casino_games_models.dim_currency", "seed.casino_games_models.dim_game", "seed.casino_games_models.fact_activity"}
21:57:18.708323 [debug]: License check failed: Feature not licensed: 'lineage'
21:57:18.709016 [info ]: Started building task graph
21:57:18.709081 [info ]: Finished building task graph [  0.00s]
21:57:18.709130 [info ]: Finished loading project [  0.03s]
21:57:18.777434 [error]: Arrow error: Csv error: incorrect number of fields for line 3, expected 1 got 2
21:57:19.405713 [info ]: Started rendering (11 nodes)
21:57:19.405937 [info ]: Started seed public.fact_activity
21:57:19.406124 [debug]: Started rendering seed public.fact_activity
21:57:19.406157 [info ]: Started seed public.dim_game
21:57:19.406167 [debug]: Started rendering seed public.dim_game
21:57:19.406358 [info ]: Started seed public.dim_currency
21:57:19.406371 [debug]: Started rendering seed public.dim_currency
21:57:19.406401 [info ]: Started model public_gold.gl_game
21:57:19.406418 [debug]: Started rendering model public_gold.gl_game
21:57:19.406432 [info ]: Started model public_silver.slv_dim_game
21:57:19.406439 [debug]: Started rendering model public_silver.slv_dim_game
21:57:19.406841 [info ]: Started model public_gold.gl_activity
21:57:19.406852 [debug]: Started rendering model public_gold.gl_activity
21:57:19.406881 [info ]: Started model public_silver.slv_fact_activity
21:57:19.406889 [debug]: Started rendering model public_silver.slv_fact_activity
21:57:19.406895 [info ]: Started model public_silver.slv_dim_currency
21:57:19.406907 [debug]: Started rendering model public_silver.slv_dim_currency
21:57:19.406930 [info ]: Started model public_bronze.br_fact_activity
21:57:19.406934 [debug]: Started rendering model public_bronze.br_fact_activity
21:57:19.406941 [info ]: Started model public_bronze.br_dim_game
21:57:19.406946 [debug]: Started rendering model public_bronze.br_dim_game
21:57:19.406952 [info ]: Started model public_bronze.br_dim_currency
21:57:19.406957 [debug]: Started rendering model public_bronze.br_dim_currency
21:57:19.407608 [debug]: Compiled SQL for node model.casino_games_models.slv_dim_game at target\.lsp\compiled\casino_games_models\models\silver\slv_dim_game.sql
21:57:19.407641 [debug]: Compiled SQL for node model.casino_games_models.br_dim_game at target\.lsp\compiled\casino_games_models\models\bronze\br_dim_game.sql
21:57:19.407711 [debug]: Finished rendering [  0.00s] model public_silver.slv_dim_game [success]
21:57:19.407758 [debug]: Compiled SQL for node model.casino_games_models.slv_dim_currency at target\.lsp\compiled\casino_games_models\models\silver\slv_dim_currency.sql
21:57:19.407769 [info ]: Started analyzing (8 nodes)
21:57:19.408023 [debug]: Started analyzing model public_silver.slv_dim_game
21:57:19.408046 [debug]: Finished rendering [  0.00s] model public_bronze.br_dim_game [success]
21:57:19.408060 [debug]: Started analyzing model public_bronze.br_dim_game
21:57:19.408074 [debug]: Finished rendering [  0.00s] seed public.dim_currency [success]
21:57:19.408082 [info ]:  Succeeded [  0.00s] seed  public.dim_currency (table)
21:57:19.408096 [debug]: Finished rendering [  0.00s] model public_silver.slv_dim_currency [success]
21:57:19.408103 [debug]: Started analyzing model public_silver.slv_dim_currency
21:57:19.408112 [debug]: Finished rendering [  0.00s] seed public.dim_game [error]
21:57:19.408117 [info ]:     Failed [  0.00s] seed  public.dim_game (table)
21:57:19.408428 [debug]: Finished rendering [  0.00s] seed public.fact_activity [success]
21:57:19.408449 [info ]:  Succeeded [  0.00s] seed  public.fact_activity (table)
21:57:19.408467 [debug]: Finished analyzing [  0.00s] model public_bronze.br_dim_game [success]
21:57:19.408476 [info ]:  Succeeded [  0.00s] model public_bronze.br_dim_game (view)
21:57:19.408497 [debug]: Finished analyzing [  0.00s] model public_silver.slv_dim_currency [success]
21:57:19.408505 [info ]:  Succeeded [  0.00s] model public_silver.slv_dim_currency (view)
21:57:19.408929 [debug]: Finished analyzing [  0.00s] model public_silver.slv_dim_game [success]
21:57:19.408943 [info ]:  Succeeded [  0.00s] model public_silver.slv_dim_game (view)
21:57:19.409156 [debug]: Compiled SQL for node model.casino_games_models.br_fact_activity at target\.lsp\compiled\casino_games_models\models\bronze\br_fact_activity.sql
21:57:19.409263 [debug]: Finished rendering [  0.00s] model public_bronze.br_fact_activity [success]
21:57:19.409304 [debug]: Started analyzing model public_bronze.br_fact_activity
21:57:19.409412 [debug]: Compiled SQL for node model.casino_games_models.slv_fact_activity at target\.lsp\compiled\casino_games_models\models\silver\slv_fact_activity.sql
21:57:19.409488 [debug]: Compiled SQL for node model.casino_games_models.gl_activity at target\.lsp\compiled\casino_games_models\models\gold\gl_activity.sql
21:57:19.409501 [debug]: Finished rendering [  0.00s] model public_silver.slv_fact_activity [success]
21:57:19.409559 [debug]: Started analyzing model public_silver.slv_fact_activity
21:57:19.409601 [debug]: Finished analyzing [  0.00s] model public_bronze.br_fact_activity [success]
21:57:19.409619 [info ]:  Succeeded [  0.00s] model public_bronze.br_fact_activity (view)
21:57:19.409650 [debug]: Finished rendering [  0.00s] model public_gold.gl_activity [success]
21:57:19.409665 [debug]: Started analyzing model public_gold.gl_activity
21:57:19.409936 [debug]: Finished analyzing [  0.00s] model public_silver.slv_fact_activity [success]
21:57:19.409971 [info ]:  Succeeded [  0.00s] model public_silver.slv_fact_activity (view)
21:57:19.410778 [debug]: Compiled SQL for node model.casino_games_models.gl_game at target\.lsp\compiled\casino_games_models\models\gold\gl_game.sql
21:57:19.411033 [debug]: Finished rendering [  0.00s] model public_gold.gl_game [success]
21:57:19.411413 [debug]: Started analyzing model public_gold.gl_game
21:57:19.411432 [debug]: Finished analyzing [  0.00s] model public_gold.gl_activity [success]
21:57:19.411442 [info ]:  Succeeded [  0.00s] model public_gold.gl_activity (table)
21:57:19.411513 [debug]: Finished analyzing [  0.00s] model public_gold.gl_game [success]
21:57:19.411527 [info ]:  Succeeded [  0.00s] model public_gold.gl_game (table)
21:57:19.411779 [debug]: Compiled SQL for node model.casino_games_models.br_dim_currency at target\.lsp\compiled\casino_games_models\models\bronze\br_dim_currency.sql
21:57:19.411987 [debug]: Finished rendering [  0.01s] model public_bronze.br_dim_currency [success]
21:57:19.412000 [info ]: Finished rendering [  0.01s] (11 nodes, 0 skipped, 1 errors)
21:57:19.412009 [debug]: Started analyzing model public_bronze.br_dim_currency
21:57:19.412115 [debug]: Finished analyzing [  0.00s] model public_bronze.br_dim_currency [success]
21:57:19.412124 [info ]: Finished analyzing [  0.00s] (8 nodes, 0 skipped, 0 errors)
21:57:19.412129 [info ]:  Succeeded [  0.01s] model public_bronze.br_dim_currency (view)
21:57:19.414710 [info ]: Started scheduling
21:57:19.414822 [info ]: Finished scheduling [  0.00s]
21:57:19.415190 [info ]: Cached model count updated: 8 models (accurate)
21:57:26.404589 [info ]: Started loading project
21:57:26.405334 [info ]: Loading ~/.dbt/profiles.yml
21:57:26.416747 [info ]: Started parsing
21:57:26.456390 [info ]: Finished loading project [  0.05s]
21:57:26.458960 [debug]: Finished parsing models/schema.yml [  0.00s]
21:57:26.461967 [debug]: Finished parsing models/gold/gl_activity.sql [  0.00s]
21:57:26.462331 [debug]: Finished parsing models/silver/slv_dim_game.sql [  0.00s]
21:57:26.462969 [debug]: Finished parsing models/silver/slv_fact_activity.sql [  0.00s]
21:57:26.468416 [info ]: Finished parsing [  0.05s]
21:57:26.472093 [info ]: Cached model count updated: 8 models (estimate)
21:57:26.472111 [info ]: Cached model count updated: 8 models (accurate)
21:57:26.472641 [info ]: Started scheduling
21:57:26.472729 [info ]: Finished scheduling [  0.00s]
21:57:26.472746 [debug]: Compilation - 2 nodes selected: {"model.casino_games_models.br_fact_activity", "model.casino_games_models.slv_fact_activity"}
21:57:26.473441 [debug]: License check failed: Feature not licensed: 'lineage'
21:57:26.474135 [info ]: Started building task graph
21:57:26.474169 [info ]: Finished building task graph [  0.00s]
21:57:26.476676 [info ]: Started rendering (2 nodes)
21:57:26.476693 [info ]: Started model public_silver.slv_fact_activity
21:57:26.476703 [debug]: Started rendering model public_silver.slv_fact_activity
21:57:26.476720 [info ]: Started model public_bronze.br_fact_activity
21:57:26.476726 [debug]: Started rendering model public_bronze.br_fact_activity
21:57:26.477170 [debug]: Compiled SQL for node model.casino_games_models.br_fact_activity at target\.lsp\compiled\casino_games_models\models\bronze\br_fact_activity.sql
21:57:26.477473 [debug]: Finished rendering [  0.00s] model public_bronze.br_fact_activity [success]
21:57:26.477526 [info ]: Started analyzing (2 nodes)
21:57:26.477547 [debug]: Started analyzing model public_bronze.br_fact_activity
21:57:26.477730 [debug]: Finished analyzing [  0.00s] model public_bronze.br_fact_activity [success]
21:57:26.477745 [info ]:  Succeeded [-------] model public_bronze.br_fact_activity (view)
21:57:26.477945 [debug]: Compiled SQL for node model.casino_games_models.slv_fact_activity at target\.lsp\compiled\casino_games_models\models\silver\slv_fact_activity.sql
21:57:26.478005 [debug]: Finished rendering [  0.00s] model public_silver.slv_fact_activity [success]
21:57:26.478017 [info ]: Finished rendering [  0.00s] (2 nodes, 0 skipped, 0 errors)
21:57:26.478026 [debug]: Started analyzing model public_silver.slv_fact_activity
21:57:26.478207 [debug]: Finished analyzing [  0.00s] model public_silver.slv_fact_activity [success]
21:57:26.478216 [info ]: Finished analyzing [  0.00s] (2 nodes, 0 skipped, 0 errors)
21:57:26.478221 [info ]:  Succeeded [  0.00s] model public_silver.slv_fact_activity (view)
21:57:26.480728 [info ]: Started scheduling
21:57:26.480808 [info ]: Finished scheduling [  0.00s]
21:57:26.481618 [info ]: Cached model count updated: 8 models (accurate)
21:57:26.736216 [debug]: License check failed: Feature not licensed: 'lineage'
21:57:26.849911 [info ]: Waiting for lease on 'target' directory
21:57:26.993558 [info ]: Started loading project
21:57:26.995167 [info ]: Loading ~/.dbt/profiles.yml
21:57:27.007709 [info ]: Started parsing
21:57:27.058593 [info ]: Finished loading project [  0.07s]
21:57:27.061049 [info ]: Cached model count updated: 8 models (accurate)
21:57:27.061339 [info ]: Waiting for lease on 'target' directory
21:57:27.062425 [info ]: Finished parsing [  0.05s]
21:57:27.516601 [info ]: Started loading project
21:57:27.517584 [info ]: Loading ~/.dbt/profiles.yml
21:57:27.525498 [info ]: Started parsing
21:57:27.567035 [info ]: Finished loading project [  0.05s]
21:57:27.568975 [debug]: Finished parsing models/schema.yml [  0.00s]
21:57:27.570821 [debug]: Finished parsing models/gold/gl_activity.sql [  0.00s]
21:57:27.571295 [debug]: Finished parsing models/silver/slv_dim_game.sql [  0.00s]
21:57:27.571712 [debug]: Finished parsing models/silver/slv_fact_activity.sql [  0.00s]
21:57:27.575952 [info ]: Finished parsing [  0.05s]
21:57:27.577301 [info ]: Cached model count updated: 8 models (estimate)
21:57:27.577317 [info ]: Cached model count updated: 8 models (accurate)
21:57:27.577340 [info ]: Started scheduling
21:57:27.577411 [info ]: Finished scheduling [  0.00s]
21:57:27.577424 [debug]: Compilation - 2 nodes selected: {"model.casino_games_models.br_fact_activity", "model.casino_games_models.slv_fact_activity"}
21:57:27.577834 [debug]: License check failed: Feature not licensed: 'lineage'
21:57:27.578230 [info ]: Started building task graph
21:57:27.578264 [info ]: Finished building task graph [  0.00s]
21:57:27.580134 [info ]: Started rendering (2 nodes)
21:57:27.580153 [info ]: Started model public_silver.slv_fact_activity
21:57:27.580160 [debug]: Started rendering model public_silver.slv_fact_activity
21:57:27.580177 [info ]: Started model public_bronze.br_fact_activity
21:57:27.580181 [debug]: Started rendering model public_bronze.br_fact_activity
21:57:27.580455 [debug]: Compiled SQL for node model.casino_games_models.br_fact_activity at target\.lsp\compiled\casino_games_models\models\bronze\br_fact_activity.sql
21:57:27.580504 [debug]: Finished rendering [  0.00s] model public_bronze.br_fact_activity [success]
21:57:27.580529 [info ]: Started analyzing (2 nodes)
21:57:27.580536 [debug]: Started analyzing model public_bronze.br_fact_activity
21:57:27.580706 [debug]: Finished analyzing [  0.00s] model public_bronze.br_fact_activity [success]
21:57:27.580717 [info ]:  Succeeded [-------] model public_bronze.br_fact_activity (view)
21:57:27.581301 [debug]: Compiled SQL for node model.casino_games_models.slv_fact_activity at target\.lsp\compiled\casino_games_models\models\silver\slv_fact_activity.sql
21:57:27.581355 [debug]: Finished rendering [  0.00s] model public_silver.slv_fact_activity [success]
21:57:27.581364 [info ]: Finished rendering [  0.00s] (2 nodes, 0 skipped, 0 errors)
21:57:27.581393 [debug]: Started analyzing model public_silver.slv_fact_activity
21:57:27.581574 [debug]: Finished analyzing [  0.00s] model public_silver.slv_fact_activity [success]
21:57:27.581584 [info ]: Finished analyzing [  0.00s] (2 nodes, 0 skipped, 0 errors)
21:57:27.581589 [info ]:  Succeeded [  0.00s] model public_silver.slv_fact_activity (view)
21:57:27.584698 [info ]: Started scheduling
21:57:27.584862 [info ]: Finished scheduling [  0.00s]
21:57:27.585857 [info ]: Cached model count updated: 8 models (accurate)
21:57:27.850971 [debug]: License check failed: Feature not licensed: 'lineage'
21:57:29.141460 [info ]: Started loading project
21:57:29.142295 [info ]: Loading ~/.dbt/profiles.yml
21:57:29.170336 [info ]: Cached model count updated: 8 models (estimate)
21:57:29.170357 [info ]: Cached model count updated: 8 models (accurate)
21:57:29.170383 [info ]: Started scheduling
21:57:29.170636 [info ]: Finished scheduling [  0.00s]
21:57:29.170657 [debug]: Compilation - 11 nodes selected: {"model.casino_games_models.br_dim_currency", "model.casino_games_models.br_dim_game", "model.casino_games_models.br_fact_activity", "model.casino_games_models.gl_activity", "model.casino_games_models.gl_game", "model.casino_games_models.slv_dim_currency", "model.casino_games_models.slv_dim_game", "model.casino_games_models.slv_fact_activity", "seed.casino_games_models.dim_currency", "seed.casino_games_models.dim_game", "seed.casino_games_models.fact_activity"}
21:57:29.172450 [debug]: License check failed: Feature not licensed: 'lineage'
21:57:29.173353 [info ]: Started building task graph
21:57:29.173573 [info ]: Finished building task graph [  0.00s]
21:57:29.173638 [info ]: Finished loading project [  0.03s]
21:57:29.179696 [error]: Arrow error: Csv error: incorrect number of fields for line 3, expected 1 got 2
21:57:29.626117 [info ]: Started rendering (11 nodes)
21:57:29.626143 [info ]: Started seed public.fact_activity
21:57:29.626151 [debug]: Started rendering seed public.fact_activity
21:57:29.626185 [info ]: Started seed public.dim_game
21:57:29.626192 [debug]: Started rendering seed public.dim_game
21:57:29.626208 [info ]: Started seed public.dim_currency
21:57:29.626216 [debug]: Started rendering seed public.dim_currency
21:57:29.626224 [info ]: Started model public_gold.gl_game
21:57:29.626232 [debug]: Started rendering model public_gold.gl_game
21:57:29.626240 [info ]: Started model public_silver.slv_dim_game
21:57:29.626246 [debug]: Started rendering model public_silver.slv_dim_game
21:57:29.626253 [info ]: Started model public_gold.gl_activity
21:57:29.626259 [debug]: Started rendering model public_gold.gl_activity
21:57:29.626266 [info ]: Started model public_silver.slv_fact_activity
21:57:29.626270 [debug]: Started rendering model public_silver.slv_fact_activity
21:57:29.626275 [info ]: Started model public_silver.slv_dim_currency
21:57:29.626279 [debug]: Started rendering model public_silver.slv_dim_currency
21:57:29.626286 [info ]: Started model public_bronze.br_fact_activity
21:57:29.626289 [debug]: Started rendering model public_bronze.br_fact_activity
21:57:29.626294 [info ]: Started model public_bronze.br_dim_game
21:57:29.626298 [debug]: Started rendering model public_bronze.br_dim_game
21:57:29.626305 [info ]: Started model public_bronze.br_dim_currency
21:57:29.626309 [debug]: Started rendering model public_bronze.br_dim_currency
21:57:29.626325 [debug]: Finished rendering [  0.00s] seed public.fact_activity [success]
21:57:29.626337 [info ]:  Succeeded [-------] seed  public.fact_activity (table)
21:57:29.626350 [debug]: Finished rendering [  0.00s] seed public.dim_currency [success]
21:57:29.626354 [info ]:  Succeeded [-------] seed  public.dim_currency (table)
21:57:29.626360 [debug]: Finished rendering [  0.00s] seed public.dim_game [error]
21:57:29.626363 [info ]:     Failed [-------] seed  public.dim_game (table)
21:57:29.626803 [debug]: Compiled SQL for node model.casino_games_models.br_dim_game at target\.lsp\compiled\casino_games_models\models\bronze\br_dim_game.sql
21:57:29.626810 [debug]: Compiled SQL for node model.casino_games_models.slv_dim_currency at target\.lsp\compiled\casino_games_models\models\silver\slv_dim_currency.sql
21:57:29.626889 [debug]: Compiled SQL for node model.casino_games_models.br_fact_activity at target\.lsp\compiled\casino_games_models\models\bronze\br_fact_activity.sql
21:57:29.626902 [debug]: Finished rendering [  0.00s] model public_bronze.br_dim_game [success]
21:57:29.626922 [info ]: Started analyzing (8 nodes)
21:57:29.626933 [debug]: Started analyzing model public_bronze.br_dim_game
21:57:29.626965 [debug]: Finished rendering [  0.00s] model public_silver.slv_dim_currency [success]
21:57:29.626969 [debug]: Compiled SQL for node model.casino_games_models.gl_activity at target\.lsp\compiled\casino_games_models\models\gold\gl_activity.sql
21:57:29.626973 [debug]: Compiled SQL for node model.casino_games_models.br_dim_currency at target\.lsp\compiled\casino_games_models\models\bronze\br_dim_currency.sql
21:57:29.626984 [debug]: Started analyzing model public_silver.slv_dim_currency
21:57:29.626996 [debug]: Finished rendering [  0.00s] model public_bronze.br_fact_activity [success]
21:57:29.626999 [debug]: Compiled SQL for node model.casino_games_models.slv_dim_game at target\.lsp\compiled\casino_games_models\models\silver\slv_dim_game.sql
21:57:29.627004 [debug]: Started analyzing model public_bronze.br_fact_activity
21:57:29.627053 [debug]: Finished rendering [  0.00s] model public_gold.gl_activity [success]
21:57:29.627072 [debug]: Started analyzing model public_gold.gl_activity
21:57:29.627105 [debug]: Finished rendering [  0.00s] model public_bronze.br_dim_currency [success]
21:57:29.627116 [debug]: Started analyzing model public_bronze.br_dim_currency
21:57:29.627125 [debug]: Finished rendering [  0.00s] model public_silver.slv_dim_game [success]
21:57:29.627131 [debug]: Started analyzing model public_silver.slv_dim_game
21:57:29.627178 [debug]: Finished analyzing [  0.00s] model public_bronze.br_fact_activity [success]
21:57:29.627193 [info ]:  Succeeded [-------] model public_bronze.br_fact_activity (view)
21:57:29.627254 [debug]: Finished analyzing [  0.00s] model public_bronze.br_dim_currency [success]
21:57:29.627266 [info ]:  Succeeded [-------] model public_bronze.br_dim_currency (view)
21:57:29.627280 [debug]: Finished analyzing [  0.00s] model public_silver.slv_dim_currency [success]
21:57:29.627286 [info ]:  Succeeded [-------] model public_silver.slv_dim_currency (view)
21:57:29.627320 [debug]: Finished analyzing [  0.00s] model public_silver.slv_dim_game [success]
21:57:29.627330 [info ]:  Succeeded [-------] model public_silver.slv_dim_game (view)
21:57:29.627416 [debug]: Finished analyzing [  0.00s] model public_bronze.br_dim_game [success]
21:57:29.627425 [info ]:  Succeeded [-------] model public_bronze.br_dim_game (view)
21:57:29.628188 [debug]: Finished analyzing [  0.00s] model public_gold.gl_activity [success]
21:57:29.628208 [info ]:  Succeeded [  0.00s] model public_gold.gl_activity (table)
21:57:29.630235 [debug]: Compiled SQL for node model.casino_games_models.gl_game at target\.lsp\compiled\casino_games_models\models\gold\gl_game.sql
21:57:29.630280 [debug]: Compiled SQL for node model.casino_games_models.slv_fact_activity at target\.lsp\compiled\casino_games_models\models\silver\slv_fact_activity.sql
21:57:29.630306 [debug]: Finished rendering [  0.00s] model public_gold.gl_game [success]
21:57:29.630326 [debug]: Started analyzing model public_gold.gl_game
21:57:29.630341 [debug]: Finished rendering [  0.00s] model public_silver.slv_fact_activity [success]
21:57:29.630350 [info ]: Finished rendering [  0.00s] (11 nodes, 0 skipped, 1 errors)
21:57:29.630357 [debug]: Started analyzing model public_silver.slv_fact_activity
21:57:29.630466 [debug]: Finished analyzing [  0.00s] model public_gold.gl_game [success]
21:57:29.630482 [info ]:  Succeeded [  0.00s] model public_gold.gl_game (table)
21:57:29.630711 [debug]: Finished analyzing [  0.00s] model public_silver.slv_fact_activity [success]
21:57:29.630724 [info ]: Finished analyzing [  0.00s] (8 nodes, 0 skipped, 0 errors)
21:57:29.630729 [info ]:  Succeeded [  0.00s] model public_silver.slv_fact_activity (view)
21:57:29.636261 [info ]: Started scheduling
21:57:29.636321 [info ]: Finished scheduling [  0.00s]
21:57:29.636790 [info ]: Cached model count updated: 8 models (accurate)
21:57:29.900136 [debug]: License check failed: Feature not licensed: 'lineage'
21:59:21.198414 [debug]: License check failed: Feature not licensed: 'lineage'
21:59:32.236202 [debug]: License check failed: Feature not licensed: 'lineage'
21:59:37.169749 [info ]: Started loading project
21:59:37.199454 [info ]: Loading ~/.dbt/profiles.yml
21:59:37.508274 [info ]: Started parsing
21:59:37.767232 [info ]: Finished loading project [  0.60s]
21:59:37.790920 [debug]: Finished parsing models/schema.yml [  0.01s]
21:59:37.833704 [debug]: Finished parsing models/gold/gl_activity.sql [  0.02s]
21:59:37.837335 [debug]: Finished parsing models/silver/slv_dim_game.sql [  0.00s]
21:59:37.841331 [debug]: Finished parsing models/silver/slv_fact_activity.sql [  0.00s]
21:59:37.882628 [info ]: Finished parsing [  0.37s]
21:59:37.912595 [info ]: Cached model count updated: 8 models (estimate)
21:59:37.912812 [info ]: Cached model count updated: 8 models (accurate)
21:59:37.914594 [info ]: Started scheduling
21:59:37.915836 [info ]: Finished scheduling [  0.00s]
21:59:37.916340 [debug]: Compilation - 5 nodes selected: {"model.casino_games_models.br_dim_currency", "model.casino_games_models.br_fact_activity", "model.casino_games_models.gl_activity", "model.casino_games_models.slv_dim_currency", "model.casino_games_models.slv_fact_activity"}
21:59:37.934787 [debug]: License check failed: Feature not licensed: 'lineage'
21:59:37.952723 [info ]: Started building task graph
21:59:37.960451 [info ]: Finished building task graph [  0.01s]
21:59:37.979996 [info ]: Started rendering (5 nodes)
21:59:37.981445 [info ]: Started model public_gold.gl_activity
21:59:37.982175 [debug]: Started rendering model public_gold.gl_activity
21:59:37.982207 [info ]: Started model public_silver.slv_fact_activity
21:59:37.982215 [debug]: Started rendering model public_silver.slv_fact_activity
21:59:37.982223 [info ]: Started model public_silver.slv_dim_currency
21:59:37.982229 [debug]: Started rendering model public_silver.slv_dim_currency
21:59:37.982235 [info ]: Started model public_bronze.br_fact_activity
21:59:37.982239 [debug]: Started rendering model public_bronze.br_fact_activity
21:59:37.982589 [info ]: Started model public_bronze.br_dim_currency
21:59:37.982602 [debug]: Started rendering model public_bronze.br_dim_currency
21:59:37.988750 [debug]: Compiled SQL for node model.casino_games_models.br_dim_currency at target\.lsp\compiled\casino_games_models\models\bronze\br_dim_currency.sql
21:59:37.990200 [debug]: Compiled SQL for node model.casino_games_models.br_fact_activity at target\.lsp\compiled\casino_games_models\models\bronze\br_fact_activity.sql
21:59:37.990450 [debug]: Compiled SQL for node model.casino_games_models.slv_dim_currency at target\.lsp\compiled\casino_games_models\models\silver\slv_dim_currency.sql
21:59:37.991596 [debug]: Compiled SQL for node model.casino_games_models.slv_fact_activity at target\.lsp\compiled\casino_games_models\models\silver\slv_fact_activity.sql
21:59:37.994788 [debug]: Finished rendering [  0.01s] model public_bronze.br_fact_activity [success]
21:59:37.996073 [info ]: Started analyzing (5 nodes)
21:59:37.996101 [debug]: Started analyzing model public_bronze.br_fact_activity
21:59:37.996358 [debug]: Finished rendering [  0.01s] model public_silver.slv_fact_activity [success]
21:59:37.996384 [debug]: Started analyzing model public_silver.slv_fact_activity
21:59:37.996400 [debug]: Finished rendering [  0.01s] model public_silver.slv_dim_currency [success]
21:59:37.996421 [debug]: Started analyzing model public_silver.slv_dim_currency
21:59:37.996439 [debug]: Finished rendering [  0.01s] model public_bronze.br_dim_currency [success]
21:59:37.996448 [debug]: Started analyzing model public_bronze.br_dim_currency
21:59:37.997425 [debug]: Compiled SQL for node model.casino_games_models.gl_activity at target\.lsp\compiled\casino_games_models\models\gold\gl_activity.sql
21:59:37.997789 [debug]: Finished rendering [  0.02s] model public_gold.gl_activity [success]
21:59:37.997874 [info ]: Finished rendering [  0.02s] (5 nodes, 0 skipped, 0 errors)
21:59:37.997990 [debug]: Started analyzing model public_gold.gl_activity
21:59:38.010773 [debug]: Finished analyzing [  0.01s] model public_bronze.br_dim_currency [success]
21:59:38.010813 [info ]:  Succeeded [  0.03s] model public_bronze.br_dim_currency (view)
21:59:38.010853 [debug]: Finished analyzing [  0.01s] model public_silver.slv_fact_activity [success]
21:59:38.010869 [info ]:  Succeeded [  0.03s] model public_silver.slv_fact_activity (view)
21:59:38.010884 [debug]: Finished analyzing [  0.01s] model public_silver.slv_dim_currency [success]
21:59:38.010897 [info ]:  Succeeded [  0.03s] model public_silver.slv_dim_currency (view)
21:59:38.010912 [debug]: Finished analyzing [  0.01s] model public_bronze.br_fact_activity [success]
21:59:38.010925 [info ]:  Succeeded [  0.03s] model public_bronze.br_fact_activity (view)
21:59:38.012687 [debug]: Finished analyzing [  0.01s] model public_gold.gl_activity [success]
21:59:38.012725 [info ]: Finished analyzing [  0.02s] (5 nodes, 0 skipped, 0 errors)
21:59:38.012841 [info ]:  Succeeded [  0.03s] model public_gold.gl_activity (table)
21:59:38.024834 [info ]: Started scheduling
21:59:38.025148 [info ]: Finished scheduling [  0.00s]
21:59:38.028537 [info ]: Cached model count updated: 8 models (accurate)
21:59:38.285779 [debug]: License check failed: Feature not licensed: 'lineage'
21:59:39.276191 [info ]: Started loading project
21:59:39.277165 [info ]: Loading ~/.dbt/profiles.yml
21:59:39.292488 [info ]: Started parsing
21:59:39.358318 [info ]: Finished loading project [  0.08s]
21:59:39.360711 [debug]: Finished parsing models/schema.yml [  0.00s]
21:59:39.362674 [debug]: Finished parsing models/gold/gl_activity.sql [  0.00s]
21:59:39.363104 [debug]: Finished parsing models/silver/slv_dim_game.sql [  0.00s]
21:59:39.363460 [debug]: Finished parsing models/silver/slv_fact_activity.sql [  0.00s]
21:59:39.368852 [info ]: Finished parsing [  0.08s]
21:59:39.372140 [info ]: Cached model count updated: 8 models (estimate)
21:59:39.372159 [info ]: Cached model count updated: 8 models (accurate)
21:59:39.372190 [info ]: Started scheduling
21:59:39.372296 [info ]: Finished scheduling [  0.00s]
21:59:39.372311 [debug]: Compilation - 5 nodes selected: {"model.casino_games_models.br_dim_currency", "model.casino_games_models.br_fact_activity", "model.casino_games_models.gl_activity", "model.casino_games_models.slv_dim_currency", "model.casino_games_models.slv_fact_activity"}
21:59:39.373865 [debug]: License check failed: Feature not licensed: 'lineage'
21:59:39.374650 [info ]: Started building task graph
21:59:39.374708 [info ]: Finished building task graph [  0.00s]
21:59:39.377167 [info ]: Started rendering (5 nodes)
21:59:39.377190 [info ]: Started model public_gold.gl_activity
21:59:39.377199 [debug]: Started rendering model public_gold.gl_activity
21:59:39.377217 [info ]: Started model public_silver.slv_fact_activity
21:59:39.377223 [debug]: Started rendering model public_silver.slv_fact_activity
21:59:39.377230 [info ]: Started model public_silver.slv_dim_currency
21:59:39.377233 [debug]: Started rendering model public_silver.slv_dim_currency
21:59:39.377349 [info ]: Started model public_bronze.br_fact_activity
21:59:39.377366 [debug]: Started rendering model public_bronze.br_fact_activity
21:59:39.377387 [info ]: Started model public_bronze.br_dim_currency
21:59:39.377412 [debug]: Started rendering model public_bronze.br_dim_currency
21:59:39.377621 [debug]: Compiled SQL for node model.casino_games_models.slv_dim_currency at target\.lsp\compiled\casino_games_models\models\silver\slv_dim_currency.sql
21:59:39.377682 [debug]: Finished rendering [  0.00s] model public_silver.slv_dim_currency [success]
21:59:39.377880 [debug]: Compiled SQL for node model.casino_games_models.br_fact_activity at target\.lsp\compiled\casino_games_models\models\bronze\br_fact_activity.sql
21:59:39.377970 [info ]: Started analyzing (5 nodes)
21:59:39.378038 [debug]: Started analyzing model public_silver.slv_dim_currency
21:59:39.378084 [debug]: Finished rendering [  0.00s] model public_bronze.br_fact_activity [success]
21:59:39.378102 [debug]: Started analyzing model public_bronze.br_fact_activity
21:59:39.378237 [debug]: Compiled SQL for node model.casino_games_models.br_dim_currency at target\.lsp\compiled\casino_games_models\models\bronze\br_dim_currency.sql
21:59:39.378350 [debug]: Finished rendering [  0.00s] model public_bronze.br_dim_currency [success]
21:59:39.378381 [debug]: Started analyzing model public_bronze.br_dim_currency
21:59:39.378565 [debug]: Finished analyzing [  0.00s] model public_bronze.br_fact_activity [success]
21:59:39.378593 [info ]:  Succeeded [-------] model public_bronze.br_fact_activity (view)
21:59:39.378614 [debug]: Finished analyzing [  0.00s] model public_silver.slv_dim_currency [success]
21:59:39.378619 [info ]:  Succeeded [-------] model public_silver.slv_dim_currency (view)
21:59:39.378678 [debug]: Finished analyzing [  0.00s] model public_bronze.br_dim_currency [success]
21:59:39.378695 [info ]:  Succeeded [-------] model public_bronze.br_dim_currency (view)
21:59:39.378853 [debug]: Compiled SQL for node model.casino_games_models.slv_fact_activity at target\.lsp\compiled\casino_games_models\models\silver\slv_fact_activity.sql
21:59:39.378894 [debug]: Finished rendering [  0.00s] model public_silver.slv_fact_activity [success]
21:59:39.378908 [debug]: Started analyzing model public_silver.slv_fact_activity
21:59:39.379245 [debug]: Compiled SQL for node model.casino_games_models.gl_activity at target\.lsp\compiled\casino_games_models\models\gold\gl_activity.sql
21:59:39.379341 [debug]: Finished rendering [  0.00s] model public_gold.gl_activity [success]
21:59:39.379355 [info ]: Finished rendering [  0.00s] (5 nodes, 0 skipped, 0 errors)
21:59:39.379365 [debug]: Started analyzing model public_gold.gl_activity
21:59:39.379382 [debug]: Finished analyzing [  0.00s] model public_silver.slv_fact_activity [success]
21:59:39.379391 [info ]:  Succeeded [  0.00s] model public_silver.slv_fact_activity (view)
21:59:39.380855 [debug]: Finished analyzing [  0.00s] model public_gold.gl_activity [success]
21:59:39.380872 [info ]: Finished analyzing [  0.00s] (5 nodes, 0 skipped, 0 errors)
21:59:39.380878 [info ]:  Succeeded [  0.00s] model public_gold.gl_activity (table)
21:59:39.383112 [info ]: Started scheduling
21:59:39.383331 [info ]: Finished scheduling [  0.00s]
21:59:39.384328 [info ]: Cached model count updated: 8 models (accurate)
21:59:39.433620 [info ]: Waiting for lease on 'target' directory
21:59:39.902680 [info ]: Started loading project
21:59:39.903461 [info ]: Loading ~/.dbt/profiles.yml
21:59:39.913475 [info ]: Started parsing
21:59:39.983029 [info ]: Finished loading project [  0.08s]
21:59:39.985515 [debug]: Finished parsing models/schema.yml [  0.00s]
21:59:39.987100 [debug]: Finished parsing models/gold/gl_activity.sql [  0.00s]
21:59:39.987635 [debug]: Finished parsing models/silver/slv_dim_game.sql [  0.00s]
21:59:39.987962 [debug]: Finished parsing models/silver/slv_fact_activity.sql [  0.00s]
21:59:39.991294 [info ]: Finished parsing [  0.08s]
21:59:39.993029 [info ]: Cached model count updated: 8 models (estimate)
21:59:39.993044 [info ]: Cached model count updated: 8 models (accurate)
21:59:39.993067 [info ]: Started scheduling
21:59:39.993152 [info ]: Finished scheduling [  0.00s]
21:59:39.993164 [debug]: Compilation - 5 nodes selected: {"model.casino_games_models.br_dim_currency", "model.casino_games_models.br_fact_activity", "model.casino_games_models.gl_activity", "model.casino_games_models.slv_dim_currency", "model.casino_games_models.slv_fact_activity"}
21:59:39.993690 [debug]: License check failed: Feature not licensed: 'lineage'
21:59:39.994146 [info ]: Started building task graph
21:59:39.994193 [info ]: Finished building task graph [  0.00s]
21:59:39.996476 [info ]: Started rendering (5 nodes)
21:59:39.996495 [info ]: Started model public_gold.gl_activity
21:59:39.996514 [debug]: Started rendering model public_gold.gl_activity
21:59:39.996533 [info ]: Started model public_silver.slv_fact_activity
21:59:39.996542 [debug]: Started rendering model public_silver.slv_fact_activity
21:59:39.996582 [info ]: Started model public_silver.slv_dim_currency
21:59:39.996588 [debug]: Started rendering model public_silver.slv_dim_currency
21:59:39.996593 [info ]: Started model public_bronze.br_fact_activity
21:59:39.996597 [debug]: Started rendering model public_bronze.br_fact_activity
21:59:39.996603 [info ]: Started model public_bronze.br_dim_currency
21:59:39.996608 [debug]: Started rendering model public_bronze.br_dim_currency
21:59:39.996902 [debug]: Compiled SQL for node model.casino_games_models.slv_dim_currency at target\.lsp\compiled\casino_games_models\models\silver\slv_dim_currency.sql
21:59:39.996903 [debug]: Compiled SQL for node model.casino_games_models.br_dim_currency at target\.lsp\compiled\casino_games_models\models\bronze\br_dim_currency.sql
21:59:39.996902 [debug]: Compiled SQL for node model.casino_games_models.slv_fact_activity at target\.lsp\compiled\casino_games_models\models\silver\slv_fact_activity.sql
21:59:39.996967 [debug]: Finished rendering [  0.00s] model public_bronze.br_dim_currency [success]
21:59:39.997201 [info ]: Started analyzing (5 nodes)
21:59:39.997215 [debug]: Started analyzing model public_bronze.br_dim_currency
21:59:39.997237 [debug]: Finished rendering [  0.00s] model public_silver.slv_dim_currency [success]
21:59:39.997251 [debug]: Started analyzing model public_silver.slv_dim_currency
21:59:39.997264 [debug]: Finished rendering [  0.00s] model public_silver.slv_fact_activity [success]
21:59:39.997272 [debug]: Started analyzing model public_silver.slv_fact_activity
21:59:39.997477 [debug]: Finished analyzing [  0.00s] model public_silver.slv_dim_currency [success]
21:59:39.997494 [info ]:  Succeeded [-------] model public_silver.slv_dim_currency (view)
21:59:39.997542 [debug]: Finished analyzing [  0.00s] model public_silver.slv_fact_activity [success]
21:59:39.997555 [info ]:  Succeeded [-------] model public_silver.slv_fact_activity (view)
21:59:39.997611 [debug]: Finished analyzing [  0.00s] model public_bronze.br_dim_currency [success]
21:59:39.997644 [info ]:  Succeeded [-------] model public_bronze.br_dim_currency (view)
21:59:39.997684 [debug]: Compiled SQL for node model.casino_games_models.br_fact_activity at target\.lsp\compiled\casino_games_models\models\bronze\br_fact_activity.sql
21:59:39.997726 [debug]: Finished rendering [  0.00s] model public_bronze.br_fact_activity [success]
21:59:39.997740 [debug]: Started analyzing model public_bronze.br_fact_activity
21:59:39.997860 [debug]: Finished analyzing [  0.00s] model public_bronze.br_fact_activity [success]
21:59:39.997870 [info ]:  Succeeded [  0.00s] model public_bronze.br_fact_activity (view)
21:59:39.998000 [debug]: Compiled SQL for node model.casino_games_models.gl_activity at target\.lsp\compiled\casino_games_models\models\gold\gl_activity.sql
21:59:39.998073 [debug]: Finished rendering [  0.00s] model public_gold.gl_activity [success]
21:59:39.998085 [info ]: Finished rendering [  0.00s] (5 nodes, 0 skipped, 0 errors)
21:59:39.998095 [debug]: Started analyzing model public_gold.gl_activity
21:59:39.998849 [debug]: Finished analyzing [  0.00s] model public_gold.gl_activity [success]
21:59:39.998862 [info ]: Finished analyzing [  0.00s] (5 nodes, 0 skipped, 0 errors)
21:59:39.998867 [info ]:  Succeeded [  0.00s] model public_gold.gl_activity (table)
21:59:40.002084 [info ]: Started scheduling
21:59:40.002237 [info ]: Finished scheduling [  0.00s]
21:59:40.003107 [info ]: Cached model count updated: 8 models (accurate)
21:59:40.267902 [debug]: License check failed: Feature not licensed: 'lineage'
21:59:41.671869 [info ]: Started loading project
21:59:41.672315 [info ]: Loading ~/.dbt/profiles.yml
21:59:41.696459 [info ]: Cached model count updated: 8 models (estimate)
21:59:41.696490 [info ]: Cached model count updated: 8 models (accurate)
21:59:41.696514 [info ]: Started scheduling
21:59:41.696600 [info ]: Finished scheduling [  0.00s]
21:59:41.696616 [debug]: Compilation - 11 nodes selected: {"model.casino_games_models.br_dim_currency", "model.casino_games_models.br_dim_game", "model.casino_games_models.br_fact_activity", "model.casino_games_models.gl_activity", "model.casino_games_models.gl_game", "model.casino_games_models.slv_dim_currency", "model.casino_games_models.slv_dim_game", "model.casino_games_models.slv_fact_activity", "seed.casino_games_models.dim_currency", "seed.casino_games_models.dim_game", "seed.casino_games_models.fact_activity"}
21:59:41.697157 [debug]: License check failed: Feature not licensed: 'lineage'
21:59:41.697635 [info ]: Started building task graph
21:59:41.697699 [info ]: Finished building task graph [  0.00s]
21:59:41.697746 [info ]: Finished loading project [  0.03s]
21:59:41.710539 [error]: Arrow error: Csv error: incorrect number of fields for line 3, expected 1 got 2
21:59:42.351810 [info ]: Started rendering (11 nodes)
21:59:42.351846 [info ]: Started seed public.fact_activity
21:59:42.351856 [debug]: Started rendering seed public.fact_activity
21:59:42.351875 [info ]: Started seed public.dim_game
21:59:42.351885 [debug]: Started rendering seed public.dim_game
21:59:42.351891 [info ]: Started seed public.dim_currency
21:59:42.351896 [debug]: Started rendering seed public.dim_currency
21:59:42.351903 [info ]: Started model public_gold.gl_game
21:59:42.351910 [debug]: Started rendering model public_gold.gl_game
21:59:42.351922 [info ]: Started model public_silver.slv_dim_game
21:59:42.351930 [debug]: Started rendering model public_silver.slv_dim_game
21:59:42.351938 [info ]: Started model public_gold.gl_activity
21:59:42.351944 [debug]: Started rendering model public_gold.gl_activity
21:59:42.351952 [info ]: Started model public_silver.slv_fact_activity
21:59:42.351962 [debug]: Started rendering model public_silver.slv_fact_activity
21:59:42.351969 [info ]: Started model public_silver.slv_dim_currency
21:59:42.351974 [debug]: Started rendering model public_silver.slv_dim_currency
21:59:42.351983 [info ]: Started model public_bronze.br_fact_activity
21:59:42.351987 [debug]: Started rendering model public_bronze.br_fact_activity
21:59:42.351993 [info ]: Started model public_bronze.br_dim_game
21:59:42.352224 [debug]: Started rendering model public_bronze.br_dim_game
21:59:42.352265 [info ]: Started model public_bronze.br_dim_currency
21:59:42.352282 [debug]: Started rendering model public_bronze.br_dim_currency
21:59:42.352544 [debug]: Compiled SQL for node model.casino_games_models.slv_dim_currency at target\.lsp\compiled\casino_games_models\models\silver\slv_dim_currency.sql
21:59:42.352544 [debug]: Compiled SQL for node model.casino_games_models.br_fact_activity at target\.lsp\compiled\casino_games_models\models\bronze\br_fact_activity.sql
21:59:42.352837 [debug]: Finished rendering [  0.00s] model public_bronze.br_fact_activity [success]
21:59:42.352948 [info ]: Started analyzing (8 nodes)
21:59:42.352966 [debug]: Started analyzing model public_bronze.br_fact_activity
21:59:42.353275 [debug]: Compiled SQL for node model.casino_games_models.br_dim_currency at target\.lsp\compiled\casino_games_models\models\bronze\br_dim_currency.sql
21:59:42.353444 [debug]: Finished rendering [  0.00s] model public_silver.slv_dim_currency [success]
21:59:42.353476 [debug]: Started analyzing model public_silver.slv_dim_currency
21:59:42.353507 [debug]: Finished rendering [  0.00s] seed public.fact_activity [success]
21:59:42.353560 [info ]:  Succeeded [  0.00s] seed  public.fact_activity (table)
21:59:42.353615 [debug]: Finished rendering [  0.00s] seed public.dim_currency [success]
21:59:42.353626 [info ]:  Succeeded [  0.00s] seed  public.dim_currency (table)
21:59:42.353638 [debug]: Finished rendering [  0.00s] seed public.dim_game [error]
21:59:42.353647 [info ]:     Failed [  0.00s] seed  public.dim_game (table)
21:59:42.353814 [debug]: Compiled SQL for node model.casino_games_models.slv_fact_activity at target\.lsp\compiled\casino_games_models\models\silver\slv_fact_activity.sql
21:59:42.353902 [debug]: Finished rendering [  0.00s] model public_bronze.br_dim_currency [success]
21:59:42.353931 [debug]: Started analyzing model public_bronze.br_dim_currency
21:59:42.353951 [debug]: Finished analyzing [  0.00s] model public_bronze.br_fact_activity [success]
21:59:42.353969 [info ]:  Succeeded [-------] model public_bronze.br_fact_activity (view)
21:59:42.353994 [debug]: Compiled SQL for node model.casino_games_models.gl_game at target\.lsp\compiled\casino_games_models\models\gold\gl_game.sql
21:59:42.354026 [debug]: Compiled SQL for node model.casino_games_models.br_dim_game at target\.lsp\compiled\casino_games_models\models\bronze\br_dim_game.sql
21:59:42.353990 [debug]: Finished rendering [  0.00s] model public_silver.slv_fact_activity [success]
21:59:42.354179 [debug]: Compiled SQL for node model.casino_games_models.slv_dim_game at target\.lsp\compiled\casino_games_models\models\silver\slv_dim_game.sql
21:59:42.354199 [debug]: Started analyzing model public_silver.slv_fact_activity
21:59:42.354218 [debug]: Finished analyzing [  0.00s] model public_silver.slv_dim_currency [success]
21:59:42.354229 [info ]:  Succeeded [  0.00s] model public_silver.slv_dim_currency (view)
21:59:42.354265 [debug]: Finished rendering [  0.00s] model public_gold.gl_game [success]
21:59:42.354277 [debug]: Started analyzing model public_gold.gl_game
21:59:42.354310 [debug]: Finished rendering [  0.00s] model public_bronze.br_dim_game [success]
21:59:42.354321 [debug]: Started analyzing model public_bronze.br_dim_game
21:59:42.354330 [debug]: Finished rendering [  0.00s] model public_silver.slv_dim_game [success]
21:59:42.354338 [debug]: Started analyzing model public_silver.slv_dim_game
21:59:42.354345 [debug]: Finished analyzing [  0.00s] model public_bronze.br_dim_currency [success]
21:59:42.354350 [info ]:  Succeeded [  0.00s] model public_bronze.br_dim_currency (view)
21:59:42.354379 [debug]: Compiled SQL for node model.casino_games_models.gl_activity at target\.lsp\compiled\casino_games_models\models\gold\gl_activity.sql
21:59:42.354427 [debug]: Finished rendering [  0.00s] model public_gold.gl_activity [success]
21:59:42.354448 [info ]: Finished rendering [  0.00s] (11 nodes, 0 skipped, 1 errors)
21:59:42.354466 [debug]: Started analyzing model public_gold.gl_activity
21:59:42.354518 [debug]: Finished analyzing [  0.00s] model public_bronze.br_dim_game [success]
21:59:42.354534 [info ]:  Succeeded [  0.00s] model public_bronze.br_dim_game (view)
21:59:42.354549 [debug]: Finished analyzing [  0.00s] model public_gold.gl_game [success]
21:59:42.354554 [info ]:  Succeeded [  0.00s] model public_gold.gl_game (table)
21:59:42.354761 [debug]: Finished analyzing [  0.00s] model public_silver.slv_fact_activity [success]
21:59:42.354775 [info ]:  Succeeded [  0.00s] model public_silver.slv_fact_activity (view)
21:59:42.355770 [debug]: Finished analyzing [  0.00s] model public_gold.gl_activity [success]
21:59:42.355785 [info ]:  Succeeded [  0.00s] model public_gold.gl_activity (table)
21:59:42.356264 [debug]: Finished analyzing [  0.00s] model public_silver.slv_dim_game [success]
21:59:42.356284 [info ]: Finished analyzing [  0.00s] (8 nodes, 0 skipped, 0 errors)
21:59:42.356291 [info ]:  Succeeded [  0.00s] model public_silver.slv_dim_game (view)
21:59:42.359065 [info ]: Started scheduling
21:59:42.359319 [info ]: Finished scheduling [  0.00s]
21:59:42.359739 [info ]: Cached model count updated: 8 models (accurate)
21:59:42.617268 [debug]: License check failed: Feature not licensed: 'lineage'
22:02:05.492443 [debug]: License check failed: Feature not licensed: 'lineage'
22:02:12.299267 [debug]: License check failed: Feature not licensed: 'lineage'
22:03:41.980860 [info ]: Started loading project
22:03:42.008811 [info ]: Loading ~/.dbt/profiles.yml
22:03:42.242973 [info ]: Started parsing
22:03:42.436937 [info ]: Finished loading project [  0.46s]
22:03:42.460294 [debug]: Finished parsing models/schema.yml [  0.01s]
22:03:42.481266 [debug]: Finished parsing models/gold/gl_activity.sql [  0.01s]
22:03:42.482730 [debug]: Finished parsing models/silver/slv_dim_game.sql [  0.00s]
22:03:42.483398 [debug]: Finished parsing models/silver/slv_fact_activity.sql [  0.00s]
22:03:42.506155 [info ]: Finished parsing [  0.26s]
22:03:42.516037 [info ]: Cached model count updated: 8 models (estimate)
22:03:42.516054 [info ]: Cached model count updated: 8 models (accurate)
22:03:42.517057 [info ]: Started scheduling
22:03:42.522202 [info ]: Finished scheduling [  0.01s]
22:03:42.522515 [debug]: Compilation - 2 nodes selected: {"model.casino_games_models.br_fact_activity", "model.casino_games_models.slv_fact_activity"}
22:03:42.532185 [debug]: License check failed: Feature not licensed: 'lineage'
22:03:42.543614 [info ]: Started building task graph
22:03:42.549158 [info ]: Finished building task graph [  0.01s]
22:03:42.584108 [info ]: Started rendering (2 nodes)
22:03:42.585363 [info ]: Started model public_silver.slv_fact_activity
22:03:42.585393 [debug]: Started rendering model public_silver.slv_fact_activity
22:03:42.585774 [info ]: Started model public_bronze.br_fact_activity
22:03:42.586100 [debug]: Started rendering model public_bronze.br_fact_activity
22:03:42.591662 [debug]: Compiled SQL for node model.casino_games_models.br_fact_activity at target\.lsp\compiled\casino_games_models\models\bronze\br_fact_activity.sql
22:03:42.595365 [debug]: Finished rendering [  0.01s] model public_bronze.br_fact_activity [success]
22:03:42.596339 [info ]: Started analyzing (2 nodes)
22:03:42.596364 [debug]: Started analyzing model public_bronze.br_fact_activity
22:03:42.598362 [debug]: Compiled SQL for node model.casino_games_models.slv_fact_activity at target\.lsp\compiled\casino_games_models\models\silver\slv_fact_activity.sql
22:03:42.598494 [debug]: Finished rendering [  0.01s] model public_silver.slv_fact_activity [success]
22:03:42.598521 [info ]: Finished rendering [  0.01s] (2 nodes, 0 skipped, 0 errors)
22:03:42.598536 [debug]: Started analyzing model public_silver.slv_fact_activity
22:03:42.613792 [debug]: Finished analyzing [  0.02s] model public_bronze.br_fact_activity [success]
22:03:42.613819 [info ]:  Succeeded [  0.03s] model public_bronze.br_fact_activity (view)
22:03:42.663124 [debug]: Finished analyzing [  0.06s] model public_silver.slv_fact_activity [success]
22:03:42.663147 [info ]: Finished analyzing [  0.07s] (2 nodes, 0 skipped, 0 errors)
22:03:42.663154 [info ]:  Succeeded [  0.08s] model public_silver.slv_fact_activity (view)
22:03:42.675148 [info ]: Started scheduling
22:03:42.675382 [info ]: Finished scheduling [  0.00s]
22:03:42.676791 [info ]: Cached model count updated: 8 models (accurate)
22:03:42.933291 [debug]: License check failed: Feature not licensed: 'lineage'
22:03:44.376085 [info ]: Started loading project
22:03:44.376945 [info ]: Loading ~/.dbt/profiles.yml
22:03:44.419592 [info ]: Cached model count updated: 8 models (estimate)
22:03:44.419614 [info ]: Cached model count updated: 8 models (accurate)
22:03:44.419650 [info ]: Started scheduling
22:03:44.419783 [info ]: Finished scheduling [  0.00s]
22:03:44.419802 [debug]: Compilation - 11 nodes selected: {"model.casino_games_models.br_dim_currency", "model.casino_games_models.br_dim_game", "model.casino_games_models.br_fact_activity", "model.casino_games_models.gl_activity", "model.casino_games_models.gl_game", "model.casino_games_models.slv_dim_currency", "model.casino_games_models.slv_dim_game", "model.casino_games_models.slv_fact_activity", "seed.casino_games_models.dim_currency", "seed.casino_games_models.dim_game", "seed.casino_games_models.fact_activity"}
22:03:44.421804 [debug]: License check failed: Feature not licensed: 'lineage'
22:03:44.422686 [info ]: Started building task graph
22:03:44.422948 [info ]: Finished building task graph [  0.00s]
22:03:44.423107 [info ]: Finished loading project [  0.05s]
22:03:44.437114 [error]: Arrow error: Csv error: incorrect number of fields for line 3, expected 1 got 2
22:03:45.210641 [info ]: Started rendering (11 nodes)
22:03:45.210702 [info ]: Started seed public.fact_activity
22:03:45.210723 [debug]: Started rendering seed public.fact_activity
22:03:45.210746 [info ]: Started seed public.dim_game
22:03:45.210750 [debug]: Started rendering seed public.dim_game
22:03:45.210773 [info ]: Started seed public.dim_currency
22:03:45.210780 [debug]: Started rendering seed public.dim_currency
22:03:45.210789 [info ]: Started model public_gold.gl_game
22:03:45.210794 [debug]: Started rendering model public_gold.gl_game
22:03:45.210814 [info ]: Started model public_silver.slv_dim_game
22:03:45.210844 [debug]: Started rendering model public_silver.slv_dim_game
22:03:45.210888 [info ]: Started model public_gold.gl_activity
22:03:45.210912 [debug]: Started rendering model public_gold.gl_activity
22:03:45.210926 [info ]: Started model public_silver.slv_fact_activity
22:03:45.210930 [debug]: Started rendering model public_silver.slv_fact_activity
22:03:45.210963 [info ]: Started model public_silver.slv_dim_currency
22:03:45.210972 [debug]: Started rendering model public_silver.slv_dim_currency
22:03:45.210984 [info ]: Started model public_bronze.br_fact_activity
22:03:45.210995 [debug]: Started rendering model public_bronze.br_fact_activity
22:03:45.211004 [info ]: Started model public_bronze.br_dim_game
22:03:45.211008 [debug]: Started rendering model public_bronze.br_dim_game
22:03:45.211015 [info ]: Started model public_bronze.br_dim_currency
22:03:45.211021 [debug]: Started rendering model public_bronze.br_dim_currency
22:03:45.211443 [debug]: Finished rendering [  0.00s] seed public.fact_activity [success]
22:03:45.211479 [info ]:  Succeeded [-------] seed  public.fact_activity (table)
22:03:45.211509 [debug]: Finished rendering [  0.00s] seed public.dim_currency [success]
22:03:45.211518 [info ]:  Succeeded [-------] seed  public.dim_currency (table)
22:03:45.211528 [debug]: Finished rendering [  0.00s] seed public.dim_game [error]
22:03:45.211533 [info ]:     Failed [-------] seed  public.dim_game (table)
22:03:45.212503 [debug]: Compiled SQL for node model.casino_games_models.slv_fact_activity at target\.lsp\compiled\casino_games_models\models\silver\slv_fact_activity.sql
22:03:45.212594 [debug]: Finished rendering [  0.00s] model public_silver.slv_fact_activity [success]
22:03:45.212635 [info ]: Started analyzing (8 nodes)
22:03:45.212648 [debug]: Started analyzing model public_silver.slv_fact_activity
22:03:45.213066 [debug]: Compiled SQL for node model.casino_games_models.br_fact_activity at target\.lsp\compiled\casino_games_models\models\bronze\br_fact_activity.sql
22:03:45.213131 [debug]: Finished rendering [  0.00s] model public_bronze.br_fact_activity [success]
22:03:45.213157 [debug]: Started analyzing model public_bronze.br_fact_activity
22:03:45.213563 [debug]: Finished analyzing [  0.00s] model public_bronze.br_fact_activity [success]
22:03:45.213603 [info ]:  Succeeded [  0.00s] model public_bronze.br_fact_activity (view)
22:03:45.213661 [debug]: Compiled SQL for node model.casino_games_models.slv_dim_game at target\.lsp\compiled\casino_games_models\models\silver\slv_dim_game.sql
22:03:45.213709 [debug]: Compiled SQL for node model.casino_games_models.gl_activity at target\.lsp\compiled\casino_games_models\models\gold\gl_activity.sql
22:03:45.213821 [debug]: Compiled SQL for node model.casino_games_models.gl_game at target\.lsp\compiled\casino_games_models\models\gold\gl_game.sql
22:03:45.213908 [debug]: Finished rendering [  0.00s] model public_silver.slv_dim_game [success]
22:03:45.214118 [debug]: Compiled SQL for node model.casino_games_models.br_dim_game at target\.lsp\compiled\casino_games_models\models\bronze\br_dim_game.sql
22:03:45.214142 [debug]: Started analyzing model public_silver.slv_dim_game
22:03:45.214473 [debug]: Finished rendering [  0.00s] model public_gold.gl_activity [success]
22:03:45.214494 [debug]: Started analyzing model public_gold.gl_activity
22:03:45.214512 [debug]: Finished rendering [  0.00s] model public_gold.gl_game [success]
22:03:45.214526 [debug]: Started analyzing model public_gold.gl_game
22:03:45.214543 [debug]: Finished rendering [  0.00s] model public_bronze.br_dim_game [success]
22:03:45.214551 [debug]: Started analyzing model public_bronze.br_dim_game
22:03:45.214991 [debug]: Finished analyzing [  0.00s] model public_silver.slv_dim_game [success]
22:03:45.215010 [info ]:  Succeeded [  0.00s] model public_silver.slv_dim_game (view)
22:03:45.215068 [debug]: Finished analyzing [  0.00s] model public_gold.gl_game [success]
22:03:45.215083 [info ]:  Succeeded [  0.00s] model public_gold.gl_game (table)
22:03:45.215453 [debug]: Finished analyzing [  0.00s] model public_bronze.br_dim_game [success]
22:03:45.215471 [info ]:  Succeeded [  0.00s] model public_bronze.br_dim_game (view)
22:03:45.216075 [debug]: Compiled SQL for node model.casino_games_models.slv_dim_currency at target\.lsp\compiled\casino_games_models\models\silver\slv_dim_currency.sql
22:03:45.216127 [debug]: Finished rendering [  0.01s] model public_silver.slv_dim_currency [success]
22:03:45.216146 [debug]: Started analyzing model public_silver.slv_dim_currency
22:03:45.216753 [debug]: Finished analyzing [  0.00s] model public_silver.slv_dim_currency [success]
22:03:45.216769 [info ]:  Succeeded [  0.01s] model public_silver.slv_dim_currency (view)
22:03:45.218300 [debug]: Compiled SQL for node model.casino_games_models.br_dim_currency at target\.lsp\compiled\casino_games_models\models\bronze\br_dim_currency.sql
22:03:45.218409 [debug]: Finished rendering [  0.01s] model public_bronze.br_dim_currency [success]
22:03:45.218436 [info ]: Finished rendering [  0.01s] (11 nodes, 0 skipped, 1 errors)
22:03:45.218467 [debug]: Started analyzing model public_bronze.br_dim_currency
22:03:45.218976 [debug]: Finished analyzing [  0.00s] model public_bronze.br_dim_currency [success]
22:03:45.218996 [info ]:  Succeeded [  0.01s] model public_bronze.br_dim_currency (view)
22:03:45.219691 [debug]: Finished analyzing [  0.01s] model public_silver.slv_fact_activity [success]
22:03:45.219729 [info ]:  Succeeded [  0.01s] model public_silver.slv_fact_activity (view)
22:03:45.219768 [debug]: Finished analyzing [  0.01s] model public_gold.gl_activity [success]
22:03:45.219787 [info ]: Finished analyzing [  0.01s] (8 nodes, 0 skipped, 0 errors)
22:03:45.219803 [info ]:  Succeeded [  0.01s] model public_gold.gl_activity (table)
22:03:45.225060 [info ]: Started scheduling
22:03:45.225154 [info ]: Finished scheduling [  0.00s]
22:03:45.225631 [info ]: Cached model count updated: 8 models (accurate)
22:03:45.486465 [debug]: License check failed: Feature not licensed: 'lineage'
22:06:08.615735 [debug]: License check failed: Feature not licensed: 'lineage'
22:06:15.595043 [debug]: License check failed: Feature not licensed: 'lineage'
22:06:22.408665 [info ]: Started loading project
22:06:22.440488 [info ]: Loading ~/.dbt/profiles.yml
22:06:22.695624 [info ]: Started parsing
22:06:22.877874 [info ]: Finished loading project [  0.47s]
22:06:22.909775 [debug]: Finished parsing models/schema.yml [  0.02s]
22:06:22.947094 [debug]: Finished parsing models/gold/gl_activity.sql [  0.02s]
22:06:22.948604 [debug]: Finished parsing models/silver/slv_dim_game.sql [  0.00s]
22:06:22.950108 [debug]: Finished parsing models/silver/slv_fact_activity.sql [  0.00s]
22:06:22.977651 [info ]: Finished parsing [  0.28s]
22:06:22.989542 [info ]: Cached model count updated: 8 models (estimate)
22:06:22.989566 [info ]: Cached model count updated: 8 models (accurate)
22:06:22.991327 [info ]: Started scheduling
22:06:22.997726 [info ]: Finished scheduling [  0.01s]
22:06:22.998258 [debug]: Compilation - 5 nodes selected: {"model.casino_games_models.br_dim_currency", "model.casino_games_models.br_fact_activity", "model.casino_games_models.gl_activity", "model.casino_games_models.slv_dim_currency", "model.casino_games_models.slv_fact_activity"}
22:06:23.011715 [debug]: License check failed: Feature not licensed: 'lineage'
22:06:23.025595 [info ]: Started building task graph
22:06:23.030655 [info ]: Finished building task graph [  0.01s]
22:06:23.072739 [info ]: Started rendering (5 nodes)
22:06:23.073964 [info ]: Started model public_gold.gl_activity
22:06:23.073986 [debug]: Started rendering model public_gold.gl_activity
22:06:23.075278 [info ]: Started model public_silver.slv_fact_activity
22:06:23.075290 [debug]: Started rendering model public_silver.slv_fact_activity
22:06:23.075307 [info ]: Started model public_silver.slv_dim_currency
22:06:23.076052 [debug]: Started rendering model public_silver.slv_dim_currency
22:06:23.076076 [info ]: Started model public_bronze.br_fact_activity
22:06:23.076104 [debug]: Started rendering model public_bronze.br_fact_activity
22:06:23.076437 [info ]: Started model public_bronze.br_dim_currency
22:06:23.076659 [debug]: Started rendering model public_bronze.br_dim_currency
22:06:23.080845 [debug]: Compiled SQL for node model.casino_games_models.br_fact_activity at target\.lsp\compiled\casino_games_models\models\bronze\br_fact_activity.sql
22:06:23.080874 [debug]: Compiled SQL for node model.casino_games_models.br_dim_currency at target\.lsp\compiled\casino_games_models\models\bronze\br_dim_currency.sql
22:06:23.080843 [debug]: Compiled SQL for node model.casino_games_models.slv_fact_activity at target\.lsp\compiled\casino_games_models\models\silver\slv_fact_activity.sql
22:06:23.081497 [debug]: Compiled SQL for node model.casino_games_models.slv_dim_currency at target\.lsp\compiled\casino_games_models\models\silver\slv_dim_currency.sql
22:06:23.086421 [debug]: Finished rendering [  0.01s] model public_silver.slv_dim_currency [success]
22:06:23.087917 [info ]: Started analyzing (5 nodes)
22:06:23.087948 [debug]: Started analyzing model public_silver.slv_dim_currency
22:06:23.088316 [debug]: Finished rendering [  0.01s] model public_bronze.br_fact_activity [success]
22:06:23.088338 [debug]: Started analyzing model public_bronze.br_fact_activity
22:06:23.088350 [debug]: Finished rendering [  0.01s] model public_bronze.br_dim_currency [success]
22:06:23.088359 [debug]: Started analyzing model public_bronze.br_dim_currency
22:06:23.088473 [debug]: Finished rendering [  0.01s] model public_silver.slv_fact_activity [success]
22:06:23.088486 [debug]: Started analyzing model public_silver.slv_fact_activity
22:06:23.091682 [debug]: Compiled SQL for node model.casino_games_models.gl_activity at target\.lsp\compiled\casino_games_models\models\gold\gl_activity.sql
22:06:23.091775 [debug]: Finished rendering [  0.02s] model public_gold.gl_activity [success]
22:06:23.091805 [info ]: Finished rendering [  0.02s] (5 nodes, 0 skipped, 0 errors)
22:06:23.091821 [debug]: Started analyzing model public_gold.gl_activity
22:06:23.112909 [debug]: Finished analyzing [  0.02s] model public_bronze.br_fact_activity [success]
22:06:23.112937 [info ]:  Succeeded [  0.04s] model public_bronze.br_fact_activity (view)
22:06:23.113126 [debug]: Finished analyzing [  0.03s] model public_silver.slv_dim_currency [success]
22:06:23.113135 [info ]:  Succeeded [  0.04s] model public_silver.slv_dim_currency (view)
22:06:23.113150 [debug]: Finished analyzing [  0.02s] model public_bronze.br_dim_currency [success]
22:06:23.113159 [info ]:  Succeeded [  0.04s] model public_bronze.br_dim_currency (view)
22:06:23.114177 [debug]: Finished analyzing [  0.02s] model public_gold.gl_activity [success]
22:06:23.114194 [info ]:  Succeeded [  0.04s] model public_gold.gl_activity (table)
22:06:23.117794 [debug]: Finished analyzing [  0.03s] model public_silver.slv_fact_activity [success]
22:06:23.117819 [info ]: Finished analyzing [  0.03s] (5 nodes, 0 skipped, 0 errors)
22:06:23.117829 [info ]:  Succeeded [  0.04s] model public_silver.slv_fact_activity (view)
22:06:23.127826 [info ]: Started scheduling
22:06:23.127929 [info ]: Finished scheduling [  0.00s]
22:06:23.129582 [info ]: Cached model count updated: 8 models (accurate)
22:06:23.385862 [debug]: License check failed: Feature not licensed: 'lineage'
22:06:24.811498 [info ]: Started loading project
22:06:24.812462 [info ]: Loading ~/.dbt/profiles.yml
22:06:24.857339 [info ]: Cached model count updated: 8 models (estimate)
22:06:24.857360 [info ]: Cached model count updated: 8 models (accurate)
22:06:24.857398 [info ]: Started scheduling
22:06:24.857516 [info ]: Finished scheduling [  0.00s]
22:06:24.857534 [debug]: Compilation - 11 nodes selected: {"model.casino_games_models.br_dim_currency", "model.casino_games_models.br_dim_game", "model.casino_games_models.br_fact_activity", "model.casino_games_models.gl_activity", "model.casino_games_models.gl_game", "model.casino_games_models.slv_dim_currency", "model.casino_games_models.slv_dim_game", "model.casino_games_models.slv_fact_activity", "seed.casino_games_models.dim_currency", "seed.casino_games_models.dim_game", "seed.casino_games_models.fact_activity"}
22:06:24.858498 [debug]: License check failed: Feature not licensed: 'lineage'
22:06:24.859136 [info ]: Started building task graph
22:06:24.859217 [info ]: Finished building task graph [  0.00s]
22:06:24.859302 [info ]: Finished loading project [  0.05s]
22:06:24.899617 [error]: Arrow error: Csv error: incorrect number of fields for line 3, expected 1 got 2
22:06:25.691714 [info ]: Started rendering (11 nodes)
22:06:25.691898 [info ]: Started seed public.fact_activity
22:06:25.691915 [debug]: Started rendering seed public.fact_activity
22:06:25.691948 [info ]: Started seed public.dim_game
22:06:25.691962 [debug]: Started rendering seed public.dim_game
22:06:25.691971 [info ]: Started seed public.dim_currency
22:06:25.691986 [debug]: Started rendering seed public.dim_currency
22:06:25.691996 [info ]: Started model public_gold.gl_game
22:06:25.692232 [debug]: Started rendering model public_gold.gl_game
22:06:25.692260 [info ]: Started model public_silver.slv_dim_game
22:06:25.692270 [debug]: Started rendering model public_silver.slv_dim_game
22:06:25.692290 [info ]: Started model public_gold.gl_activity
22:06:25.692309 [debug]: Started rendering model public_gold.gl_activity
22:06:25.692320 [info ]: Started model public_silver.slv_fact_activity
22:06:25.692327 [debug]: Started rendering model public_silver.slv_fact_activity
22:06:25.692336 [info ]: Started model public_silver.slv_dim_currency
22:06:25.692340 [debug]: Started rendering model public_silver.slv_dim_currency
22:06:25.692349 [info ]: Started model public_bronze.br_fact_activity
22:06:25.692352 [debug]: Started rendering model public_bronze.br_fact_activity
22:06:25.692358 [info ]: Started model public_bronze.br_dim_game
22:06:25.692373 [debug]: Started rendering model public_bronze.br_dim_game
22:06:25.692384 [info ]: Started model public_bronze.br_dim_currency
22:06:25.692391 [debug]: Started rendering model public_bronze.br_dim_currency
22:06:25.693437 [debug]: Compiled SQL for node model.casino_games_models.slv_fact_activity at target\.lsp\compiled\casino_games_models\models\silver\slv_fact_activity.sql
22:06:25.693454 [debug]: Compiled SQL for node model.casino_games_models.slv_dim_currency at target\.lsp\compiled\casino_games_models\models\silver\slv_dim_currency.sql
22:06:25.693495 [debug]: Compiled SQL for node model.casino_games_models.gl_activity at target\.lsp\compiled\casino_games_models\models\gold\gl_activity.sql
22:06:25.693520 [debug]: Compiled SQL for node model.casino_games_models.br_fact_activity at target\.lsp\compiled\casino_games_models\models\bronze\br_fact_activity.sql
22:06:25.693637 [debug]: Compiled SQL for node model.casino_games_models.gl_game at target\.lsp\compiled\casino_games_models\models\gold\gl_game.sql
22:06:25.693661 [debug]: Compiled SQL for node model.casino_games_models.br_dim_currency at target\.lsp\compiled\casino_games_models\models\bronze\br_dim_currency.sql
22:06:25.693750 [info ]: Started analyzing (8 nodes)
22:06:25.693752 [debug]: Finished rendering [  0.00s] model public_silver.slv_fact_activity [success]
22:06:25.693780 [debug]: Started analyzing model public_silver.slv_fact_activity
22:06:25.693821 [debug]: Finished rendering [  0.00s] model public_silver.slv_dim_currency [success]
22:06:25.693859 [debug]: Started analyzing model public_silver.slv_dim_currency
22:06:25.693910 [debug]: Finished rendering [  0.00s] model public_gold.gl_activity [success]
22:06:25.693935 [debug]: Started analyzing model public_gold.gl_activity
22:06:25.693968 [debug]: Finished rendering [  0.00s] seed public.dim_currency [success]
22:06:25.694067 [debug]: Compiled SQL for node model.casino_games_models.slv_dim_game at target\.lsp\compiled\casino_games_models\models\silver\slv_dim_game.sql
22:06:25.694059 [info ]:  Succeeded [  0.00s] seed  public.dim_currency (table)
22:06:25.694119 [debug]: Finished rendering [  0.00s] seed public.fact_activity [success]
22:06:25.694141 [info ]:  Succeeded [  0.00s] seed  public.fact_activity (table)
22:06:25.694173 [debug]: Finished rendering [  0.00s] model public_bronze.br_fact_activity [success]
22:06:25.694199 [debug]: Started analyzing model public_bronze.br_fact_activity
22:06:25.694321 [debug]: Finished rendering [  0.00s] seed public.dim_game [error]
22:06:25.694344 [info ]:     Failed [  0.00s] seed  public.dim_game (table)
22:06:25.694708 [debug]: Compiled SQL for node model.casino_games_models.br_dim_game at target\.lsp\compiled\casino_games_models\models\bronze\br_dim_game.sql
22:06:25.694750 [debug]: Finished rendering [  0.00s] model public_gold.gl_game [success]
22:06:25.694783 [debug]: Started analyzing model public_gold.gl_game
22:06:25.694838 [debug]: Finished rendering [  0.00s] model public_bronze.br_dim_currency [success]
22:06:25.694864 [debug]: Started analyzing model public_bronze.br_dim_currency
22:06:25.694887 [debug]: Finished rendering [  0.00s] model public_silver.slv_dim_game [success]
22:06:25.694903 [debug]: Started analyzing model public_silver.slv_dim_game
22:06:25.694922 [debug]: Finished analyzing [  0.00s] model public_silver.slv_dim_currency [success]
22:06:25.694936 [info ]:  Succeeded [  0.00s] model public_silver.slv_dim_currency (view)
22:06:25.694962 [debug]: Finished rendering [  0.00s] model public_bronze.br_dim_game [success]
22:06:25.694972 [info ]: Finished rendering [  0.00s] (11 nodes, 0 skipped, 1 errors)
22:06:25.694983 [debug]: Started analyzing model public_bronze.br_dim_game
22:06:25.695149 [debug]: Finished analyzing [  0.00s] model public_bronze.br_dim_currency [success]
22:06:25.695183 [info ]:  Succeeded [  0.00s] model public_bronze.br_dim_currency (view)
22:06:25.695350 [debug]: Finished analyzing [  0.00s] model public_silver.slv_dim_game [success]
22:06:25.695380 [info ]:  Succeeded [  0.00s] model public_silver.slv_dim_game (view)
22:06:25.695556 [debug]: Finished analyzing [  0.00s] model public_bronze.br_fact_activity [success]
22:06:25.695625 [info ]:  Succeeded [  0.00s] model public_bronze.br_fact_activity (view)
22:06:25.695668 [debug]: Finished analyzing [  0.00s] model public_gold.gl_game [success]
22:06:25.695681 [info ]:  Succeeded [  0.00s] model public_gold.gl_game (table)
22:06:25.698405 [debug]: Finished analyzing [  0.00s] model public_bronze.br_dim_game [success]
22:06:25.698418 [info ]:  Succeeded [  0.01s] model public_bronze.br_dim_game (view)
22:06:25.699326 [debug]: Finished analyzing [  0.01s] model public_gold.gl_activity [success]
22:06:25.699349 [info ]:  Succeeded [  0.01s] model public_gold.gl_activity (table)
22:06:25.702327 [debug]: Finished analyzing [  0.01s] model public_silver.slv_fact_activity [success]
22:06:25.702350 [info ]: Finished analyzing [  0.01s] (8 nodes, 0 skipped, 0 errors)
22:06:25.702359 [info ]:  Succeeded [  0.01s] model public_silver.slv_fact_activity (view)
22:06:25.708420 [info ]: Started scheduling
22:06:25.709227 [info ]: Finished scheduling [  0.00s]
22:06:25.709705 [info ]: Cached model count updated: 8 models (accurate)
22:06:25.966976 [debug]: License check failed: Feature not licensed: 'lineage'
22:13:08.993545 [debug]: License check failed: Feature not licensed: 'lineage'
==================== 2026-07-27T12:36:53.387005Z | 00000000-0000-0000-0000-000000000000 ====================
==================== 2026-07-27T12:36:53.388000Z | 85f843fa-d21e-401a-9467-05fd1f29b34e ====================
12:36:53.388211 [info ]: Starting dbt LSP server
12:36:53.388904 [info ]: Connecting to LSP client on port 8000
12:36:53.392110 [info ]: Successfully connected to LSP client
12:36:53.392282 [info ]: Creating LSP service...
12:36:53.403913 [info ]: Creating LSP server...
12:36:53.403932 [info ]: Starting LSP server...
12:36:53.523915 [info ]: Loading ~/.dbt/profiles.yml
12:36:54.328124 [info ]: Started loading project
12:36:54.342235 [info ]: Loading ~/.dbt/profiles.yml
12:36:54.361520 [debug]:    Started loading packages
12:36:54.374199 [debug]:     Loaded [  0.01s] packages
12:36:54.386101 [info ]: Finished loading project [  0.06s]
12:36:54.390370 [info ]: Started parsing
12:36:54.481759 [debug]: Finished parsing models/schema.yml [  0.02s]
12:36:54.483743 [debug]: Finished parsing models/sources.yml [  0.00s]
12:36:54.557786 [debug]: Finished parsing models/bronze/br_dim_currency.sql [  0.03s]
12:36:54.558474 [debug]: Finished parsing models/bronze/br_dim_game.sql [  0.00s]
12:36:54.559138 [debug]: Finished parsing models/bronze/br_fact_activity.sql [  0.00s]
12:36:54.560310 [debug]: Finished parsing models/gold/gl_activity.sql [  0.00s]
12:36:54.561153 [debug]: Finished parsing models/gold/gl_game.sql [  0.00s]
12:36:54.561682 [debug]: Finished parsing models/silver/slv_dim_currency.sql [  0.00s]
12:36:54.562290 [debug]: Finished parsing models/silver/slv_dim_game.sql [  0.00s]
12:36:54.563556 [debug]: Finished parsing models/silver/slv_fact_activity.sql [  0.00s]
12:36:54.576477 [debug]: Finished parsing tests/total_spins_not_zero.sql [  0.00s]
12:36:54.585239 [info ]: Finished parsing [  0.19s]
12:36:54.589764 [info ]: Cached model count updated: 8 models (estimate)
12:36:54.589782 [info ]: Cached model count updated: 8 models (accurate)
12:36:54.592495 [info ]: Started scheduling
12:36:54.602136 [info ]: Finished scheduling [  0.01s]
12:36:54.602556 [debug]: Compilation - 5 nodes selected: {"model.casino_games_models.br_dim_currency", "model.casino_games_models.br_fact_activity", "model.casino_games_models.gl_activity", "model.casino_games_models.slv_dim_currency", "model.casino_games_models.slv_fact_activity"}
12:36:54.603427 [info ]: Started scheduling
12:36:54.603942 [info ]: Finished scheduling [  0.00s]
12:36:54.608097 [debug]: Initializing schema store with entry: Frontier(CanonicalFqn { catalog: "CASINO_GAMES_DB", schema: "RAW", table: "RAW_DIM_GAME" }) and interval: None
12:36:54.608934 [debug]: Initializing schema store with entry: Frontier(CanonicalFqn { catalog: "CASINO_GAMES_DB", schema: "RAW", table: "RAW_FACT_ACTIVITY" }) and interval: None
12:36:54.608967 [debug]: Initializing schema store with entry: Frontier(CanonicalFqn { catalog: "CASINO_GAMES_DB", schema: "RAW", table: "RAW_DIM_CURRENCY" }) and interval: None
12:36:54.623499 [debug]: No platform credentials found, skipping remote license
12:36:55.177748 [debug]: License loaded from file C:\Users\phikh\.dbt\license.trial
12:36:55.574182 [info ]: Started building task graph
12:36:55.662240 [info ]: Finished building task graph [  0.09s]
12:36:55.818220 [info ]: Started rendering (5 nodes)
12:36:55.821061 [info ]: Started model GOLD.gl_activity
12:36:55.821677 [debug]: Started rendering model GOLD.gl_activity
12:36:55.821944 [info ]: Started model SILVER.slv_fact_activity
12:36:55.821958 [debug]: Started rendering model SILVER.slv_fact_activity
12:36:55.822432 [info ]: Started model SILVER.slv_dim_currency
12:36:55.822454 [debug]: Started rendering model SILVER.slv_dim_currency
12:36:55.822477 [info ]: Started model BRONZE.br_fact_activity
12:36:55.822486 [debug]: Started rendering model BRONZE.br_fact_activity
12:36:55.822499 [info ]: Started model BRONZE.br_dim_currency
12:36:55.822508 [debug]: Started rendering model BRONZE.br_dim_currency
12:36:55.844431 [debug]: Compiled SQL for node model.casino_games_models.gl_activity at target\.lsp\compiled\casino_games_models\models\gold\gl_activity.sql
12:36:55.844426 [debug]: Compiled SQL for node model.casino_games_models.slv_dim_currency at target\.lsp\compiled\casino_games_models\models\silver\slv_dim_currency.sql
12:36:55.844426 [debug]: Compiled SQL for node model.casino_games_models.br_fact_activity at target\.lsp\compiled\casino_games_models\models\bronze\br_fact_activity.sql
12:36:55.844426 [debug]: Compiled SQL for node model.casino_games_models.br_dim_currency at target\.lsp\compiled\casino_games_models\models\bronze\br_dim_currency.sql
12:36:55.844423 [debug]: Compiled SQL for node model.casino_games_models.slv_fact_activity at target\.lsp\compiled\casino_games_models\models\silver\slv_fact_activity.sql
12:36:55.850863 [debug]: Finished rendering [  0.03s] model SILVER.slv_dim_currency [success]
12:36:55.853191 [info ]: Started analyzing (5 nodes)
12:36:55.853224 [debug]: Started analyzing model SILVER.slv_dim_currency
12:36:55.853906 [debug]: Finished rendering [  0.03s] model BRONZE.br_dim_currency [success]
12:36:55.853934 [debug]: Started analyzing model BRONZE.br_dim_currency
12:36:55.853952 [debug]: Finished rendering [  0.03s] model GOLD.gl_activity [success]
12:36:55.853965 [debug]: Started analyzing model GOLD.gl_activity
12:36:55.853986 [debug]: Finished rendering [  0.03s] model BRONZE.br_fact_activity [success]
12:36:55.854016 [debug]: Started analyzing model BRONZE.br_fact_activity
12:36:55.854035 [debug]: Finished rendering [  0.03s] model SILVER.slv_fact_activity [success]
12:36:55.854055 [info ]: Finished rendering [  0.04s] (5 nodes, 0 skipped, 0 errors)
12:36:55.854661 [debug]: Started analyzing model SILVER.slv_fact_activity
12:36:55.930161 [debug]: Finished analyzing [  0.08s] model BRONZE.br_dim_currency [success]
12:36:55.930208 [info ]:  Succeeded [  0.11s] model BRONZE.br_dim_currency (view)
12:36:55.931136 [debug]: Finished analyzing [  0.08s] model BRONZE.br_fact_activity [success]
12:36:55.931162 [info ]:  Succeeded [  0.11s] model BRONZE.br_fact_activity (view)
12:36:55.931773 [debug]: Finished analyzing [  0.08s] model SILVER.slv_dim_currency [success]
12:36:55.931793 [info ]:  Succeeded [  0.11s] model SILVER.slv_dim_currency (view)
12:36:55.935689 [debug]: Finished analyzing [  0.08s] model GOLD.gl_activity [success]
12:36:55.935715 [info ]:  Succeeded [  0.11s] model GOLD.gl_activity (table)
12:36:55.951081 [debug]: Finished analyzing [  0.10s] model SILVER.slv_fact_activity [success]
12:36:55.951161 [info ]: Finished analyzing [  0.10s] (5 nodes, 0 skipped, 0 errors)
12:36:55.951195 [info ]:  Succeeded [  0.13s] model SILVER.slv_fact_activity (view)
12:36:55.985865 [info ]: Started scheduling
12:36:55.985935 [info ]: Finished scheduling [  0.00s]
12:36:55.989916 [info ]: Cached model count updated: 8 models (accurate)
12:36:57.652166 [info ]: Started loading project
12:36:57.653066 [info ]: Loading ~/.dbt/profiles.yml
12:36:57.706314 [info ]: Cached model count updated: 8 models (estimate)
12:36:57.706338 [info ]: Cached model count updated: 8 models (accurate)
12:36:57.706370 [info ]: Started scheduling
12:36:57.706491 [info ]: Finished scheduling [  0.00s]
12:36:57.706512 [debug]: Compilation - 11 nodes selected: {"model.casino_games_models.br_dim_currency", "model.casino_games_models.br_dim_game", "model.casino_games_models.br_fact_activity", "model.casino_games_models.gl_activity", "model.casino_games_models.gl_game", "model.casino_games_models.slv_dim_currency", "model.casino_games_models.slv_dim_game", "model.casino_games_models.slv_fact_activity", "seed.casino_games_models.dim_currency", "seed.casino_games_models.dim_game", "seed.casino_games_models.fact_activity"}
12:36:57.714519 [info ]: Started building task graph
12:36:57.714647 [info ]: Finished building task graph [  0.00s]
12:36:57.714951 [info ]: Finished loading project [  0.06s]
12:36:57.883573 [error]: Arrow error: Csv error: incorrect number of fields for line 3, expected 1 got 2
12:36:58.646498 [info ]: Started rendering (11 nodes)
12:36:58.646577 [info ]: Started seed public.fact_activity
12:36:58.646601 [debug]: Started rendering seed public.fact_activity
12:36:58.646662 [info ]: Started seed public.dim_game
12:36:58.646678 [debug]: Started rendering seed public.dim_game
12:36:58.646702 [info ]: Started seed public.dim_currency
12:36:58.646725 [debug]: Started rendering seed public.dim_currency
12:36:58.646752 [info ]: Started model GOLD.gl_game
12:36:58.646770 [debug]: Started rendering model GOLD.gl_game
12:36:58.646800 [info ]: Started model SILVER.slv_dim_game
12:36:58.646819 [debug]: Started rendering model SILVER.slv_dim_game
12:36:58.646840 [info ]: Started model GOLD.gl_activity
12:36:58.646853 [debug]: Started rendering model GOLD.gl_activity
12:36:58.646871 [info ]: Started model SILVER.slv_fact_activity
12:36:58.646879 [debug]: Started rendering model SILVER.slv_fact_activity
12:36:58.646894 [info ]: Started model SILVER.slv_dim_currency
12:36:58.646906 [debug]: Started rendering model SILVER.slv_dim_currency
12:36:58.646930 [info ]: Started model BRONZE.br_fact_activity
12:36:58.646939 [debug]: Started rendering model BRONZE.br_fact_activity
12:36:58.646953 [info ]: Started model BRONZE.br_dim_game
12:36:58.646982 [debug]: Started rendering model BRONZE.br_dim_game
12:36:58.647031 [info ]: Started model BRONZE.br_dim_currency
12:36:58.647052 [debug]: Started rendering model BRONZE.br_dim_currency
12:36:58.648005 [debug]: Finished rendering [  0.00s] seed public.dim_game [error]
12:36:58.648048 [info ]:     Failed [  0.00s] seed  public.dim_game (table)
12:36:58.648997 [debug]: Finished rendering [  0.00s] seed public.dim_currency [success]
12:36:58.649034 [info ]:  Succeeded [  0.00s] seed  public.dim_currency (table)
12:36:58.649069 [debug]: Finished rendering [  0.00s] seed public.fact_activity [success]
12:36:58.649090 [info ]:  Succeeded [  0.00s] seed  public.fact_activity (table)
12:36:58.650621 [debug]: Compiled SQL for node model.casino_games_models.slv_dim_currency at target\.lsp\compiled\casino_games_models\models\silver\slv_dim_currency.sql
12:36:58.650616 [debug]: Compiled SQL for node model.casino_games_models.br_dim_currency at target\.lsp\compiled\casino_games_models\models\bronze\br_dim_currency.sql
12:36:58.650624 [debug]: Compiled SQL for node model.casino_games_models.slv_fact_activity at target\.lsp\compiled\casino_games_models\models\silver\slv_fact_activity.sql
12:36:58.650659 [debug]: Compiled SQL for node model.casino_games_models.gl_activity at target\.lsp\compiled\casino_games_models\models\gold\gl_activity.sql
12:36:58.650673 [debug]: Compiled SQL for node model.casino_games_models.slv_dim_game at target\.lsp\compiled\casino_games_models\models\silver\slv_dim_game.sql
12:36:58.650775 [debug]: Finished rendering [  0.00s] model SILVER.slv_dim_currency [success]
12:36:58.650801 [debug]: Compiled SQL for node model.casino_games_models.br_fact_activity at target\.lsp\compiled\casino_games_models\models\bronze\br_fact_activity.sql
12:36:58.650875 [info ]: Started analyzing (8 nodes)
12:36:58.650916 [debug]: Started analyzing model SILVER.slv_dim_currency
12:36:58.650992 [debug]: Finished rendering [  0.00s] model BRONZE.br_dim_currency [success]
12:36:58.651033 [debug]: Started analyzing model BRONZE.br_dim_currency
12:36:58.651212 [debug]: Compiled SQL for node model.casino_games_models.br_dim_game at target\.lsp\compiled\casino_games_models\models\bronze\br_dim_game.sql
12:36:58.651240 [debug]: Compiled SQL for node model.casino_games_models.gl_game at target\.lsp\compiled\casino_games_models\models\gold\gl_game.sql
12:36:58.651080 [debug]: Finished rendering [  0.00s] model SILVER.slv_fact_activity [success]
12:36:58.651429 [debug]: Started analyzing model SILVER.slv_fact_activity
12:36:58.651475 [debug]: Finished rendering [  0.00s] model GOLD.gl_activity [success]
12:36:58.651505 [debug]: Started analyzing model GOLD.gl_activity
12:36:58.651536 [debug]: Finished rendering [  0.00s] model BRONZE.br_fact_activity [success]
12:36:58.651559 [debug]: Started analyzing model BRONZE.br_fact_activity
12:36:58.651584 [debug]: Finished rendering [  0.00s] model SILVER.slv_dim_game [success]
12:36:58.651603 [debug]: Started analyzing model SILVER.slv_dim_game
12:36:58.651631 [debug]: Finished rendering [  0.00s] model BRONZE.br_dim_game [success]
12:36:58.651653 [debug]: Started analyzing model BRONZE.br_dim_game
12:36:58.651677 [debug]: Finished analyzing [  0.00s] model BRONZE.br_dim_currency [success]
12:36:58.651695 [info ]:  Succeeded [  0.00s] model BRONZE.br_dim_currency (view)
12:36:58.651725 [debug]: Finished rendering [  0.00s] model GOLD.gl_game [success]
12:36:58.651755 [info ]: Finished rendering [  0.01s] (11 nodes, 0 skipped, 1 errors)
12:36:58.651799 [debug]: Started analyzing model GOLD.gl_game
12:36:58.651843 [debug]: Finished analyzing [  0.00s] model SILVER.slv_dim_currency [success]
12:36:58.651865 [info ]:  Succeeded [  0.00s] model SILVER.slv_dim_currency (view)
12:36:58.651892 [debug]: Finished analyzing [  0.00s] model BRONZE.br_fact_activity [success]
12:36:58.651903 [info ]:  Succeeded [  0.00s] model BRONZE.br_fact_activity (view)
12:36:58.651930 [debug]: Finished analyzing [  0.00s] model BRONZE.br_dim_game [success]
12:36:58.651938 [info ]:  Succeeded [  0.00s] model BRONZE.br_dim_game (view)
12:36:58.652293 [debug]: Finished analyzing [  0.00s] model GOLD.gl_game [success]
12:36:58.652331 [info ]:  Succeeded [  0.00s] model GOLD.gl_game (table)
12:36:58.653560 [debug]: Finished analyzing [  0.00s] model GOLD.gl_activity [success]
12:36:58.653603 [info ]:  Succeeded [  0.01s] model GOLD.gl_activity (table)
12:36:58.653778 [debug]: Finished analyzing [  0.00s] model SILVER.slv_dim_game [success]
12:36:58.653805 [info ]:  Succeeded [  0.01s] model SILVER.slv_dim_game (view)
12:36:58.656808 [debug]: Finished analyzing [  0.01s] model SILVER.slv_fact_activity [success]
12:36:58.656857 [info ]: Finished analyzing [  0.01s] (8 nodes, 0 skipped, 0 errors)
12:36:58.656905 [info ]:  Succeeded [  0.01s] model SILVER.slv_fact_activity (view)
12:36:58.663153 [info ]: Started scheduling
12:36:58.663332 [info ]: Finished scheduling [  0.00s]
12:36:58.664533 [info ]: Cached model count updated: 8 models (accurate)
